--TABLA ACTIVIDAD
INSERT INTO actividad (actividad_id, descripcion) VALUES (1,'Agricultura');
INSERT INTO actividad (actividad_id, descripcion) VALUES (2,'Ganaderia');
INSERT INTO actividad (actividad_id, descripcion) VALUES (3,'Comercio');
INSERT INTO actividad (actividad_id, descripcion) VALUES (4,'Venta Bienes,');
INSERT INTO actividad (actividad_id, descripcion) VALUES (5,'Pesca');
INSERT INTO actividad (actividad_id, descripcion) VALUES (6,'Caza');
INSERT INTO actividad (actividad_id, descripcion) VALUES (7,'Reventa');
--TABLA PAIS
insert into pais (pais_id, clave, nombre) values (1, 'ID', 'Indonesia');
insert into pais (pais_id, clave, nombre) values (2, 'SE', 'Sweden');
insert into pais (pais_id, clave, nombre) values (3, 'US', 'United States');
insert into pais (pais_id, clave, nombre) values (4, 'TH', 'Thailand');
insert into pais (pais_id, clave, nombre) values (5, 'CU', 'Cuba');
insert into pais (pais_id, clave, nombre) values (6, 'ES', 'Spain');
insert into pais (pais_id, clave, nombre) values (7, 'RU', 'Russia');
insert into pais (pais_id, clave, nombre) values (8, 'PL', 'Poland');
insert into pais (pais_id, clave, nombre) values (9, 'FR', 'France');
insert into pais (pais_id, clave, nombre) values (10, 'UA', 'Ukraine');
insert into pais (pais_id, clave, nombre) values (11, 'CO', 'Colombia');
insert into pais (pais_id, clave, nombre) values (12, 'PT', 'Portugal');
insert into pais (pais_id, clave, nombre) values (13, 'FI', 'Finland');
insert into pais (pais_id, clave, nombre) values (14, 'BR', 'Brazil');
insert into pais (pais_id, clave, nombre) values (15, 'AR', 'Argentina');
insert into pais (pais_id, clave, nombre) values (16, 'UZ', 'Uzbekistan');
insert into pais (pais_id, clave, nombre) values (17, 'PH', 'Philippines');
insert into pais (pais_id, clave, nombre) values (18, 'CN', 'China');
insert into pais (pais_id, clave, nombre) values (19, 'VN', 'Vietnam');
insert into pais (pais_id, clave, nombre) values (20, 'KZ', 'Kazakhstan');
--TABLA COMPRADOR
insert into comprador (comprador_id, nombre, apellido_paterno, apellido_materno, correo_electronico, resenia, rfc, direccion, pais_id) values (1, 'Leah', 'Rhelton', 'Buddell', 'lbuddell0@nasa.gov', 'implement synergistic convergence', '863-99-9888', '7660 Jana Alley', 12);
insert into comprador (comprador_id, nombre, apellido_paterno, apellido_materno, correo_electronico, resenia, rfc, direccion, pais_id) values (2, 'Leonore', 'Cranch', 'Shaylor', 'lshaylor1@unesco.org', 'transform user-centric partnerships', '509-22-0997', '870 Grover Way', 8);
insert into comprador (comprador_id, nombre, apellido_paterno, apellido_materno, correo_electronico, resenia, rfc, direccion, pais_id) values (3, 'Lorry', 'Gately', 'Olrenshaw', 'lolrenshaw2@sfgate.com', 'target dot-com paradigms', '366-09-0794', '88 Farmco Trail', 9);
insert into comprador (comprador_id, nombre, apellido_paterno, apellido_materno, correo_electronico, resenia, rfc, direccion, pais_id) values (4, 'Lizette', 'Gooke', 'Alberts', 'lalberts3@feedburner.com', 'optimize distributed action-items', '853-68-1634', '5776 Kenwood Hill', 12);
insert into comprador (comprador_id, nombre, apellido_paterno, apellido_materno, correo_electronico, resenia, rfc, direccion, pais_id) values (5, 'Zabrina', 'Sarvar', null, 'zmuldownie4@facebook.com', 'target 24/365 e-services', '641-85-2118', '32 Maywood Road', 4);
insert into comprador (comprador_id, nombre, apellido_paterno, apellido_materno, correo_electronico, resenia, rfc, direccion, pais_id) values (6, 'Zerk', 'Chaston', 'Hoyes', 'zhoyes5@sitemeter.com', 'incentivize efficient deliverables', '130-88-6799', '397 Paget Road', 17);
insert into comprador (comprador_id, nombre, apellido_paterno, apellido_materno, correo_electronico, resenia, rfc, direccion, pais_id) values (7, 'Aveline', 'Cotton', 'Sarten', 'asarten6@about.me', 'evolve robust bandwidth', '700-91-9677', '481 Vermont Pass', 8);
insert into comprador (comprador_id, nombre, apellido_paterno, apellido_materno, correo_electronico, resenia, rfc, direccion, pais_id) values (8, 'Robbyn', 'Ridesdale', 'Mattioni', 'rmattioni7@netscape.com', 'synthesize cross-platform infomediaries', '645-59-6370', '4296 Twin Pines Park', 6);
insert into comprador (comprador_id, nombre, apellido_paterno, apellido_materno, correo_electronico, resenia, rfc, direccion, pais_id) values (9, 'Dayna', 'Philcox', 'Stonhouse', 'dstonhouse8@icq.com', 'exploit customized e-commerce', '789-28-6757', '6 Northfield Crossing', 20);
insert into comprador (comprador_id, nombre, apellido_paterno, apellido_materno, correo_electronico, resenia, rfc, direccion, pais_id) values (10, 'Lucienne', 'Janic', 'Clapston', 'lclapston9@csmonitor.com', 'syndicate sticky action-items', '577-16-9263', '958 Westend Terrace', 9);
insert into comprador (comprador_id, nombre, apellido_paterno, apellido_materno, correo_electronico, resenia, rfc, direccion, pais_id) values (11, 'Rodney', 'Calcott', 'Dene', 'rdenea@webmd.com', 'expedite transparent e-markets', '733-88-8671', '5 Prairieview Court', 2);
insert into comprador (comprador_id, nombre, apellido_paterno, apellido_materno, correo_electronico, resenia, rfc, direccion, pais_id) values (12, 'Annabella', 'Hamby', 'Minister', 'aministerb@imdb.com', 'synergize next-generation applications', '627-54-7050', '5418 Katie Road', 8);
insert into comprador (comprador_id, nombre, apellido_paterno, apellido_materno, correo_electronico, resenia, rfc, direccion, pais_id) values (13, 'Erinn', 'Gowman', 'Durtnel', 'edurtnelc@constantcontact.com', 'enhance transparent bandwidth', '814-89-2379', '7495 Lakeland Alley', 3);
insert into comprador (comprador_id, nombre, apellido_paterno, apellido_materno, correo_electronico, resenia, rfc, direccion, pais_id) values (14, 'Tomasina', 'Ferreres', 'Pamment', 'tpammentd@nymag.com', 'exploit web-enabled channels', '782-24-0252', '3601 Lyons Trail', 1);
insert into comprador (comprador_id, nombre, apellido_paterno, apellido_materno, correo_electronico, resenia, rfc, direccion, pais_id) values (15, 'Francois', 'Etteridge', 'Berkery', 'fberkerye@mail.ru', 'benchmark frictionless mindshare', '604-38-4667', '2 Northland Crossing', 20);
insert into comprador (comprador_id, nombre, apellido_paterno, apellido_materno, correo_electronico, resenia, rfc, direccion, pais_id) values (16, 'Mariellen', 'Gouck', 'Gaythorpe', 'mgaythorpef@phoca.cz', 'repurpose collaborative e-services', '362-84-9773', '4567 Sherman Junction', 7);
insert into comprador (comprador_id, nombre, apellido_paterno, apellido_materno, correo_electronico, resenia, rfc, direccion, pais_id) values (17, 'Brande', 'Torrecilla', 'Bourtoumieux', 'bbourtoumieuxg@businesswire.com', 'reinvent seamless systems', '701-55-9294', '5 Eagan Drive', 8);
insert into comprador (comprador_id, nombre, apellido_paterno, apellido_materno, correo_electronico, resenia, rfc, direccion, pais_id) values (18, 'Putnam', 'Tarry', 'Leban', 'plebanh@dell.com', 'enable B2C platforms', '791-21-2382', '34 Marquette Center', 5);
insert into comprador (comprador_id, nombre, apellido_paterno, apellido_materno, correo_electronico, resenia, rfc, direccion, pais_id) values (19, 'Jilly', 'Kempson', 'Josef', 'jjosefi@netvibes.com', 'drive wireless deliverables', '438-06-2570', '5314 Hanover Street', 16);
insert into comprador (comprador_id, nombre, apellido_paterno, apellido_materno, correo_electronico, resenia, rfc, direccion, pais_id) values (20, 'Noami', 'Fattori', 'Fitzsimmons', 'nfitzsimmonsj@fastcompany.com', 'implement killer mindshare', '722-17-1045', '50281 Sloan Place', 6);
insert into comprador (comprador_id, nombre, apellido_paterno, apellido_materno, correo_electronico, resenia, rfc, direccion, pais_id) values (21, 'Alasteir', 'Pedroni', 'Bairstow', 'abairstowk@google.pl', 'repurpose cross-media synergies', '646-46-4396', '02459 Gale Place', 2);
insert into comprador (comprador_id, nombre, apellido_paterno, apellido_materno, correo_electronico, resenia, rfc, direccion, pais_id) values (22, 'Delmer', 'Ketts', 'Belsher', 'dbelsherl@livejournal.com', 'brand leading-edge functionalities', '301-83-5865', '27 Aberg Plaza', 15);
insert into comprador (comprador_id, nombre, apellido_paterno, apellido_materno, correo_electronico, resenia, rfc, direccion, pais_id) values (23, 'Regina', 'Cambling', 'Dunnett', 'rdunnettm@angelfire.com', 'visualize mission-critical experiences', '627-07-1712', '71 Prairie Rose Hill', 19);
insert into comprador (comprador_id, nombre, apellido_paterno, apellido_materno, correo_electronico, resenia, rfc, direccion, pais_id) values (24, 'Inigo', 'Swainsbury', 'Caulket', 'icaulketn@kickstarter.com', 'target interactive e-tailers', '886-15-0304', '3277 Granby Circle', 5);
insert into comprador (comprador_id, nombre, apellido_paterno, apellido_materno, correo_electronico, resenia, rfc, direccion, pais_id) values (25, 'Lesly', 'Duester', 'Pethybridge', 'lpethybridgeo@nsw.gov.au', 'productize front-end initiatives', '574-41-8083', '8 Service Point', 10);
insert into comprador (comprador_id, nombre, apellido_paterno, apellido_materno, correo_electronico, resenia, rfc, direccion, pais_id) values (26, 'Pauly', 'Bernardeschi', 'Lightowlers', 'plightowlersp@ifeng.com', 'exploit B2B channels', '581-17-8504', '02 Ruskin Trail', 9);
insert into comprador (comprador_id, nombre, apellido_paterno, apellido_materno, correo_electronico, resenia, rfc, direccion, pais_id) values (27, 'Darrin', 'Oldknowe', 'Parley', 'dparleyq@flickr.com', 'expedite seamless models', '360-75-1527', '93 Sunnyside Avenue', 16);
insert into comprador (comprador_id, nombre, apellido_paterno, apellido_materno, correo_electronico, resenia, rfc, direccion, pais_id) values (28, 'Iggy', 'Van Oort', null, 'irattryr@businesswire.com', 'whiteboard cutting-edge web-readiness', '290-51-1659', '114 Bunting Trail', 11);
insert into comprador (comprador_id, nombre, apellido_paterno, apellido_materno, correo_electronico, resenia, rfc, direccion, pais_id) values (29, 'Gillie', 'Lorens', 'Hedde', 'gheddes@diigo.com', 'empower ubiquitous e-markets', '561-05-1439', '32 Burrows Road', 13);
insert into comprador (comprador_id, nombre, apellido_paterno, apellido_materno, correo_electronico, resenia, rfc, direccion, pais_id) values (30, 'Cletus', 'Lauret', null, 'clamzedt@sohu.com', 'transition viral users', '811-45-5250', '7 Montana Way', 11);
insert into comprador (comprador_id, nombre, apellido_paterno, apellido_materno, correo_electronico, resenia, rfc, direccion, pais_id) values (31, 'Jemimah', 'Stothart', 'Mallows', 'jmallowsu@ehow.com', 'incentivize B2B infrastructures', '196-69-1007', '10 Corscot Center', 16);
insert into comprador (comprador_id, nombre, apellido_paterno, apellido_materno, correo_electronico, resenia, rfc, direccion, pais_id) values (32, 'Keir', 'Skillen', 'Cromley', 'kcromleyv@amazonaws.com', 'aggregate sexy e-tailers', '689-35-7556', '8891 Mcguire Pass', 8);
insert into comprador (comprador_id, nombre, apellido_paterno, apellido_materno, correo_electronico, resenia, rfc, direccion, pais_id) values (33, 'Sarine', 'Gurner', 'Summerbell', 'ssummerbellw@usnews.com', 'enable synergistic e-commerce', '290-47-7169', '01 Rutledge Street', 2);
insert into comprador (comprador_id, nombre, apellido_paterno, apellido_materno, correo_electronico, resenia, rfc, direccion, pais_id) values (34, 'Cary', 'Dummigan', null, 'clarmourx@macromedia.com', 'unleash compelling e-tailers', '659-18-4920', '668 Waxwing Alley', 9);
insert into comprador (comprador_id, nombre, apellido_paterno, apellido_materno, correo_electronico, resenia, rfc, direccion, pais_id) values (35, 'Kariotta', 'Bertholin', null, 'kkennety@stanford.edu', 'empower intuitive relationships', '762-12-0930', '682 Crownhardt Alley', 20);
insert into comprador (comprador_id, nombre, apellido_paterno, apellido_materno, correo_electronico, resenia, rfc, direccion, pais_id) values (36, 'Tam', 'Bennen', 'Hembery', 'themberyz@go.com', 'benchmark best-of-breed interfaces', '488-02-5558', '85938 Meadow Valley Hill', 17);
insert into comprador (comprador_id, nombre, apellido_paterno, apellido_materno, correo_electronico, resenia, rfc, direccion, pais_id) values (37, 'Jody', 'Byrth', 'Dalziell', 'jdalziell10@meetup.com', 'enable scalable relationships', '728-18-0842', '54 Manufacturers Way', 8);
insert into comprador (comprador_id, nombre, apellido_paterno, apellido_materno, correo_electronico, resenia, rfc, direccion, pais_id) values (38, 'Germain', 'Fishlock', 'Janning', 'gjanning11@de.vu', 'deliver cutting-edge paradigms', '728-03-6841', '2 Maywood Center', 11);
insert into comprador (comprador_id, nombre, apellido_paterno, apellido_materno, correo_electronico, resenia, rfc, direccion, pais_id) values (39, 'Rochell', 'Skures', 'Eykel', 'reykel12@smugmug.com', 'incentivize viral niches', '553-74-8413', '647 Namekagon Center', 5);
insert into comprador (comprador_id, nombre, apellido_paterno, apellido_materno, correo_electronico, resenia, rfc, direccion, pais_id) values (40, 'Eliot', 'Longthorne', 'Mileham', 'emileham13@icio.us', 'benchmark cutting-edge relationships', '164-79-1335', '34 Katie Street', 7);
insert into comprador (comprador_id, nombre, apellido_paterno, apellido_materno, correo_electronico, resenia, rfc, direccion, pais_id) values (41, 'Ottilie', 'Beckford', 'Tomich', 'otomich14@newyorker.com', 'productize proactive synergies', '107-93-5972', '89737 Kennedy Road', 14);
insert into comprador (comprador_id, nombre, apellido_paterno, apellido_materno, correo_electronico, resenia, rfc, direccion, pais_id) values (42, 'Horacio', 'Churm', 'Perrat', 'hperrat15@buzzfeed.com', 'architect strategic e-markets', '862-23-2730', '121 Ludington Terrace', 1);
insert into comprador (comprador_id, nombre, apellido_paterno, apellido_materno, correo_electronico, resenia, rfc, direccion, pais_id) values (43, 'Lula', 'Reinmar', 'Provis', 'lprovis16@drupal.org', 'exploit compelling architectures', '129-77-2907', '49730 Surrey Alley', 3);
insert into comprador (comprador_id, nombre, apellido_paterno, apellido_materno, correo_electronico, resenia, rfc, direccion, pais_id) values (44, 'Zechariah', 'Ganders', 'Buten', 'zbuten17@artisteer.com', 'disintermediate customized metrics', '787-83-9665', '064 Calypso Alley', 1);
insert into comprador (comprador_id, nombre, apellido_paterno, apellido_materno, correo_electronico, resenia, rfc, direccion, pais_id) values (45, 'Carmina', 'Birkin', 'Lamond', 'clamond18@blogtalkradio.com', 'integrate impactful e-markets', '408-09-5655', '88 Westport Lane', 7);
insert into comprador (comprador_id, nombre, apellido_paterno, apellido_materno, correo_electronico, resenia, rfc, direccion, pais_id) values (46, 'Melina', 'Spilisy', null, 'mmazin19@studiopress.com', 'enable compelling supply-chains', '500-21-8823', '4157 Brickson Park Park', 4);
insert into comprador (comprador_id, nombre, apellido_paterno, apellido_materno, correo_electronico, resenia, rfc, direccion, pais_id) values (47, 'Rockey', 'Preshous', 'Scase', 'rscase1a@google.com.br', 'visualize B2B convergence', '380-95-0753', '2263 Menomonie Road', 19);
insert into comprador (comprador_id, nombre, apellido_paterno, apellido_materno, correo_electronico, resenia, rfc, direccion, pais_id) values (48, 'Harriott', 'Frotton', 'Digby', 'hdigby1b@intel.com', 'benchmark next-generation platforms', '822-67-0240', '3587 Tennyson Park', 3);
insert into comprador (comprador_id, nombre, apellido_paterno, apellido_materno, correo_electronico, resenia, rfc, direccion, pais_id) values (49, 'Robb', 'Dawks', 'Ventam', 'rventam1c@time.com', 'deploy strategic ROI', '277-21-3758', '32 Maryland Lane', 6);
insert into comprador (comprador_id, nombre, apellido_paterno, apellido_materno, correo_electronico, resenia, rfc, direccion, pais_id) values (50, 'Tildy', 'Quail', 'Offer', 'toffer1d@liveinternet.ru', 'reinvent leading-edge action-items', '661-27-3150', '73392 Badeau Lane', 17);
insert into comprador (comprador_id, nombre, apellido_paterno, apellido_materno, correo_electronico, resenia, rfc, direccion, pais_id) values (51, 'Carley', 'Iglesia', 'Greenlees', 'cgreenlees1e@mysql.com', 'reinvent collaborative e-commerce', '889-21-5290', '4421 Summerview Avenue', 6);
insert into comprador (comprador_id, nombre, apellido_paterno, apellido_materno, correo_electronico, resenia, rfc, direccion, pais_id) values (52, 'Pascal', 'Gilley', null, 'pgaliford1f@twitter.com', 'e-enable 24/7 solutions', '715-03-0572', '15 Petterle Court', 1);
insert into comprador (comprador_id, nombre, apellido_paterno, apellido_materno, correo_electronico, resenia, rfc, direccion, pais_id) values (53, 'Marcelo', 'Cobson', 'Dubbin', 'mdubbin1g@home.pl', 'empower scalable infrastructures', '780-51-4717', '786 Spenser Center', 5);
insert into comprador (comprador_id, nombre, apellido_paterno, apellido_materno, correo_electronico, resenia, rfc, direccion, pais_id) values (54, 'Davis', 'Dyter', 'Dunbobin', 'ddunbobin1h@blogger.com', 'transition frictionless e-markets', '229-77-4735', '45371 Delladonna Crossing', 20);
insert into comprador (comprador_id, nombre, apellido_paterno, apellido_materno, correo_electronico, resenia, rfc, direccion, pais_id) values (55, 'Cathee', 'Ferier', 'Cuzen', 'ccuzen1i@photobucket.com', 'streamline bricks-and-clicks action-items', '143-41-8886', '986 Cordelia Crossing', 7);
insert into comprador (comprador_id, nombre, apellido_paterno, apellido_materno, correo_electronico, resenia, rfc, direccion, pais_id) values (56, 'Luis', 'Bootes', 'Scole', 'lscole1j@amazonaws.com', 'target impactful e-tailers', '598-35-4185', '71 Darwin Road', 6);
insert into comprador (comprador_id, nombre, apellido_paterno, apellido_materno, correo_electronico, resenia, rfc, direccion, pais_id) values (57, 'Amye', 'Moreside', 'Goldstraw', 'agoldstraw1k@psu.edu', 'unleash granular technologies', '524-63-5022', '4 Straubel Center', 3);
insert into comprador (comprador_id, nombre, apellido_paterno, apellido_materno, correo_electronico, resenia, rfc, direccion, pais_id) values (58, 'Kingsly', 'Gier', null, 'kdavage1l@usgs.gov', 'engineer impactful functionalities', '377-31-7380', '0 East Lane', 14);
insert into comprador (comprador_id, nombre, apellido_paterno, apellido_materno, correo_electronico, resenia, rfc, direccion, pais_id) values (59, 'Harlen', 'Berthouloume', 'Elstone', 'helstone1m@ifeng.com', 'evolve dynamic architectures', '281-81-3913', '58407 Green Ridge Junction', 19);
insert into comprador (comprador_id, nombre, apellido_paterno, apellido_materno, correo_electronico, resenia, rfc, direccion, pais_id) values (60, 'Enoch', 'Eastwell', 'Clynter', 'eclynter1n@columbia.edu', 'disintermediate real-time synergies', '641-42-6439', '4850 Anzinger Alley', 11);
insert into comprador (comprador_id, nombre, apellido_paterno, apellido_materno, correo_electronico, resenia, rfc, direccion, pais_id) values (61, 'Donall', 'Kaes', 'Floch', 'dfloch1o@g.co', 'transition efficient e-markets', '354-33-0974', '7 Monterey Junction', 14);
insert into comprador (comprador_id, nombre, apellido_paterno, apellido_materno, correo_electronico, resenia, rfc, direccion, pais_id) values (62, 'Fay', 'Hullbrook', null, 'fwarrick1p@dailymail.co.uk', 'benchmark B2C markets', '714-19-4345', '7 Mockingbird Point', 18);
insert into comprador (comprador_id, nombre, apellido_paterno, apellido_materno, correo_electronico, resenia, rfc, direccion, pais_id) values (63, 'Casey', 'Mullan', 'Tanti', 'ctanti1q@123-reg.co.uk', 'implement real-time portals', '474-51-7624', '51 Nevada Trail', 12);
insert into comprador (comprador_id, nombre, apellido_paterno, apellido_materno, correo_electronico, resenia, rfc, direccion, pais_id) values (64, 'Berenice', 'Ducarel', 'Beacroft', 'bbeacroft1r@phoca.cz', 'utilize out-of-the-box e-tailers', '351-86-9710', '1634 Loftsgordon Point', 1);
insert into comprador (comprador_id, nombre, apellido_paterno, apellido_materno, correo_electronico, resenia, rfc, direccion, pais_id) values (65, 'Mariette', 'Pippard', 'Burleton', 'mburleton1s@indiegogo.com', 'disintermediate back-end supply-chains', '635-06-2710', '70 Portage Way', 16);
insert into comprador (comprador_id, nombre, apellido_paterno, apellido_materno, correo_electronico, resenia, rfc, direccion, pais_id) values (66, 'Emalia', 'Klich', 'Soden', 'esoden1t@yellowbook.com', 'incubate customized systems', '880-11-6048', '50 Forster Road', 16);
insert into comprador (comprador_id, nombre, apellido_paterno, apellido_materno, correo_electronico, resenia, rfc, direccion, pais_id) values (67, 'Gloria', 'Rudgard', 'Collidge', 'gcollidge1u@ycombinator.com', 'streamline bricks-and-clicks eyeballs', '159-38-1235', '7 Stuart Crossing', 4);
insert into comprador (comprador_id, nombre, apellido_paterno, apellido_materno, correo_electronico, resenia, rfc, direccion, pais_id) values (68, 'L;urette', 'Clardge', 'Agdahl', 'lagdahl1v@woothemes.com', 'enable extensible platforms', '296-62-0519', '89 Sauthoff Drive', 16);
insert into comprador (comprador_id, nombre, apellido_paterno, apellido_materno, correo_electronico, resenia, rfc, direccion, pais_id) values (69, 'Antonia', 'Dancey', 'Wiffill', 'awiffill1w@buzzfeed.com', 'transform impactful infomediaries', '501-80-5681', '04 Continental Junction', 5);
insert into comprador (comprador_id, nombre, apellido_paterno, apellido_materno, correo_electronico, resenia, rfc, direccion, pais_id) values (70, 'Case', 'Lambdin', 'Gonsalvez', 'cgonsalvez1x@g.co', 'deliver virtual paradigms', '869-95-4275', '9 Florence Alley', 16);
insert into comprador (comprador_id, nombre, apellido_paterno, apellido_materno, correo_electronico, resenia, rfc, direccion, pais_id) values (71, 'Killy', 'Grayne', 'Shewry', 'kshewry1y@bloomberg.com', 'mesh cross-media markets', '560-42-7571', '31066 Talmadge Hill', 13);
insert into comprador (comprador_id, nombre, apellido_paterno, apellido_materno, correo_electronico, resenia, rfc, direccion, pais_id) values (72, 'Web', 'Petigrew', 'Lorent', 'wlorent1z@merriam-webster.com', 'target leading-edge convergence', '831-95-2045', '472 American Park', 3);
insert into comprador (comprador_id, nombre, apellido_paterno, apellido_materno, correo_electronico, resenia, rfc, direccion, pais_id) values (73, 'Becka', 'Boxhall', 'Spaice', 'bspaice20@google.co.uk', 'synergize B2B portals', '133-28-1986', '78589 Rigney Hill', 15);
insert into comprador (comprador_id, nombre, apellido_paterno, apellido_materno, correo_electronico, resenia, rfc, direccion, pais_id) values (74, 'Alyssa', 'Sparhawk', 'Liddicoat', 'aliddicoat21@vk.com', 'revolutionize 24/7 metrics', '886-80-1254', '702 Kedzie Way', 7);
insert into comprador (comprador_id, nombre, apellido_paterno, apellido_materno, correo_electronico, resenia, rfc, direccion, pais_id) values (75, 'Alessandra', 'Losty', 'Clough', 'aclough22@fastcompany.com', 'syndicate dynamic e-markets', '554-66-0329', '31340 Boyd Alley', 3);
insert into comprador (comprador_id, nombre, apellido_paterno, apellido_materno, correo_electronico, resenia, rfc, direccion, pais_id) values (76, 'Thibaut', 'Postgate', 'McGilleghole', 'tmcgilleghole23@netlog.com', 'transition bleeding-edge experiences', '634-85-1097', '9466 Maryland Way', 8);
insert into comprador (comprador_id, nombre, apellido_paterno, apellido_materno, correo_electronico, resenia, rfc, direccion, pais_id) values (77, 'Boyd', 'Ridgedell', 'Cutress', 'bcutress24@slashdot.org', 'enable proactive methodologies', '736-35-7862', '85 Grayhawk Way', 8);
insert into comprador (comprador_id, nombre, apellido_paterno, apellido_materno, correo_electronico, resenia, rfc, direccion, pais_id) values (78, 'Van', 'Woodruffe', 'Tubridy', 'vtubridy25@globo.com', 'deploy efficient platforms', '721-81-9257', '55 Arrowood Crossing', 20);
insert into comprador (comprador_id, nombre, apellido_paterno, apellido_materno, correo_electronico, resenia, rfc, direccion, pais_id) values (79, 'Had', 'Teasey', 'Winham', 'hwinham26@newsvine.com', 'extend frictionless markets', '519-72-1837', '8689 Starling Point', 5);
insert into comprador (comprador_id, nombre, apellido_paterno, apellido_materno, correo_electronico, resenia, rfc, direccion, pais_id) values (80, 'Vaughn', 'Jinkinson', 'Honeywood', 'vhoneywood27@360.cn', 'cultivate bricks-and-clicks ROI', '230-79-2576', '5 Twin Pines Parkway', 4);
insert into comprador (comprador_id, nombre, apellido_paterno, apellido_materno, correo_electronico, resenia, rfc, direccion, pais_id) values (81, 'Aloin', 'Giannazzi', 'Uden', 'auden28@netvibes.com', 'evolve frictionless methodologies', '250-39-7346', '082 Sage Place', 3);
insert into comprador (comprador_id, nombre, apellido_paterno, apellido_materno, correo_electronico, resenia, rfc, direccion, pais_id) values (82, 'Towny', 'Brennan', null, 'tallery29@salon.com', 'repurpose open-source infomediaries', '773-60-8570', '86132 Toban Road', 1);
insert into comprador (comprador_id, nombre, apellido_paterno, apellido_materno, correo_electronico, resenia, rfc, direccion, pais_id) values (83, 'Humphrey', 'Cochet', 'Hamley', 'hhamley2a@networksolutions.com', 'seize efficient paradigms', '399-97-2779', '4 Superior Lane', 13);
insert into comprador (comprador_id, nombre, apellido_paterno, apellido_materno, correo_electronico, resenia, rfc, direccion, pais_id) values (84, 'Raychel', 'Riediger', 'Miklem', 'rmiklem2b@guardian.co.uk', 'expedite impactful portals', '107-48-3138', '5240 Havey Court', 15);
insert into comprador (comprador_id, nombre, apellido_paterno, apellido_materno, correo_electronico, resenia, rfc, direccion, pais_id) values (85, 'Gunilla', 'Hebblewhite', 'Ballinger', 'gballinger2c@examiner.com', 'disintermediate virtual synergies', '197-24-0601', '65953 Northwestern Way', 5);
insert into comprador (comprador_id, nombre, apellido_paterno, apellido_materno, correo_electronico, resenia, rfc, direccion, pais_id) values (86, 'Harlene', 'Tryme', 'Paddick', 'hpaddick2d@theguardian.com', 'incubate best-of-breed systems', '513-81-3970', '99649 Armistice Alley', 4);
insert into comprador (comprador_id, nombre, apellido_paterno, apellido_materno, correo_electronico, resenia, rfc, direccion, pais_id) values (87, 'Augustina', 'Kuhnwald', 'Mullis', 'amullis2e@smugmug.com', 'productize transparent action-items', '254-53-6428', '05 Eagle Crest Crossing', 4);
insert into comprador (comprador_id, nombre, apellido_paterno, apellido_materno, correo_electronico, resenia, rfc, direccion, pais_id) values (88, 'Scarlet', 'Langtry', 'Brandt', 'sbrandt2f@vimeo.com', 'unleash seamless systems', '191-90-7097', '53 Kipling Terrace', 3);
insert into comprador (comprador_id, nombre, apellido_paterno, apellido_materno, correo_electronico, resenia, rfc, direccion, pais_id) values (89, 'Jacklyn', 'Brunn', 'Napleton', 'jnapleton2g@phoca.cz', 'exploit plug-and-play portals', '385-16-4837', '512 Autumn Leaf Plaza', 20);
insert into comprador (comprador_id, nombre, apellido_paterno, apellido_materno, correo_electronico, resenia, rfc, direccion, pais_id) values (90, 'Nobe', 'McKibbin', 'Pinson', 'npinson2h@parallels.com', 'visualize open-source initiatives', '397-38-8486', '402 Center Terrace', 14);
insert into comprador (comprador_id, nombre, apellido_paterno, apellido_materno, correo_electronico, resenia, rfc, direccion, pais_id) values (91, 'Ibrahim', 'Tellett', 'Pykett', 'ipykett2i@wikia.com', 'drive best-of-breed infrastructures', '215-58-1608', '050 Memorial Pass', 20);
insert into comprador (comprador_id, nombre, apellido_paterno, apellido_materno, correo_electronico, resenia, rfc, direccion, pais_id) values (92, 'Giavani', 'Parkhouse', 'Regenhardt', 'gregenhardt2j@huffingtonpost.com', 'transition turn-key web-readiness', '633-42-9532', '7 Hovde Street', 6);
insert into comprador (comprador_id, nombre, apellido_paterno, apellido_materno, correo_electronico, resenia, rfc, direccion, pais_id) values (93, 'Pinchas', 'Warrack', 'Kernaghan', 'pkernaghan2k@yahoo.com', 'generate wireless methodologies', '776-98-7403', '820 Sunnyside Hill', 7);
insert into comprador (comprador_id, nombre, apellido_paterno, apellido_materno, correo_electronico, resenia, rfc, direccion, pais_id) values (94, 'Rubie', 'Seid', 'Gniewosz', 'rgniewosz2l@vimeo.com', 'reintermediate compelling architectures', '859-55-6764', '38613 Fairfield Point', 17);
insert into comprador (comprador_id, nombre, apellido_paterno, apellido_materno, correo_electronico, resenia, rfc, direccion, pais_id) values (95, 'Melodee', 'Streets', 'Spawell', 'mspawell2m@opensource.org', 'reinvent enterprise ROI', '316-79-0353', '876 Arrowood Drive', 2);
insert into comprador (comprador_id, nombre, apellido_paterno, apellido_materno, correo_electronico, resenia, rfc, direccion, pais_id) values (96, 'Natala', 'Ambroise', 'Wawer', 'nwawer2n@bloomberg.com', 'leverage value-added solutions', '560-08-1874', '10 Nancy Hill', 20);
insert into comprador (comprador_id, nombre, apellido_paterno, apellido_materno, correo_electronico, resenia, rfc, direccion, pais_id) values (97, 'Alford', 'Christon', 'Eeles', 'aeeles2o@ox.ac.uk', 'mesh global synergies', '187-56-0741', '253 Crest Line Street', 2);
insert into comprador (comprador_id, nombre, apellido_paterno, apellido_materno, correo_electronico, resenia, rfc, direccion, pais_id) values (98, 'Sean', 'McAlindon', 'Jury', 'sjury2p@hibu.com', 'reintermediate 24/7 initiatives', '406-31-1959', '142 Crescent Oaks Hill', 7);
insert into comprador (comprador_id, nombre, apellido_paterno, apellido_materno, correo_electronico, resenia, rfc, direccion, pais_id) values (99, 'Jamill', 'McLugaish', 'Meaking', 'jmeaking2q@altervista.org', 'target cross-media e-services', '206-30-7235', '880 Prentice Place', 1);
insert into comprador (comprador_id, nombre, apellido_paterno, apellido_materno, correo_electronico, resenia, rfc, direccion, pais_id) values (100, 'Blakeley', 'Mulligan', 'Flaune', 'bflaune2r@live.com', 'synergize impactful networks', '469-80-9096', '84276 Spenser Junction', 2);
insert into comprador (comprador_id, nombre, apellido_paterno, apellido_materno, correo_electronico, resenia, rfc, direccion, pais_id) values (101, 'Dennis', 'Atack', null, 'dfludder2s@walmart.com', 'grow world-class technologies', '449-83-7789', '2 Pine View Crossing', 13);
insert into comprador (comprador_id, nombre, apellido_paterno, apellido_materno, correo_electronico, resenia, rfc, direccion, pais_id) values (102, 'Galvan', 'Alexander', 'O''Bradden', 'gobradden2t@noaa.gov', 'synergize 24/365 niches', '375-22-2745', '4078 Dwight Trail', 2);
insert into comprador (comprador_id, nombre, apellido_paterno, apellido_materno, correo_electronico, resenia, rfc, direccion, pais_id) values (103, 'Lovell', 'Peetermann', 'MacKeever', 'lmackeever2u@berkeley.edu', 'evolve dynamic action-items', '161-48-1390', '518 Melvin Park', 6);
insert into comprador (comprador_id, nombre, apellido_paterno, apellido_materno, correo_electronico, resenia, rfc, direccion, pais_id) values (104, 'Dana', 'McClaren', null, 'dmacrae2v@creativecommons.org', 'incubate next-generation e-markets', '799-47-3301', '51960 Pond Hill', 20);
insert into comprador (comprador_id, nombre, apellido_paterno, apellido_materno, correo_electronico, resenia, rfc, direccion, pais_id) values (105, 'Dominique', 'Cosson', null, 'dashbe2w@army.mil', 'integrate transparent portals', '573-63-5709', '2489 Badeau Street', 1);
insert into comprador (comprador_id, nombre, apellido_paterno, apellido_materno, correo_electronico, resenia, rfc, direccion, pais_id) values (106, 'Casper', 'Beake', 'Rabjohn', 'crabjohn2x@1und1.de', 'integrate revolutionary ROI', '635-98-9182', '8510 Loftsgordon Hill', 1);
insert into comprador (comprador_id, nombre, apellido_paterno, apellido_materno, correo_electronico, resenia, rfc, direccion, pais_id) values (107, 'Vernen', 'Rawls', 'Seifert', 'vseifert2y@msn.com', 'deliver rich convergence', '625-38-3989', '2366 Monica Trail', 18);
insert into comprador (comprador_id, nombre, apellido_paterno, apellido_materno, correo_electronico, resenia, rfc, direccion, pais_id) values (108, 'Jedidiah', 'O''Sheils', 'Gouly', 'jgouly2z@blogspot.com', 'reinvent clicks-and-mortar e-tailers', '314-06-9838', '8 Doe Crossing Way', 5);
insert into comprador (comprador_id, nombre, apellido_paterno, apellido_materno, correo_electronico, resenia, rfc, direccion, pais_id) values (109, 'Ogdan', 'Veldstra', 'Tomkies', 'otomkies30@blog.com', 'enable ubiquitous relationships', '678-79-0513', '79374 Ridgeway Circle', 4);
insert into comprador (comprador_id, nombre, apellido_paterno, apellido_materno, correo_electronico, resenia, rfc, direccion, pais_id) values (110, 'Broderick', 'Setchfield', null, 'bbozworth31@microsoft.com', 'visualize collaborative niches', '391-34-8671', '6335 Clemons Street', 4);
insert into comprador (comprador_id, nombre, apellido_paterno, apellido_materno, correo_electronico, resenia, rfc, direccion, pais_id) values (111, 'Dannye', 'Pimblott', 'Hawthorn', 'dhawthorn32@chicagotribune.com', 'disintermediate open-source initiatives', '585-43-4846', '0 Bartillon Parkway', 10);
insert into comprador (comprador_id, nombre, apellido_paterno, apellido_materno, correo_electronico, resenia, rfc, direccion, pais_id) values (112, 'Kanya', 'Deluca', 'Gercken', 'kgercken33@themeforest.net', 'transform seamless applications', '889-80-6601', '5 Bluejay Drive', 16);
insert into comprador (comprador_id, nombre, apellido_paterno, apellido_materno, correo_electronico, resenia, rfc, direccion, pais_id) values (113, 'Eleonora', 'Boud', 'Waycott', 'ewaycott34@tinyurl.com', 'enable cross-platform applications', '746-75-4917', '44 Northfield Way', 4);
insert into comprador (comprador_id, nombre, apellido_paterno, apellido_materno, correo_electronico, resenia, rfc, direccion, pais_id) values (114, 'Shay', 'Meffan', 'Pimblotte', 'spimblotte35@statcounter.com', 'enhance sexy vortals', '232-14-1161', '64 Superior Park', 20);
insert into comprador (comprador_id, nombre, apellido_paterno, apellido_materno, correo_electronico, resenia, rfc, direccion, pais_id) values (115, 'Dew', 'Desquesnes', 'Face', 'dface36@upenn.edu', 'strategize enterprise action-items', '204-34-4249', '13 Parkside Place', 4);
insert into comprador (comprador_id, nombre, apellido_paterno, apellido_materno, correo_electronico, resenia, rfc, direccion, pais_id) values (116, 'Kalie', 'Abbes', 'Casford', 'kcasford37@hatena.ne.jp', 'engage real-time action-items', '192-14-7560', '070 Heffernan Center', 15);
insert into comprador (comprador_id, nombre, apellido_paterno, apellido_materno, correo_electronico, resenia, rfc, direccion, pais_id) values (117, 'Skippie', 'Imlach', 'Rugieri', 'srugieri38@desdev.cn', 'deliver mission-critical systems', '532-65-1023', '7136 Bay Street', 8);
insert into comprador (comprador_id, nombre, apellido_paterno, apellido_materno, correo_electronico, resenia, rfc, direccion, pais_id) values (118, 'Anneliese', 'Fortune', null, 'afrankes39@ow.ly', 'morph best-of-breed action-items', '627-97-5455', '7 School Pass', 17);
insert into comprador (comprador_id, nombre, apellido_paterno, apellido_materno, correo_electronico, resenia, rfc, direccion, pais_id) values (119, 'Valle', 'Gomes', 'Taillard', 'vtaillard3a@tinypic.com', 'visualize magnetic infrastructures', '335-35-5409', '99 Graedel Avenue', 15);
insert into comprador (comprador_id, nombre, apellido_paterno, apellido_materno, correo_electronico, resenia, rfc, direccion, pais_id) values (120, 'Herold', 'Sprosson', 'Proven', 'hproven3b@biblegateway.com', 'redefine ubiquitous deliverables', '534-24-9285', '915 Menomonie Hill', 17);
insert into comprador (comprador_id, nombre, apellido_paterno, apellido_materno, correo_electronico, resenia, rfc, direccion, pais_id) values (121, 'Terrye', 'Gawn', null, 'tgawn3c@last.fm', 'deliver mission-critical functionalities', '518-73-1577', '66 Darwin Center', 6);
insert into comprador (comprador_id, nombre, apellido_paterno, apellido_materno, correo_electronico, resenia, rfc, direccion, pais_id) values (122, 'Gerhardine', 'Splevins', 'Spurriar', 'gspurriar3d@simplemachines.org', 'unleash turn-key partnerships', '282-44-1301', '21428 Buell Junction', 1);
insert into comprador (comprador_id, nombre, apellido_paterno, apellido_materno, correo_electronico, resenia, rfc, direccion, pais_id) values (123, 'Odessa', 'Keller', 'Skuse', 'oskuse3e@shutterfly.com', 'extend open-source web-readiness', '640-47-8959', '070 Ridge Oak Circle', 16);
insert into comprador (comprador_id, nombre, apellido_paterno, apellido_materno, correo_electronico, resenia, rfc, direccion, pais_id) values (124, 'Des', 'Ronchi', 'Garlette', 'dgarlette3f@blogspot.com', 'generate e-business metrics', '368-90-1167', '0 Golden Leaf Avenue', 6);
insert into comprador (comprador_id, nombre, apellido_paterno, apellido_materno, correo_electronico, resenia, rfc, direccion, pais_id) values (125, 'Whittaker', 'Raggatt', 'Boustred', 'wboustred3g@networksolutions.com', 'incubate compelling e-markets', '304-24-0919', '0 Harbort Road', 4);
insert into comprador (comprador_id, nombre, apellido_paterno, apellido_materno, correo_electronico, resenia, rfc, direccion, pais_id) values (126, 'Faye', 'Kerrod', 'Gilligan', 'fgilligan3h@bigcartel.com', 'whiteboard collaborative eyeballs', '898-46-3810', '1 Carpenter Center', 4);
insert into comprador (comprador_id, nombre, apellido_paterno, apellido_materno, correo_electronico, resenia, rfc, direccion, pais_id) values (127, 'Trude', 'Ayrton', 'Wilshaw', 'twilshaw3i@biglobe.ne.jp', 'reinvent dot-com users', '155-27-7676', '106 Dapin Place', 13);
insert into comprador (comprador_id, nombre, apellido_paterno, apellido_materno, correo_electronico, resenia, rfc, direccion, pais_id) values (128, 'Lief', 'Fincham', 'Eleshenar', 'leleshenar3j@taobao.com', 'exploit bleeding-edge vortals', '897-14-3797', '897 Ridge Oak Center', 11);
insert into comprador (comprador_id, nombre, apellido_paterno, apellido_materno, correo_electronico, resenia, rfc, direccion, pais_id) values (129, 'Jasper', 'Hillburn', null, 'joverstall3k@rakuten.co.jp', 'repurpose rich technologies', '575-45-1379', '2 Everett Place', 1);
insert into comprador (comprador_id, nombre, apellido_paterno, apellido_materno, correo_electronico, resenia, rfc, direccion, pais_id) values (130, 'Rebeca', 'Stagge', 'Kohrt', 'rkohrt3l@newsvine.com', 'morph bleeding-edge schemas', '798-24-6471', '14 Toban Road', 2);
insert into comprador (comprador_id, nombre, apellido_paterno, apellido_materno, correo_electronico, resenia, rfc, direccion, pais_id) values (131, 'Nelia', 'Georges', 'Barbara', 'nbarbara3m@studiopress.com', 'e-enable proactive bandwidth', '869-98-2560', '14668 Hollow Ridge Alley', 8);
insert into comprador (comprador_id, nombre, apellido_paterno, apellido_materno, correo_electronico, resenia, rfc, direccion, pais_id) values (132, 'Hartwell', 'Dumphries', null, 'hrapkins3n@paypal.com', 'reinvent sticky communities', '147-90-7942', '6 Stang Plaza', 12);
insert into comprador (comprador_id, nombre, apellido_paterno, apellido_materno, correo_electronico, resenia, rfc, direccion, pais_id) values (133, 'Roze', 'Beynkn', 'Eyckelberg', 'reyckelberg3o@cnbc.com', 'integrate vertical ROI', '198-70-4770', '7 Lukken Road', 15);
insert into comprador (comprador_id, nombre, apellido_paterno, apellido_materno, correo_electronico, resenia, rfc, direccion, pais_id) values (134, 'Jake', 'Ost', 'Shirley', 'jshirley3p@ox.ac.uk', 'maximize innovative metrics', '609-30-0129', '75590 Bowman Plaza', 13);
insert into comprador (comprador_id, nombre, apellido_paterno, apellido_materno, correo_electronico, resenia, rfc, direccion, pais_id) values (135, 'Ignacius', 'Bloggett', 'Speaks', 'ispeaks3q@godaddy.com', 'utilize killer infomediaries', '520-85-0795', '635 Hooker Street', 10);
insert into comprador (comprador_id, nombre, apellido_paterno, apellido_materno, correo_electronico, resenia, rfc, direccion, pais_id) values (136, 'Beverlee', 'Ferfulle', 'Tombleson', 'btombleson3r@yolasite.com', 'evolve clicks-and-mortar portals', '637-63-2546', '90 Monterey Trail', 4);
insert into comprador (comprador_id, nombre, apellido_paterno, apellido_materno, correo_electronico, resenia, rfc, direccion, pais_id) values (137, 'Marcel', 'Rodder', 'MacCrann', 'mmaccrann3s@home.pl', 'syndicate transparent synergies', '445-56-4052', '548 Towne Alley', 14);
insert into comprador (comprador_id, nombre, apellido_paterno, apellido_materno, correo_electronico, resenia, rfc, direccion, pais_id) values (138, 'Kylie', 'Flintoff', 'Hutfield', 'khutfield3t@theguardian.com', 'facilitate clicks-and-mortar content', '770-60-5933', '72873 Dorton Place', 6);
insert into comprador (comprador_id, nombre, apellido_paterno, apellido_materno, correo_electronico, resenia, rfc, direccion, pais_id) values (139, 'Ferne', 'Ridgewell', 'Hubbins', 'fhubbins3u@jiathis.com', 'recontextualize customized vortals', '103-16-2107', '76989 Moose Crossing', 1);
insert into comprador (comprador_id, nombre, apellido_paterno, apellido_materno, correo_electronico, resenia, rfc, direccion, pais_id) values (140, 'Laurence', 'Vasyunichev', null, 'lisitt3v@com.com', 'repurpose cross-platform web services', '210-08-5107', '859 Gulseth Junction', 6);
insert into comprador (comprador_id, nombre, apellido_paterno, apellido_materno, correo_electronico, resenia, rfc, direccion, pais_id) values (141, 'Denna', 'Paddle', 'Pudden', 'dpudden3w@biglobe.ne.jp', 'transition dynamic portals', '896-22-7825', '957 Dennis Pass', 15);
insert into comprador (comprador_id, nombre, apellido_paterno, apellido_materno, correo_electronico, resenia, rfc, direccion, pais_id) values (142, 'Alejoa', 'Gullberg', 'Maude', 'amaude3x@latimes.com', 'leverage open-source initiatives', '148-09-8937', '066 Graedel Trail', 17);
insert into comprador (comprador_id, nombre, apellido_paterno, apellido_materno, correo_electronico, resenia, rfc, direccion, pais_id) values (143, 'Mariette', 'Kingerby', 'Morat', 'mmorat3y@123-reg.co.uk', 'repurpose collaborative e-services', '134-45-3341', '63721 Waywood Court', 20);
insert into comprador (comprador_id, nombre, apellido_paterno, apellido_materno, correo_electronico, resenia, rfc, direccion, pais_id) values (144, 'Cecil', 'Smitheram', 'Eyrl', 'ceyrl3z@flickr.com', 'maximize clicks-and-mortar convergence', '482-23-3412', '936 Di Loreto Junction', 11);
insert into comprador (comprador_id, nombre, apellido_paterno, apellido_materno, correo_electronico, resenia, rfc, direccion, pais_id) values (145, 'Cecilla', 'Bhar', 'Bunker', 'cbunker40@jigsy.com', 'syndicate innovative synergies', '176-59-4415', '676 Nobel Way', 14);
insert into comprador (comprador_id, nombre, apellido_paterno, apellido_materno, correo_electronico, resenia, rfc, direccion, pais_id) values (146, 'Keary', 'Kayne', 'Hallworth', 'khallworth41@dailymotion.com', 'harness seamless experiences', '534-41-2679', '5 Veith Street', 1);
insert into comprador (comprador_id, nombre, apellido_paterno, apellido_materno, correo_electronico, resenia, rfc, direccion, pais_id) values (147, 'Joeann', 'Dmitriev', 'Currington', 'jcurrington42@yandex.ru', 'e-enable magnetic channels', '360-51-7623', '17611 Stuart Center', 15);
insert into comprador (comprador_id, nombre, apellido_paterno, apellido_materno, correo_electronico, resenia, rfc, direccion, pais_id) values (148, 'Jacky', 'Breeds', 'Ledgeway', 'jledgeway43@dailymotion.com', 'seize virtual technologies', '285-83-3303', '12978 High Crossing Junction', 14);
insert into comprador (comprador_id, nombre, apellido_paterno, apellido_materno, correo_electronico, resenia, rfc, direccion, pais_id) values (149, 'Tanitansy', 'Issitt', 'Kneeland', 'tkneeland44@rambler.ru', 'strategize compelling ROI', '582-62-0963', '4845 Rutledge Way', 19);
insert into comprador (comprador_id, nombre, apellido_paterno, apellido_materno, correo_electronico, resenia, rfc, direccion, pais_id) values (150, 'Max', 'Greenhouse', 'Harries', 'mharries45@google.de', 'maximize next-generation networks', '182-09-4123', '35 Bultman Way', 5);
insert into comprador (comprador_id, nombre, apellido_paterno, apellido_materno, correo_electronico, resenia, rfc, direccion, pais_id) values (151, 'Ede', 'Winscum', 'Allridge', 'eallridge46@acquirethisname.com', 'synthesize user-centric content', '300-46-0029', '1928 Grayhawk Center', 3);
insert into comprador (comprador_id, nombre, apellido_paterno, apellido_materno, correo_electronico, resenia, rfc, direccion, pais_id) values (152, 'Candy', 'Kiely', 'Hofner', 'chofner47@nasa.gov', 'facilitate cross-platform web services', '208-40-2226', '19280 Kensington Circle', 16);
insert into comprador (comprador_id, nombre, apellido_paterno, apellido_materno, correo_electronico, resenia, rfc, direccion, pais_id) values (153, 'Loise', 'Crankhorn', 'Dicke', 'ldicke48@cargocollective.com', 'cultivate efficient initiatives', '337-30-4601', '9 Weeping Birch Park', 15);
insert into comprador (comprador_id, nombre, apellido_paterno, apellido_materno, correo_electronico, resenia, rfc, direccion, pais_id) values (154, 'Sharai', 'Thurlbourne', 'Jannaway', 'sjannaway49@forbes.com', 'utilize dot-com portals', '775-40-0439', '903 Cardinal Court', 8);
insert into comprador (comprador_id, nombre, apellido_paterno, apellido_materno, correo_electronico, resenia, rfc, direccion, pais_id) values (155, 'Berte', 'Cruft', 'Mcall', 'bmcall4a@woothemes.com', 'revolutionize collaborative functionalities', '516-71-0836', '5 Thompson Crossing', 11);
insert into comprador (comprador_id, nombre, apellido_paterno, apellido_materno, correo_electronico, resenia, rfc, direccion, pais_id) values (156, 'Mohandas', 'Barlthrop', 'Morson', 'mmorson4b@dailymail.co.uk', 'harness user-centric models', '133-82-6512', '3111 Badeau Lane', 7);
insert into comprador (comprador_id, nombre, apellido_paterno, apellido_materno, correo_electronico, resenia, rfc, direccion, pais_id) values (157, 'Von', 'Garmans', 'Spatoni', 'vspatoni4c@reverbnation.com', 'exploit end-to-end niches', '259-38-0089', '40590 Burrows Center', 18);
insert into comprador (comprador_id, nombre, apellido_paterno, apellido_materno, correo_electronico, resenia, rfc, direccion, pais_id) values (158, 'Sanders', 'Josland', 'Jenks', 'sjenks4d@msn.com', 'drive proactive e-markets', '607-21-1864', '157 Ramsey Drive', 15);
insert into comprador (comprador_id, nombre, apellido_paterno, apellido_materno, correo_electronico, resenia, rfc, direccion, pais_id) values (159, 'Carson', 'Sauvain', 'Stendell', 'cstendell4e@shinystat.com', 'transform mission-critical initiatives', '291-56-3875', '12 Katie Circle', 19);
insert into comprador (comprador_id, nombre, apellido_paterno, apellido_materno, correo_electronico, resenia, rfc, direccion, pais_id) values (160, 'Rosmunda', 'Chapman', 'Dainton', 'rdainton4f@myspace.com', 'brand end-to-end markets', '178-13-3371', '09711 Grim Junction', 13);
insert into comprador (comprador_id, nombre, apellido_paterno, apellido_materno, correo_electronico, resenia, rfc, direccion, pais_id) values (161, 'Babbette', 'Geroldi', 'Chivers', 'bchivers4g@merriam-webster.com', 'transform intuitive technologies', '370-24-9949', '7180 Eggendart Street', 4);
insert into comprador (comprador_id, nombre, apellido_paterno, apellido_materno, correo_electronico, resenia, rfc, direccion, pais_id) values (162, 'Barri', 'Le Fevre', null, 'baspey4h@ameblo.jp', 'streamline rich e-business', '536-28-0246', '09 Killdeer Court', 17);
insert into comprador (comprador_id, nombre, apellido_paterno, apellido_materno, correo_electronico, resenia, rfc, direccion, pais_id) values (163, 'Briant', 'Tester', 'Bullick', 'bbullick4i@uol.com.br', 'benchmark virtual convergence', '784-45-8673', '532 Barby Way', 10);
insert into comprador (comprador_id, nombre, apellido_paterno, apellido_materno, correo_electronico, resenia, rfc, direccion, pais_id) values (164, 'Janessa', 'Pavlov', 'Hebner', 'jhebner4j@tiny.cc', 'reintermediate viral infrastructures', '804-21-8498', '15 Debra Place', 7);
insert into comprador (comprador_id, nombre, apellido_paterno, apellido_materno, correo_electronico, resenia, rfc, direccion, pais_id) values (165, 'Hobie', 'Eleshenar', 'Peterken', 'hpeterken4k@admin.ch', 'target leading-edge users', '342-55-7383', '2968 Talisman Parkway', 19);
insert into comprador (comprador_id, nombre, apellido_paterno, apellido_materno, correo_electronico, resenia, rfc, direccion, pais_id) values (166, 'Masha', 'Kenwin', 'Alexis', 'malexis4l@squidoo.com', 'enhance bleeding-edge vortals', '295-15-1096', '94 6th Crossing', 13);
insert into comprador (comprador_id, nombre, apellido_paterno, apellido_materno, correo_electronico, resenia, rfc, direccion, pais_id) values (167, 'Staffard', 'Kohtler', 'Aberdeen', 'saberdeen4m@google.com', 'extend efficient communities', '382-04-5562', '6165 Stuart Alley', 16);
insert into comprador (comprador_id, nombre, apellido_paterno, apellido_materno, correo_electronico, resenia, rfc, direccion, pais_id) values (168, 'Chas', 'Neary', null, 'cperse4n@pcworld.com', 'recontextualize web-enabled applications', '511-20-3219', '68 Manley Street', 13);
insert into comprador (comprador_id, nombre, apellido_paterno, apellido_materno, correo_electronico, resenia, rfc, direccion, pais_id) values (169, 'Maegan', 'Floris', 'Lehon', 'mlehon4o@people.com.cn', 'utilize innovative models', '376-40-6919', '6 Arkansas Point', 10);
insert into comprador (comprador_id, nombre, apellido_paterno, apellido_materno, correo_electronico, resenia, rfc, direccion, pais_id) values (170, 'Lutero', 'Tompsett', 'Bussons', 'lbussons4p@mapy.cz', 'reinvent bleeding-edge vortals', '187-19-9814', '8 Mosinee Plaza', 10);
insert into comprador (comprador_id, nombre, apellido_paterno, apellido_materno, correo_electronico, resenia, rfc, direccion, pais_id) values (171, 'Claribel', 'Akester', 'Vasenkov', 'cvasenkov4q@slideshare.net', 'seize customized synergies', '618-05-8251', '76 Towne Plaza', 18);
insert into comprador (comprador_id, nombre, apellido_paterno, apellido_materno, correo_electronico, resenia, rfc, direccion, pais_id) values (172, 'Velvet', 'Sex', 'Craig', 'vcraig4r@sakura.ne.jp', 'facilitate vertical infrastructures', '854-47-2616', '0831 Banding Plaza', 9);
insert into comprador (comprador_id, nombre, apellido_paterno, apellido_materno, correo_electronico, resenia, rfc, direccion, pais_id) values (173, 'Markus', 'Verni', 'Dominico', 'mdominico4s@bizjournals.com', 'expedite cross-media eyeballs', '670-79-4138', '0551 Fieldstone Point', 12);
insert into comprador (comprador_id, nombre, apellido_paterno, apellido_materno, correo_electronico, resenia, rfc, direccion, pais_id) values (174, 'Branden', 'Rankmore', 'Zamorano', 'bzamorano4t@e-recht24.de', 'exploit cross-media supply-chains', '832-56-4139', '55053 Blaine Hill', 4);
insert into comprador (comprador_id, nombre, apellido_paterno, apellido_materno, correo_electronico, resenia, rfc, direccion, pais_id) values (175, 'Astrid', 'Lamonby', 'Kingcote', 'akingcote4u@ftc.gov', 'disintermediate holistic experiences', '658-16-4630', '43865 Jana Pass', 18);
insert into comprador (comprador_id, nombre, apellido_paterno, apellido_materno, correo_electronico, resenia, rfc, direccion, pais_id) values (176, 'Nial', 'Scase', 'Rainbow', 'nrainbow4v@amazon.co.uk', 'utilize killer models', '367-30-2218', '9 Loomis Center', 10);
insert into comprador (comprador_id, nombre, apellido_paterno, apellido_materno, correo_electronico, resenia, rfc, direccion, pais_id) values (177, 'Cherilyn', 'Campana', 'Real', 'creal4w@dropbox.com', 'cultivate real-time users', '418-99-4391', '54442 Carpenter Circle', 5);
insert into comprador (comprador_id, nombre, apellido_paterno, apellido_materno, correo_electronico, resenia, rfc, direccion, pais_id) values (178, 'Quentin', 'Govinlock', 'Vlasyev', 'qvlasyev4x@w3.org', 'incentivize B2B functionalities', '821-69-1528', '9130 Redwing Avenue', 5);
insert into comprador (comprador_id, nombre, apellido_paterno, apellido_materno, correo_electronico, resenia, rfc, direccion, pais_id) values (179, 'Harlin', 'Peet', 'Plank', 'hplank4y@gov.uk', 'incubate e-business supply-chains', '597-82-2505', '043 Oxford Trail', 4);
insert into comprador (comprador_id, nombre, apellido_paterno, apellido_materno, correo_electronico, resenia, rfc, direccion, pais_id) values (180, 'Dorree', 'McElhargy', 'Chart', 'dchart4z@answers.com', 'synthesize turn-key convergence', '389-80-1568', '183 Arapahoe Center', 13);
insert into comprador (comprador_id, nombre, apellido_paterno, apellido_materno, correo_electronico, resenia, rfc, direccion, pais_id) values (181, 'Ruthi', 'Peoples', 'Stoggles', 'rstoggles50@gmpg.org', 'facilitate robust metrics', '637-85-7151', '0646 Elgar Lane', 16);
insert into comprador (comprador_id, nombre, apellido_paterno, apellido_materno, correo_electronico, resenia, rfc, direccion, pais_id) values (182, 'Hildegaard', 'Haycroft', 'Aikman', 'haikman51@t.co', 'morph efficient vortals', '867-31-4432', '6 Esker Center', 13);
insert into comprador (comprador_id, nombre, apellido_paterno, apellido_materno, correo_electronico, resenia, rfc, direccion, pais_id) values (183, 'Jard', 'Nockles', 'Lusty', 'jlusty52@people.com.cn', 'optimize turn-key architectures', '632-53-1868', '2004 Arkansas Road', 10);
insert into comprador (comprador_id, nombre, apellido_paterno, apellido_materno, correo_electronico, resenia, rfc, direccion, pais_id) values (184, 'Heinrick', 'Cornthwaite', 'Scarratt', 'hscarratt53@netvibes.com', 'evolve sexy applications', '644-76-9745', '20257 Riverside Court', 7);
insert into comprador (comprador_id, nombre, apellido_paterno, apellido_materno, correo_electronico, resenia, rfc, direccion, pais_id) values (185, 'Sheppard', 'Crallan', 'Wevell', 'swevell54@auda.org.au', 'mesh next-generation systems', '502-08-0028', '5282 Corry Plaza', 8);
insert into comprador (comprador_id, nombre, apellido_paterno, apellido_materno, correo_electronico, resenia, rfc, direccion, pais_id) values (186, 'Isaac', 'Dussy', 'McGowan', 'imcgowan55@zimbio.com', 'architect proactive mindshare', '590-80-7201', '5613 Summer Ridge Hill', 6);
insert into comprador (comprador_id, nombre, apellido_paterno, apellido_materno, correo_electronico, resenia, rfc, direccion, pais_id) values (187, 'Arri', 'Bradborne', 'Manvelle', 'amanvelle56@cyberchimps.com', 'e-enable innovative e-business', '483-43-7680', '18015 Crownhardt Court', 4);
insert into comprador (comprador_id, nombre, apellido_paterno, apellido_materno, correo_electronico, resenia, rfc, direccion, pais_id) values (188, 'Wilfred', 'Harwell', 'Bendix', 'wbendix57@blogspot.com', 'syndicate bleeding-edge e-commerce', '749-90-8328', '2 Daystar Pass', 11);
insert into comprador (comprador_id, nombre, apellido_paterno, apellido_materno, correo_electronico, resenia, rfc, direccion, pais_id) values (189, 'Leese', 'Stearn', 'Chartres', 'lchartres58@artisteer.com', 'implement best-of-breed models', '173-64-3170', '51 Park Meadow Lane', 9);
insert into comprador (comprador_id, nombre, apellido_paterno, apellido_materno, correo_electronico, resenia, rfc, direccion, pais_id) values (190, 'Jerald', 'Simkovitz', 'Kissell', 'jkissell59@gravatar.com', 'streamline compelling channels', '388-83-3924', '0715 Fairview Street', 17);
insert into comprador (comprador_id, nombre, apellido_paterno, apellido_materno, correo_electronico, resenia, rfc, direccion, pais_id) values (191, 'Mirabelle', 'Gloves', 'De Ferrari', 'mdeferrari5a@cargocollective.com', 'revolutionize front-end e-business', '880-70-8389', '160 Ohio Street', 15);
insert into comprador (comprador_id, nombre, apellido_paterno, apellido_materno, correo_electronico, resenia, rfc, direccion, pais_id) values (192, 'Merrill', 'Sirmon', 'Longcake', 'mlongcake5b@reverbnation.com', 'reintermediate holistic technologies', '819-04-4224', '4319 Atwood Way', 11);
insert into comprador (comprador_id, nombre, apellido_paterno, apellido_materno, correo_electronico, resenia, rfc, direccion, pais_id) values (193, 'Elbert', 'Jessard', 'Orme', 'eorme5c@google.com', 'recontextualize dot-com functionalities', '816-60-4828', '6766 Village Green Point', 6);
insert into comprador (comprador_id, nombre, apellido_paterno, apellido_materno, correo_electronico, resenia, rfc, direccion, pais_id) values (194, 'Jourdain', 'Bestar', 'Gammons', 'jgammons5d@indiegogo.com', 'facilitate efficient ROI', '356-97-0089', '2787 5th Park', 18);
insert into comprador (comprador_id, nombre, apellido_paterno, apellido_materno, correo_electronico, resenia, rfc, direccion, pais_id) values (195, 'Gwyneth', 'McNabb', null, 'gsarfat5e@youku.com', 'leverage 24/7 methodologies', '696-73-4681', '15027 Gina Alley', 4);
insert into comprador (comprador_id, nombre, apellido_paterno, apellido_materno, correo_electronico, resenia, rfc, direccion, pais_id) values (196, 'Helaine', 'Morot', 'Whelband', 'hwhelband5f@cbslocal.com', 'aggregate cutting-edge bandwidth', '488-56-2380', '40815 Gina Road', 11);
insert into comprador (comprador_id, nombre, apellido_paterno, apellido_materno, correo_electronico, resenia, rfc, direccion, pais_id) values (197, 'Salomon', 'Syers', 'Jurisch', 'sjurisch5g@etsy.com', 'evolve web-enabled eyeballs', '473-65-9835', '5573 Kedzie Center', 9);
insert into comprador (comprador_id, nombre, apellido_paterno, apellido_materno, correo_electronico, resenia, rfc, direccion, pais_id) values (198, 'Gerard', 'Banaszewski', null, 'gogready5h@wikia.com', 'deliver viral markets', '762-75-6944', '01889 Northfield Road', 10);
insert into comprador (comprador_id, nombre, apellido_paterno, apellido_materno, correo_electronico, resenia, rfc, direccion, pais_id) values (199, 'Desmund', 'Verillo', 'Arno', 'darno5i@altervista.org', 'repurpose strategic users', '178-48-6321', '6893 Ridgeway Trail', 6);
insert into comprador (comprador_id, nombre, apellido_paterno, apellido_materno, correo_electronico, resenia, rfc, direccion, pais_id) values (200, 'Grace', 'Askham', 'Josiah', 'gjosiah5j@yahoo.co.jp', 'implement collaborative web services', '640-48-5553', '17 Doe Crossing Street', 4);
insert into comprador (comprador_id, nombre, apellido_paterno, apellido_materno, correo_electronico, resenia, rfc, direccion, pais_id) values (201, 'Brina', 'Posvner', 'Axby', 'baxby5k@disqus.com', 'enhance visionary models', '729-50-9074', '19 Oxford Terrace', 3);
insert into comprador (comprador_id, nombre, apellido_paterno, apellido_materno, correo_electronico, resenia, rfc, direccion, pais_id) values (202, 'Wendall', 'Brewer', 'Fall', 'wfall5l@gmpg.org', 'engage 24/7 portals', '147-45-4651', '4 Green Trail', 15);
insert into comprador (comprador_id, nombre, apellido_paterno, apellido_materno, correo_electronico, resenia, rfc, direccion, pais_id) values (203, 'Danit', 'Meineking', 'Philpot', 'dphilpot5m@miibeian.gov.cn', 'implement collaborative metrics', '303-99-6486', '9491 Sycamore Street', 1);
insert into comprador (comprador_id, nombre, apellido_paterno, apellido_materno, correo_electronico, resenia, rfc, direccion, pais_id) values (204, 'Noelani', 'Klimuk', null, 'nplewes5n@wsj.com', 'cultivate integrated relationships', '743-89-5244', '98148 Kings Avenue', 18);
insert into comprador (comprador_id, nombre, apellido_paterno, apellido_materno, correo_electronico, resenia, rfc, direccion, pais_id) values (205, 'Alistair', 'Learoyde', null, 'arimell5o@issuu.com', 'engineer cross-platform e-tailers', '654-71-5033', '104 Crownhardt Avenue', 11);
insert into comprador (comprador_id, nombre, apellido_paterno, apellido_materno, correo_electronico, resenia, rfc, direccion, pais_id) values (206, 'Winnah', 'Ackermann', 'Wilce', 'wwilce5p@topsy.com', 'enable efficient content', '335-81-2705', '17 Miller Junction', 16);
insert into comprador (comprador_id, nombre, apellido_paterno, apellido_materno, correo_electronico, resenia, rfc, direccion, pais_id) values (207, 'Annabell', 'Stonhouse', 'Vasichev', 'avasichev5q@accuweather.com', 'scale B2C users', '456-02-4540', '46660 North Court', 7);
insert into comprador (comprador_id, nombre, apellido_paterno, apellido_materno, correo_electronico, resenia, rfc, direccion, pais_id) values (208, 'Phil', 'Guillou', 'Rymmer', 'prymmer5r@house.gov', 'whiteboard mission-critical systems', '148-98-8461', '263 Bayside Avenue', 10);
insert into comprador (comprador_id, nombre, apellido_paterno, apellido_materno, correo_electronico, resenia, rfc, direccion, pais_id) values (209, 'Albertina', 'Rihanek', 'Sheen', 'asheen5s@163.com', 'morph holistic networks', '343-30-0243', '8 Hollow Ridge Street', 3);
insert into comprador (comprador_id, nombre, apellido_paterno, apellido_materno, correo_electronico, resenia, rfc, direccion, pais_id) values (210, 'Agnese', 'Woollcott', 'Sotworth', 'asotworth5t@yellowbook.com', 'transform virtual niches', '304-28-7305', '4290 Vera Parkway', 13);
insert into comprador (comprador_id, nombre, apellido_paterno, apellido_materno, correo_electronico, resenia, rfc, direccion, pais_id) values (211, 'Camilla', 'Stroulger', 'Diss', 'cdiss5u@timesonline.co.uk', 'architect synergistic metrics', '449-54-9169', '087 Bartelt Drive', 5);
insert into comprador (comprador_id, nombre, apellido_paterno, apellido_materno, correo_electronico, resenia, rfc, direccion, pais_id) values (212, 'Deni', 'Crimin', 'Raffels', 'draffels5v@about.me', 'drive compelling infrastructures', '432-37-7754', '969 Blackbird Terrace', 18);
insert into comprador (comprador_id, nombre, apellido_paterno, apellido_materno, correo_electronico, resenia, rfc, direccion, pais_id) values (213, 'Gayelord', 'Woolbrook', null, 'gfuggle5w@usa.gov', 'exploit cross-media solutions', '485-84-9442', '55226 Hoepker Crossing', 13);
insert into comprador (comprador_id, nombre, apellido_paterno, apellido_materno, correo_electronico, resenia, rfc, direccion, pais_id) values (214, 'Evyn', 'Kinkead', 'Jeannenet', 'ejeannenet5x@cbc.ca', 'transition dot-com methodologies', '875-43-8235', '4 Golden Leaf Alley', 11);
insert into comprador (comprador_id, nombre, apellido_paterno, apellido_materno, correo_electronico, resenia, rfc, direccion, pais_id) values (215, 'Rad', 'Farnill', 'Quadling', 'rquadling5y@google.ca', 'monetize distributed deliverables', '420-93-3057', '477 Maple Point', 16);
insert into comprador (comprador_id, nombre, apellido_paterno, apellido_materno, correo_electronico, resenia, rfc, direccion, pais_id) values (216, 'Tiphani', 'Lasslett', 'Dinsmore', 'tdinsmore5z@e-recht24.de', 'redefine interactive paradigms', '455-56-4086', '17 Di Loreto Drive', 19);
insert into comprador (comprador_id, nombre, apellido_paterno, apellido_materno, correo_electronico, resenia, rfc, direccion, pais_id) values (217, 'Karita', 'Olenichev', 'Frank', 'kfrank60@walmart.com', 'benchmark out-of-the-box markets', '520-72-1761', '945 Blackbird Avenue', 12);
insert into comprador (comprador_id, nombre, apellido_paterno, apellido_materno, correo_electronico, resenia, rfc, direccion, pais_id) values (218, 'Edee', 'Petrashkov', 'True', 'etrue61@dmoz.org', 'matrix holistic eyeballs', '413-86-6354', '65 Elka Pass', 12);
insert into comprador (comprador_id, nombre, apellido_paterno, apellido_materno, correo_electronico, resenia, rfc, direccion, pais_id) values (219, 'Warden', 'Dundridge', 'Bromley', 'wbromley62@merriam-webster.com', 'grow global niches', '216-62-6000', '67 Tomscot Point', 5);
insert into comprador (comprador_id, nombre, apellido_paterno, apellido_materno, correo_electronico, resenia, rfc, direccion, pais_id) values (220, 'Orlando', 'Heddy', 'Chaikovski', 'ochaikovski63@chicagotribune.com', 'matrix cross-media bandwidth', '686-11-7195', '04 Express Center', 6);
insert into comprador (comprador_id, nombre, apellido_paterno, apellido_materno, correo_electronico, resenia, rfc, direccion, pais_id) values (221, 'Maggy', 'Lemmertz', 'Allsopp', 'mallsopp64@amazonaws.com', 'generate interactive eyeballs', '898-92-3795', '752 Main Parkway', 19);
insert into comprador (comprador_id, nombre, apellido_paterno, apellido_materno, correo_electronico, resenia, rfc, direccion, pais_id) values (222, 'Helsa', 'Pech', 'Renad', 'hrenad65@lulu.com', 'monetize end-to-end eyeballs', '314-96-4879', '9888 Walton Parkway', 10);
insert into comprador (comprador_id, nombre, apellido_paterno, apellido_materno, correo_electronico, resenia, rfc, direccion, pais_id) values (223, 'Terrel', 'Paolinelli', 'Hesbrook', 'thesbrook66@salon.com', 'empower ubiquitous initiatives', '457-18-7763', '2 Westridge Alley', 4);
insert into comprador (comprador_id, nombre, apellido_paterno, apellido_materno, correo_electronico, resenia, rfc, direccion, pais_id) values (224, 'Tris', 'Danilovitch', 'Whittek', 'twhittek67@patch.com', 'disintermediate end-to-end e-business', '831-98-8227', '2 Hanover Park', 19);
insert into comprador (comprador_id, nombre, apellido_paterno, apellido_materno, correo_electronico, resenia, rfc, direccion, pais_id) values (225, 'Charmain', 'Banham', 'Dibson', 'cdibson68@posterous.com', 'engineer e-business bandwidth', '459-30-7274', '38 Transport Road', 19);
insert into comprador (comprador_id, nombre, apellido_paterno, apellido_materno, correo_electronico, resenia, rfc, direccion, pais_id) values (226, 'Thorstein', 'Sweatman', null, 'tgallienne69@networksolutions.com', 'synthesize one-to-one portals', '113-12-7842', '60336 Ilene Parkway', 2);
insert into comprador (comprador_id, nombre, apellido_paterno, apellido_materno, correo_electronico, resenia, rfc, direccion, pais_id) values (227, 'Giacobo', 'Macallam', 'Wyllcocks', 'gwyllcocks6a@nhs.uk', 'envisioneer frictionless e-business', '185-29-2899', '6098 Badeau Trail', 10);
insert into comprador (comprador_id, nombre, apellido_paterno, apellido_materno, correo_electronico, resenia, rfc, direccion, pais_id) values (228, 'Elfrieda', 'Tanzer', 'Lattimer', 'elattimer6b@lycos.com', 'implement next-generation web services', '837-77-0764', '214 American Ash Hill', 12);
insert into comprador (comprador_id, nombre, apellido_paterno, apellido_materno, correo_electronico, resenia, rfc, direccion, pais_id) values (229, 'Binnie', 'Boice', null, 'blante6c@diigo.com', 'aggregate synergistic portals', '171-88-2821', '0962 Shoshone Crossing', 17);
insert into comprador (comprador_id, nombre, apellido_paterno, apellido_materno, correo_electronico, resenia, rfc, direccion, pais_id) values (230, 'Tonye', 'Balloch', 'Gynne', 'tgynne6d@smugmug.com', 'deploy global e-commerce', '607-44-4971', '104 Paget Avenue', 9);
insert into comprador (comprador_id, nombre, apellido_paterno, apellido_materno, correo_electronico, resenia, rfc, direccion, pais_id) values (231, 'Judas', 'Edelman', 'Milam', 'jmilam6e@state.tx.us', 'engage cutting-edge eyeballs', '386-50-0283', '83851 Lotheville Hill', 12);
insert into comprador (comprador_id, nombre, apellido_paterno, apellido_materno, correo_electronico, resenia, rfc, direccion, pais_id) values (232, 'Karl', 'Worwood', 'Abbet', 'kabbet6f@usatoday.com', 'brand end-to-end metrics', '155-95-5454', '0622 Sugar Place', 7);
insert into comprador (comprador_id, nombre, apellido_paterno, apellido_materno, correo_electronico, resenia, rfc, direccion, pais_id) values (233, 'Prince', 'Cockarill', null, 'pcella6g@java.com', 'monetize revolutionary interfaces', '802-22-3305', '4 Cottonwood Way', 6);
insert into comprador (comprador_id, nombre, apellido_paterno, apellido_materno, correo_electronico, resenia, rfc, direccion, pais_id) values (234, 'Christie', 'Timbs', 'Clymer', 'cclymer6h@chronoengine.com', 'incentivize world-class networks', '566-67-0920', '21 Mccormick Road', 14);
insert into comprador (comprador_id, nombre, apellido_paterno, apellido_materno, correo_electronico, resenia, rfc, direccion, pais_id) values (235, 'Nina', 'Fermer', 'Biernacki', 'nbiernacki6i@ameblo.jp', 'monetize rich infrastructures', '836-19-4765', '54 Mayer Street', 4);
insert into comprador (comprador_id, nombre, apellido_paterno, apellido_materno, correo_electronico, resenia, rfc, direccion, pais_id) values (236, 'Hall', 'Hartley', 'Anersen', 'hanersen6j@examiner.com', 'envisioneer granular paradigms', '574-40-3151', '3 Meadow Ridge Terrace', 1);
insert into comprador (comprador_id, nombre, apellido_paterno, apellido_materno, correo_electronico, resenia, rfc, direccion, pais_id) values (237, 'Jerrome', 'Fishbourne', 'Casely', 'jcasely6k@scribd.com', 'strategize cross-media experiences', '184-64-1331', '096 Pennsylvania Parkway', 3);
insert into comprador (comprador_id, nombre, apellido_paterno, apellido_materno, correo_electronico, resenia, rfc, direccion, pais_id) values (238, 'Timmy', 'Janning', 'Bachura', 'tbachura6l@marriott.com', 'repurpose global markets', '211-43-8178', '10516 Boyd Road', 3);
insert into comprador (comprador_id, nombre, apellido_paterno, apellido_materno, correo_electronico, resenia, rfc, direccion, pais_id) values (239, 'Emmalynne', 'Warrilow', 'Gontier', 'egontier6m@hexun.com', 'transition enterprise e-tailers', '880-04-3394', '9 La Follette Plaza', 4);
insert into comprador (comprador_id, nombre, apellido_paterno, apellido_materno, correo_electronico, resenia, rfc, direccion, pais_id) values (240, 'Broderic', 'Pickhaver', 'O''Hara', 'bohara6n@wp.com', 'integrate distributed portals', '313-23-5616', '2 Buell Court', 1);
insert into comprador (comprador_id, nombre, apellido_paterno, apellido_materno, correo_electronico, resenia, rfc, direccion, pais_id) values (241, 'Berenice', 'McIlreavy', null, 'bspieght6o@loc.gov', 'synthesize frictionless vortals', '508-51-5486', '37 Graceland Terrace', 13);
insert into comprador (comprador_id, nombre, apellido_paterno, apellido_materno, correo_electronico, resenia, rfc, direccion, pais_id) values (242, 'Ali', 'Dulieu', null, 'aredihalgh6p@washington.edu', 'leverage proactive e-commerce', '588-78-5389', '6 Ronald Regan Park', 1);
insert into comprador (comprador_id, nombre, apellido_paterno, apellido_materno, correo_electronico, resenia, rfc, direccion, pais_id) values (243, 'Bekki', 'Pinnijar', 'Loukes', 'bloukes6q@cam.ac.uk', 'reintermediate integrated mindshare', '891-83-9348', '91 Memorial Street', 2);
insert into comprador (comprador_id, nombre, apellido_paterno, apellido_materno, correo_electronico, resenia, rfc, direccion, pais_id) values (244, 'Isaac', 'Kilgannon', 'Jewis', 'ijewis6r@i2i.jp', 'morph world-class e-commerce', '309-80-7862', '7 Acker Avenue', 4);
insert into comprador (comprador_id, nombre, apellido_paterno, apellido_materno, correo_electronico, resenia, rfc, direccion, pais_id) values (245, 'Shanta', 'Raun', 'Caldron', 'scaldron6s@disqus.com', 'incubate visionary channels', '860-02-4829', '02 Express Drive', 17);
insert into comprador (comprador_id, nombre, apellido_paterno, apellido_materno, correo_electronico, resenia, rfc, direccion, pais_id) values (246, 'Dur', 'Hackleton', 'Gabler', 'dgabler6t@sciencedirect.com', 'extend B2B experiences', '348-86-7208', '59120 Bartelt Place', 17);
insert into comprador (comprador_id, nombre, apellido_paterno, apellido_materno, correo_electronico, resenia, rfc, direccion, pais_id) values (247, 'Cosimo', 'De Minico', 'Element', 'celement6u@meetup.com', 'whiteboard compelling users', '744-94-2890', '59 Schlimgen Trail', 7);
insert into comprador (comprador_id, nombre, apellido_paterno, apellido_materno, correo_electronico, resenia, rfc, direccion, pais_id) values (248, 'Marjie', 'Taynton', 'Liles', 'mliles6v@pagesperso-orange.fr', 'harness magnetic schemas', '810-35-3229', '7 Crescent Oaks Circle', 6);
insert into comprador (comprador_id, nombre, apellido_paterno, apellido_materno, correo_electronico, resenia, rfc, direccion, pais_id) values (249, 'Amandi', 'Cock', 'Habeshaw', 'ahabeshaw6w@harvard.edu', 'visualize out-of-the-box eyeballs', '337-32-6338', '63 Waxwing Parkway', 3);
insert into comprador (comprador_id, nombre, apellido_paterno, apellido_materno, correo_electronico, resenia, rfc, direccion, pais_id) values (250, 'Shep', 'Baudassi', 'Gobel', 'sgobel6x@google.cn', 'mesh virtual deliverables', '235-88-1853', '8 Corben Road', 2);
insert into comprador (comprador_id, nombre, apellido_paterno, apellido_materno, correo_electronico, resenia, rfc, direccion, pais_id) values (251, 'Alleen', 'Ingman', 'Neilan', 'aneilan6y@devhub.com', 'iterate back-end vortals', '800-01-8692', '10183 Washington Lane', 19);
insert into comprador (comprador_id, nombre, apellido_paterno, apellido_materno, correo_electronico, resenia, rfc, direccion, pais_id) values (252, 'Noella', 'Defont', null, 'nmctaggart6z@addtoany.com', 'transform bleeding-edge solutions', '697-49-6334', '515 Portage Plaza', 14);
insert into comprador (comprador_id, nombre, apellido_paterno, apellido_materno, correo_electronico, resenia, rfc, direccion, pais_id) values (253, 'Alon', 'Collihole', 'Cleave', 'acleave70@nationalgeographic.com', 'facilitate synergistic niches', '836-81-7938', '94630 Fieldstone Circle', 9);
insert into comprador (comprador_id, nombre, apellido_paterno, apellido_materno, correo_electronico, resenia, rfc, direccion, pais_id) values (254, 'Orson', 'Brazener', 'Kilpatrick', 'okilpatrick71@wufoo.com', 'incentivize distributed platforms', '296-08-0187', '442 Coleman Place', 20);
insert into comprador (comprador_id, nombre, apellido_paterno, apellido_materno, correo_electronico, resenia, rfc, direccion, pais_id) values (255, 'Waiter', 'Hacquard', 'Petrolli', 'wpetrolli72@slate.com', 'extend plug-and-play action-items', '752-77-2173', '2 Sugar Place', 5);
insert into comprador (comprador_id, nombre, apellido_paterno, apellido_materno, correo_electronico, resenia, rfc, direccion, pais_id) values (256, 'Denys', 'Tomek', null, 'dgloster73@wired.com', 'unleash turn-key mindshare', '327-75-9860', '65 Magdeline Way', 19);
insert into comprador (comprador_id, nombre, apellido_paterno, apellido_materno, correo_electronico, resenia, rfc, direccion, pais_id) values (257, 'Corrianne', 'Lappine', 'Pawling', 'cpawling74@google.es', 'revolutionize magnetic deliverables', '588-47-7705', '2927 Commercial Lane', 8);
insert into comprador (comprador_id, nombre, apellido_paterno, apellido_materno, correo_electronico, resenia, rfc, direccion, pais_id) values (258, 'Krystalle', 'Matthewman', 'Schwand', 'kschwand75@berkeley.edu', 'grow virtual ROI', '162-32-3864', '57 Fair Oaks Parkway', 10);
insert into comprador (comprador_id, nombre, apellido_paterno, apellido_materno, correo_electronico, resenia, rfc, direccion, pais_id) values (259, 'Athena', 'McKain', 'Brigginshaw', 'abrigginshaw76@hao123.com', 'mesh sexy e-services', '788-37-4351', '08 Hanover Pass', 2);
insert into comprador (comprador_id, nombre, apellido_paterno, apellido_materno, correo_electronico, resenia, rfc, direccion, pais_id) values (260, 'Giovanni', 'Caff', 'Stoak', 'gstoak77@ehow.com', 'enable B2C bandwidth', '233-77-5670', '1668 Northport Avenue', 2);
insert into comprador (comprador_id, nombre, apellido_paterno, apellido_materno, correo_electronico, resenia, rfc, direccion, pais_id) values (261, 'Sky', 'Janota', 'Trimme', 'strimme78@sohu.com', 'seize sticky markets', '657-24-4225', '956 Schmedeman Street', 17);
insert into comprador (comprador_id, nombre, apellido_paterno, apellido_materno, correo_electronico, resenia, rfc, direccion, pais_id) values (262, 'Goraud', 'Debell', 'Gilson', 'ggilson79@jiathis.com', 'exploit virtual portals', '374-63-4992', '4076 Nancy Point', 11);
insert into comprador (comprador_id, nombre, apellido_paterno, apellido_materno, correo_electronico, resenia, rfc, direccion, pais_id) values (263, 'Irvine', 'Fiddiman', 'Spuner', 'ispuner7a@netlog.com', 'evolve killer web services', '423-92-1027', '65 Springs Alley', 18);
insert into comprador (comprador_id, nombre, apellido_paterno, apellido_materno, correo_electronico, resenia, rfc, direccion, pais_id) values (264, 'Sigismund', 'Kadar', null, 'sderell7b@webeden.co.uk', 'e-enable collaborative platforms', '225-07-3548', '372 Merchant Pass', 8);
insert into comprador (comprador_id, nombre, apellido_paterno, apellido_materno, correo_electronico, resenia, rfc, direccion, pais_id) values (265, 'Randy', 'Chaloner', 'Battabee', 'rbattabee7c@people.com.cn', 'leverage sexy partnerships', '551-05-6772', '6943 Hoepker Center', 3);
insert into comprador (comprador_id, nombre, apellido_paterno, apellido_materno, correo_electronico, resenia, rfc, direccion, pais_id) values (266, 'Rochell', 'Gritsunov', 'Sheepy', 'rsheepy7d@yellowpages.com', 'harness bricks-and-clicks infrastructures', '542-52-5386', '2225 Village Crossing', 13);
insert into comprador (comprador_id, nombre, apellido_paterno, apellido_materno, correo_electronico, resenia, rfc, direccion, pais_id) values (267, 'Gerry', 'Van Velde', 'Rennie', 'grennie7e@discuz.net', 'seize next-generation e-commerce', '429-77-3785', '3156 Stephen Court', 1);
insert into comprador (comprador_id, nombre, apellido_paterno, apellido_materno, correo_electronico, resenia, rfc, direccion, pais_id) values (268, 'Kennett', 'Crocken', 'Lemary', 'klemary7f@hibu.com', 'incentivize viral e-business', '193-23-3037', '8968 Hooker Park', 1);
insert into comprador (comprador_id, nombre, apellido_paterno, apellido_materno, correo_electronico, resenia, rfc, direccion, pais_id) values (269, 'Miranda', 'Tottman', 'Coldbreath', 'mcoldbreath7g@angelfire.com', 'monetize scalable schemas', '800-74-5339', '87 Northfield Hill', 15);
insert into comprador (comprador_id, nombre, apellido_paterno, apellido_materno, correo_electronico, resenia, rfc, direccion, pais_id) values (270, 'Bordie', 'Kennelly', 'Dewsbury', 'bdewsbury7h@thetimes.co.uk', 'generate next-generation web services', '745-73-5709', '79 Boyd Point', 11);
insert into comprador (comprador_id, nombre, apellido_paterno, apellido_materno, correo_electronico, resenia, rfc, direccion, pais_id) values (271, 'Gun', 'Tuley', 'Birkin', 'gbirkin7i@behance.net', 'facilitate magnetic models', '689-87-6620', '7667 Birchwood Trail', 8);
insert into comprador (comprador_id, nombre, apellido_paterno, apellido_materno, correo_electronico, resenia, rfc, direccion, pais_id) values (272, 'Jarret', 'Blacktin', 'Probetts', 'jprobetts7j@cafepress.com', 'matrix cutting-edge systems', '166-90-2426', '7141 Transport Point', 15);
insert into comprador (comprador_id, nombre, apellido_paterno, apellido_materno, correo_electronico, resenia, rfc, direccion, pais_id) values (273, 'Eden', 'Gladdish', 'Bente', 'ebente7k@fotki.com', 'implement B2C infrastructures', '562-85-5040', '90935 Golf Parkway', 16);
insert into comprador (comprador_id, nombre, apellido_paterno, apellido_materno, correo_electronico, resenia, rfc, direccion, pais_id) values (274, 'Josepha', 'Olekhov', 'Screeton', 'jscreeton7l@mysql.com', 'streamline magnetic models', '749-35-9152', '3313 Vidon Drive', 3);
insert into comprador (comprador_id, nombre, apellido_paterno, apellido_materno, correo_electronico, resenia, rfc, direccion, pais_id) values (275, 'Eran', 'Dedham', 'Jozaitis', 'ejozaitis7m@reddit.com', 'integrate next-generation networks', '378-06-8226', '717 Anhalt Street', 19);
insert into comprador (comprador_id, nombre, apellido_paterno, apellido_materno, correo_electronico, resenia, rfc, direccion, pais_id) values (276, 'Tracey', 'MacManus', 'Boulger', 'tboulger7n@xinhuanet.com', 'expedite clicks-and-mortar synergies', '412-64-7423', '006 Gateway Parkway', 3);
insert into comprador (comprador_id, nombre, apellido_paterno, apellido_materno, correo_electronico, resenia, rfc, direccion, pais_id) values (277, 'Norrie', 'Dumphrey', 'Lutton', 'nlutton7o@godaddy.com', 'embrace granular networks', '537-51-0200', '0 Maple Hill', 6);
insert into comprador (comprador_id, nombre, apellido_paterno, apellido_materno, correo_electronico, resenia, rfc, direccion, pais_id) values (278, 'Tadd', 'Colten', 'Loveland', 'tloveland7p@gnu.org', 'benchmark virtual markets', '647-09-8163', '0 3rd Hill', 8);
insert into comprador (comprador_id, nombre, apellido_paterno, apellido_materno, correo_electronico, resenia, rfc, direccion, pais_id) values (279, 'Cecilia', 'McCullogh', 'Benmore', 'cbenmore7q@usda.gov', 'engage dot-com applications', '802-11-7117', '39341 Straubel Hill', 4);
insert into comprador (comprador_id, nombre, apellido_paterno, apellido_materno, correo_electronico, resenia, rfc, direccion, pais_id) values (280, 'Yul', 'Adshad', 'Spurge', 'yspurge7r@mozilla.com', 'mesh ubiquitous ROI', '685-92-6913', '3 Golf Course Junction', 19);
insert into comprador (comprador_id, nombre, apellido_paterno, apellido_materno, correo_electronico, resenia, rfc, direccion, pais_id) values (281, 'Rogers', 'Assel', 'Hookes', 'rhookes7s@irs.gov', 'productize frictionless platforms', '651-95-6041', '5 Gale Point', 4);
insert into comprador (comprador_id, nombre, apellido_paterno, apellido_materno, correo_electronico, resenia, rfc, direccion, pais_id) values (282, 'Myrna', 'Morhall', 'Lemary', 'mlemary7t@msu.edu', 'morph customized infrastructures', '783-94-2586', '681 Becker Avenue', 18);
insert into comprador (comprador_id, nombre, apellido_paterno, apellido_materno, correo_electronico, resenia, rfc, direccion, pais_id) values (283, 'Cindie', 'Bagnall', 'McAster', 'cmcaster7u@gov.uk', 'aggregate plug-and-play supply-chains', '140-51-5220', '61701 Grim Pass', 9);
insert into comprador (comprador_id, nombre, apellido_paterno, apellido_materno, correo_electronico, resenia, rfc, direccion, pais_id) values (284, 'Normy', 'Buckney', 'Hannaby', 'nhannaby7v@exblog.jp', 'embrace transparent e-markets', '715-67-8207', '487 Sycamore Avenue', 3);
insert into comprador (comprador_id, nombre, apellido_paterno, apellido_materno, correo_electronico, resenia, rfc, direccion, pais_id) values (285, 'Baxie', 'Bussey', 'Nutt', 'bnutt7w@networksolutions.com', 'mesh compelling channels', '615-20-1410', '48 Green Avenue', 7);
insert into comprador (comprador_id, nombre, apellido_paterno, apellido_materno, correo_electronico, resenia, rfc, direccion, pais_id) values (286, 'Georgy', 'Romaint', null, 'glendon7x@alibaba.com', 'enable holistic vortals', '694-42-4930', '12 Pankratz Plaza', 19);
insert into comprador (comprador_id, nombre, apellido_paterno, apellido_materno, correo_electronico, resenia, rfc, direccion, pais_id) values (287, 'Gwenette', 'Nock', 'Birtchnell', 'gbirtchnell7y@sogou.com', 'optimize 24/365 niches', '663-74-3056', '36091 Artisan Lane', 1);
insert into comprador (comprador_id, nombre, apellido_paterno, apellido_materno, correo_electronico, resenia, rfc, direccion, pais_id) values (288, 'Dode', 'Issett', 'Outram', 'doutram7z@typepad.com', 'envisioneer out-of-the-box portals', '405-17-9906', '93 Loftsgordon Road', 13);
insert into comprador (comprador_id, nombre, apellido_paterno, apellido_materno, correo_electronico, resenia, rfc, direccion, pais_id) values (289, 'Kizzie', 'Seedhouse', 'Gayden', 'kgayden80@webeden.co.uk', 'syndicate viral technologies', '489-16-0201', '4 Red Cloud Court', 3);
insert into comprador (comprador_id, nombre, apellido_paterno, apellido_materno, correo_electronico, resenia, rfc, direccion, pais_id) values (290, 'Arlinda', 'Schimmang', 'Goodfellow', 'agoodfellow81@vk.com', 'extend web-enabled models', '657-28-2373', '31194 Scoville Alley', 8);
insert into comprador (comprador_id, nombre, apellido_paterno, apellido_materno, correo_electronico, resenia, rfc, direccion, pais_id) values (291, 'Bessy', 'Zukerman', 'Nurdin', 'bnurdin82@mysql.com', 'enable extensible action-items', '817-01-5990', '644 Helena Avenue', 4);
insert into comprador (comprador_id, nombre, apellido_paterno, apellido_materno, correo_electronico, resenia, rfc, direccion, pais_id) values (292, 'Red', 'Supple', 'Wyrall', 'rwyrall83@pbs.org', 'transition 24/365 schemas', '132-06-3261', '6 Victoria Avenue', 9);
insert into comprador (comprador_id, nombre, apellido_paterno, apellido_materno, correo_electronico, resenia, rfc, direccion, pais_id) values (293, 'Brok', 'Gergolet', 'Kittredge', 'bkittredge84@who.int', 'repurpose end-to-end infrastructures', '167-92-4749', '887 Columbus Way', 2);
insert into comprador (comprador_id, nombre, apellido_paterno, apellido_materno, correo_electronico, resenia, rfc, direccion, pais_id) values (294, 'Isobel', 'Revening', 'Cool', 'icool85@whitehouse.gov', 'morph bricks-and-clicks methodologies', '888-24-2364', '92187 Maryland Way', 15);
insert into comprador (comprador_id, nombre, apellido_paterno, apellido_materno, correo_electronico, resenia, rfc, direccion, pais_id) values (295, 'Blake', 'Yggo', 'Widdowes', 'bwiddowes86@accuweather.com', 'monetize strategic e-services', '459-15-0544', '34796 Golf Course Point', 2);
insert into comprador (comprador_id, nombre, apellido_paterno, apellido_materno, correo_electronico, resenia, rfc, direccion, pais_id) values (296, 'Palmer', 'Gergely', 'Giottoi', 'pgiottoi87@nydailynews.com', 'deliver revolutionary infrastructures', '478-49-8570', '859 Jana Park', 3);
insert into comprador (comprador_id, nombre, apellido_paterno, apellido_materno, correo_electronico, resenia, rfc, direccion, pais_id) values (297, 'Inger', 'Smees', 'Head', 'ihead88@hugedomains.com', 'revolutionize revolutionary experiences', '489-89-4281', '8 Northport Place', 10);
insert into comprador (comprador_id, nombre, apellido_paterno, apellido_materno, correo_electronico, resenia, rfc, direccion, pais_id) values (298, 'Orin', 'Andrys', 'Barlass', 'obarlass89@icq.com', 'envisioneer B2C supply-chains', '319-79-7140', '3271 Maple Alley', 18);
insert into comprador (comprador_id, nombre, apellido_paterno, apellido_materno, correo_electronico, resenia, rfc, direccion, pais_id) values (299, 'Dewitt', 'Raoux', 'Skyner', 'dskyner8a@marketwatch.com', 'deliver next-generation networks', '851-45-0001', '48516 Caliangt Plaza', 6);
insert into comprador (comprador_id, nombre, apellido_paterno, apellido_materno, correo_electronico, resenia, rfc, direccion, pais_id) values (300, 'Polly', 'Sams', 'Pennoni', 'ppennoni8b@meetup.com', 'iterate 24/7 initiatives', '103-88-5969', '95 Cordelia Alley', 16);
insert into comprador (comprador_id, nombre, apellido_paterno, apellido_materno, correo_electronico, resenia, rfc, direccion, pais_id) values (301, 'Jordain', 'Brabin', 'Wotherspoon', 'jwotherspoon8c@ow.ly', 'matrix enterprise interfaces', '732-94-3699', '8 Del Mar Terrace', 14);
insert into comprador (comprador_id, nombre, apellido_paterno, apellido_materno, correo_electronico, resenia, rfc, direccion, pais_id) values (302, 'Hale', 'Kyles', null, 'hmundie8d@ebay.com', 'exploit cross-media e-commerce', '494-83-8894', '3048 Saint Paul Crossing', 4);
insert into comprador (comprador_id, nombre, apellido_paterno, apellido_materno, correo_electronico, resenia, rfc, direccion, pais_id) values (303, 'Lewiss', 'Mocker', 'Stapels', 'lstapels8e@sbwire.com', 'architect robust convergence', '603-79-3094', '4 Clove Court', 8);
insert into comprador (comprador_id, nombre, apellido_paterno, apellido_materno, correo_electronico, resenia, rfc, direccion, pais_id) values (304, 'Roch', 'Kerrich', 'Jandl', 'rjandl8f@topsy.com', 'seize B2B portals', '640-55-6653', '9 Moland Parkway', 8);
insert into comprador (comprador_id, nombre, apellido_paterno, apellido_materno, correo_electronico, resenia, rfc, direccion, pais_id) values (305, 'Emlyn', 'Wigin', 'Stobbie', 'estobbie8g@macromedia.com', 'harness sticky e-commerce', '213-58-8770', '8154 Helena Avenue', 2);
insert into comprador (comprador_id, nombre, apellido_paterno, apellido_materno, correo_electronico, resenia, rfc, direccion, pais_id) values (306, 'Karin', 'O'' Molan', 'Steade', 'ksteade8h@fastcompany.com', 'empower end-to-end convergence', '304-81-2464', '7 Annamark Drive', 19);
insert into comprador (comprador_id, nombre, apellido_paterno, apellido_materno, correo_electronico, resenia, rfc, direccion, pais_id) values (307, 'Dita', 'Garrie', 'Aldham', 'daldham8i@adobe.com', 'whiteboard 24/7 web services', '117-53-5005', '9 Schurz Junction', 13);
insert into comprador (comprador_id, nombre, apellido_paterno, apellido_materno, correo_electronico, resenia, rfc, direccion, pais_id) values (308, 'Emili', 'Teresa', 'Heaford', 'eheaford8j@marriott.com', 'engineer impactful systems', '308-91-5833', '09249 Hazelcrest Crossing', 11);
insert into comprador (comprador_id, nombre, apellido_paterno, apellido_materno, correo_electronico, resenia, rfc, direccion, pais_id) values (309, 'Mindy', 'Excell', 'Goodwin', 'mgoodwin8k@ox.ac.uk', 'harness rich platforms', '486-22-9506', '11764 Acker Park', 18);
insert into comprador (comprador_id, nombre, apellido_paterno, apellido_materno, correo_electronico, resenia, rfc, direccion, pais_id) values (310, 'Goddard', 'Guilloud', 'Sinney', 'gsinney8l@hao123.com', 'repurpose front-end communities', '339-35-8429', '681 Fair Oaks Lane', 3);
insert into comprador (comprador_id, nombre, apellido_paterno, apellido_materno, correo_electronico, resenia, rfc, direccion, pais_id) values (311, 'Benetta', 'McLurg', 'Tembey', 'btembey8m@xrea.com', 'deliver distributed infomediaries', '698-87-1400', '004 Maywood Lane', 10);
insert into comprador (comprador_id, nombre, apellido_paterno, apellido_materno, correo_electronico, resenia, rfc, direccion, pais_id) values (312, 'Alexei', 'Pinkstone', 'Everill', 'aeverill8n@zdnet.com', 'incubate web-enabled technologies', '836-44-6658', '6559 Basil Point', 15);
insert into comprador (comprador_id, nombre, apellido_paterno, apellido_materno, correo_electronico, resenia, rfc, direccion, pais_id) values (313, 'Nelli', 'Dalgarno', 'Fish', 'nfish8o@twitpic.com', 'extend strategic content', '882-82-5755', '374 Burning Wood Alley', 9);
insert into comprador (comprador_id, nombre, apellido_paterno, apellido_materno, correo_electronico, resenia, rfc, direccion, pais_id) values (314, 'Garik', 'Ellicombe', 'Ricciardo', 'gricciardo8p@fotki.com', 'reinvent 24/365 models', '263-44-6153', '963 Columbus Alley', 7);
insert into comprador (comprador_id, nombre, apellido_paterno, apellido_materno, correo_electronico, resenia, rfc, direccion, pais_id) values (315, 'Korey', 'Bunting', 'Mitchall', 'kmitchall8q@miitbeian.gov.cn', 'evolve 24/7 eyeballs', '147-18-4275', '10 Golf Course Park', 12);
insert into comprador (comprador_id, nombre, apellido_paterno, apellido_materno, correo_electronico, resenia, rfc, direccion, pais_id) values (316, 'Graig', 'Ransley', 'Lappin', 'glappin8r@delicious.com', 'disintermediate compelling experiences', '659-43-3795', '2821 Rutledge Avenue', 12);
insert into comprador (comprador_id, nombre, apellido_paterno, apellido_materno, correo_electronico, resenia, rfc, direccion, pais_id) values (317, 'Jelene', 'Yezafovich', 'Waight', 'jwaight8s@bbb.org', 'grow strategic models', '202-69-7742', '481 Mccormick Court', 3);
insert into comprador (comprador_id, nombre, apellido_paterno, apellido_materno, correo_electronico, resenia, rfc, direccion, pais_id) values (318, 'Josefa', 'Winchester', 'Kondratovich', 'jkondratovich8t@nationalgeographic.com', 'disintermediate robust portals', '161-42-4720', '84 Golf Alley', 14);
insert into comprador (comprador_id, nombre, apellido_paterno, apellido_materno, correo_electronico, resenia, rfc, direccion, pais_id) values (319, 'Aubry', 'Bronger', null, 'atully8u@hao123.com', 'evolve back-end communities', '672-80-2710', '82503 Kensington Circle', 5);
insert into comprador (comprador_id, nombre, apellido_paterno, apellido_materno, correo_electronico, resenia, rfc, direccion, pais_id) values (320, 'Angelita', 'Rassell', 'Calvard', 'acalvard8v@google.com.hk', 'brand cross-platform communities', '294-95-0269', '239 Pearson Avenue', 16);
insert into comprador (comprador_id, nombre, apellido_paterno, apellido_materno, correo_electronico, resenia, rfc, direccion, pais_id) values (321, 'Bax', 'Buye', 'Alderson', 'balderson8w@canalblog.com', 'unleash plug-and-play functionalities', '585-54-6263', '44 Manufacturers Trail', 2);
insert into comprador (comprador_id, nombre, apellido_paterno, apellido_materno, correo_electronico, resenia, rfc, direccion, pais_id) values (322, 'Mae', 'Browne', null, 'mhylands8x@blogger.com', 'e-enable real-time e-commerce', '722-47-1208', '92 Old Shore Alley', 15);
insert into comprador (comprador_id, nombre, apellido_paterno, apellido_materno, correo_electronico, resenia, rfc, direccion, pais_id) values (323, 'Portia', 'Polo', 'Warbrick', 'pwarbrick8y@arizona.edu', 'enable rich solutions', '119-90-0890', '8575 Autumn Leaf Court', 18);
insert into comprador (comprador_id, nombre, apellido_paterno, apellido_materno, correo_electronico, resenia, rfc, direccion, pais_id) values (324, 'Stefa', 'Matthias', 'Gaskarth', 'sgaskarth8z@npr.org', 'reinvent impactful synergies', '786-88-2625', '98222 Sunfield Road', 20);
insert into comprador (comprador_id, nombre, apellido_paterno, apellido_materno, correo_electronico, resenia, rfc, direccion, pais_id) values (325, 'Rochester', 'Schiefersten', 'Weild', 'rweild90@marriott.com', 'maximize vertical systems', '593-44-5981', '270 Petterle Avenue', 2);
insert into comprador (comprador_id, nombre, apellido_paterno, apellido_materno, correo_electronico, resenia, rfc, direccion, pais_id) values (326, 'Merrilee', 'Dixcey', 'Ortega', 'mortega91@whitehouse.gov', 'grow customized methodologies', '620-75-4272', '16 Quincy Pass', 4);
insert into comprador (comprador_id, nombre, apellido_paterno, apellido_materno, correo_electronico, resenia, rfc, direccion, pais_id) values (327, 'Dunn', 'Scollick', 'Haith', 'dhaith92@mysql.com', 'reintermediate bricks-and-clicks e-commerce', '245-21-1337', '86694 Brentwood Hill', 8);
insert into comprador (comprador_id, nombre, apellido_paterno, apellido_materno, correo_electronico, resenia, rfc, direccion, pais_id) values (328, 'Jillie', 'Peto', 'Bengtsen', 'jbengtsen93@imageshack.us', 'repurpose e-business schemas', '539-51-1484', '28 Bayside Circle', 3);
insert into comprador (comprador_id, nombre, apellido_paterno, apellido_materno, correo_electronico, resenia, rfc, direccion, pais_id) values (329, 'Cassandre', 'Ackery', 'Ferrarini', 'cferrarini94@networkadvertising.org', 'transition dynamic e-commerce', '821-10-0671', '3769 Glendale Court', 20);
insert into comprador (comprador_id, nombre, apellido_paterno, apellido_materno, correo_electronico, resenia, rfc, direccion, pais_id) values (330, 'Ferdinand', 'Vescovini', 'Janku', 'fjanku95@loc.gov', 'recontextualize extensible platforms', '664-82-7165', '2935 New Castle Hill', 14);
insert into comprador (comprador_id, nombre, apellido_paterno, apellido_materno, correo_electronico, resenia, rfc, direccion, pais_id) values (331, 'Ellyn', 'Sherlock', null, 'earckoll96@amazonaws.com', 'productize value-added portals', '359-18-4397', '7563 Kipling Avenue', 19);
insert into comprador (comprador_id, nombre, apellido_paterno, apellido_materno, correo_electronico, resenia, rfc, direccion, pais_id) values (332, 'Neille', 'Norheny', 'Quayle', 'nquayle97@google.co.jp', 'monetize scalable methodologies', '194-20-6735', '6184 Orin Drive', 10);
insert into comprador (comprador_id, nombre, apellido_paterno, apellido_materno, correo_electronico, resenia, rfc, direccion, pais_id) values (333, 'Joana', 'Mattke', 'Hannon', 'jhannon98@mozilla.com', 'grow 24/7 initiatives', '496-15-1245', '6 Shoshone Center', 16);
insert into comprador (comprador_id, nombre, apellido_paterno, apellido_materno, correo_electronico, resenia, rfc, direccion, pais_id) values (334, 'Lew', 'Millard', 'Mumbeson', 'lmumbeson99@google.ca', 'embrace web-enabled content', '201-29-9800', '2 Mesta Trail', 15);
insert into comprador (comprador_id, nombre, apellido_paterno, apellido_materno, correo_electronico, resenia, rfc, direccion, pais_id) values (335, 'Lulu', 'Sheasby', 'Engel', 'lengel9a@oracle.com', 'incentivize mission-critical methodologies', '602-51-5637', '78 Bonner Park', 20);
insert into comprador (comprador_id, nombre, apellido_paterno, apellido_materno, correo_electronico, resenia, rfc, direccion, pais_id) values (336, 'Filberto', 'Di Filippo', 'Dobrovolny', 'fdobrovolny9b@sohu.com', 'aggregate cross-media action-items', '824-62-6345', '5477 Pankratz Way', 20);
insert into comprador (comprador_id, nombre, apellido_paterno, apellido_materno, correo_electronico, resenia, rfc, direccion, pais_id) values (337, 'Venus', 'Hansberry', 'Proffitt', 'vproffitt9c@yahoo.co.jp', 'deliver vertical partnerships', '537-55-1504', '2 Weeping Birch Point', 3);
insert into comprador (comprador_id, nombre, apellido_paterno, apellido_materno, correo_electronico, resenia, rfc, direccion, pais_id) values (338, 'Arlee', 'Savil', 'Kerridge', 'akerridge9d@tuttocitta.it', 'whiteboard value-added paradigms', '694-15-5550', '971 Glacier Hill Way', 16);
insert into comprador (comprador_id, nombre, apellido_paterno, apellido_materno, correo_electronico, resenia, rfc, direccion, pais_id) values (339, 'Fitz', 'Beadon', null, 'favrashin9e@wisc.edu', 'matrix clicks-and-mortar markets', '263-08-1691', '91583 Westport Lane', 19);
insert into comprador (comprador_id, nombre, apellido_paterno, apellido_materno, correo_electronico, resenia, rfc, direccion, pais_id) values (340, 'Sarah', 'Reddings', 'Farnworth', 'sfarnworth9f@japanpost.jp', 'deploy transparent e-markets', '113-06-1624', '4 Corscot Point', 14);
insert into comprador (comprador_id, nombre, apellido_paterno, apellido_materno, correo_electronico, resenia, rfc, direccion, pais_id) values (341, 'Clarie', 'O''Fogerty', 'Iddins', 'ciddins9g@issuu.com', 'productize frictionless models', '583-10-5653', '45436 Kensington Junction', 10);
insert into comprador (comprador_id, nombre, apellido_paterno, apellido_materno, correo_electronico, resenia, rfc, direccion, pais_id) values (342, 'Jase', 'Jirousek', 'Gunston', 'jgunston9h@posterous.com', 'transition transparent e-business', '335-75-7517', '8935 Red Cloud Trail', 15);
insert into comprador (comprador_id, nombre, apellido_paterno, apellido_materno, correo_electronico, resenia, rfc, direccion, pais_id) values (343, 'Wallas', 'O''Roan', 'Keaveny', 'wkeaveny9i@boston.com', 'mesh dot-com e-tailers', '200-63-6437', '52 Drewry Road', 14);
insert into comprador (comprador_id, nombre, apellido_paterno, apellido_materno, correo_electronico, resenia, rfc, direccion, pais_id) values (344, 'Jan', 'Mineghelli', null, 'jwindridge9j@usatoday.com', 'iterate vertical deliverables', '269-82-1676', '0 Lyons Pass', 6);
insert into comprador (comprador_id, nombre, apellido_paterno, apellido_materno, correo_electronico, resenia, rfc, direccion, pais_id) values (345, 'Andree', 'Agate', 'Dradey', 'adradey9k@livejournal.com', 'engineer intuitive content', '240-85-9121', '8759 Kennedy Terrace', 8);
insert into comprador (comprador_id, nombre, apellido_paterno, apellido_materno, correo_electronico, resenia, rfc, direccion, pais_id) values (346, 'Shell', 'Delgado', 'Lauritzen', 'slauritzen9l@weather.com', 'enhance collaborative action-items', '884-44-6783', '46 Oak Hill', 20);
insert into comprador (comprador_id, nombre, apellido_paterno, apellido_materno, correo_electronico, resenia, rfc, direccion, pais_id) values (347, 'Lea', 'Chattington', 'Plumstead', 'lplumstead9m@tinyurl.com', 'unleash proactive experiences', '739-64-4265', '96 Barnett Court', 3);
insert into comprador (comprador_id, nombre, apellido_paterno, apellido_materno, correo_electronico, resenia, rfc, direccion, pais_id) values (348, 'Josephina', 'Braune', 'Binney', 'jbinney9n@sourceforge.net', 'harness customized applications', '102-82-5751', '37 Manufacturers Avenue', 20);
insert into comprador (comprador_id, nombre, apellido_paterno, apellido_materno, correo_electronico, resenia, rfc, direccion, pais_id) values (349, 'Ameline', 'Baudasso', 'Spires', 'aspires9o@walmart.com', 'grow interactive metrics', '192-86-7193', '1615 Blackbird Court', 14);
insert into comprador (comprador_id, nombre, apellido_paterno, apellido_materno, correo_electronico, resenia, rfc, direccion, pais_id) values (350, 'Casar', 'Bunclark', 'MacTavish', 'cmactavish9p@live.com', 'cultivate collaborative systems', '294-17-7827', '9 Dapin Circle', 15);
insert into comprador (comprador_id, nombre, apellido_paterno, apellido_materno, correo_electronico, resenia, rfc, direccion, pais_id) values (351, 'Panchito', 'Karolczyk', 'Dabes', 'pdabes9q@shinystat.com', 'engage magnetic supply-chains', '652-35-8133', '06 Talisman Park', 11);
insert into comprador (comprador_id, nombre, apellido_paterno, apellido_materno, correo_electronico, resenia, rfc, direccion, pais_id) values (352, 'Maryrose', 'Wolford', 'Jebb', 'mjebb9r@joomla.org', 'enable synergistic paradigms', '842-81-4490', '4 Express Street', 12);
insert into comprador (comprador_id, nombre, apellido_paterno, apellido_materno, correo_electronico, resenia, rfc, direccion, pais_id) values (353, 'Nicholle', 'Feander', 'Ewell', 'newell9s@disqus.com', 'streamline efficient web-readiness', '246-26-1657', '89893 Rigney Park', 6);
insert into comprador (comprador_id, nombre, apellido_paterno, apellido_materno, correo_electronico, resenia, rfc, direccion, pais_id) values (354, 'Boote', 'Sansom', null, 'bwhetson9t@theguardian.com', 'morph B2C partnerships', '245-48-1191', '0985 Spohn Place', 14);
insert into comprador (comprador_id, nombre, apellido_paterno, apellido_materno, correo_electronico, resenia, rfc, direccion, pais_id) values (355, 'Leslie', 'Meech', 'Fern', 'lfern9u@cdc.gov', 'e-enable leading-edge web-readiness', '757-30-8632', '0910 Oneill Lane', 12);
insert into comprador (comprador_id, nombre, apellido_paterno, apellido_materno, correo_electronico, resenia, rfc, direccion, pais_id) values (356, 'Kennie', 'Munslow', 'Wortman', 'kwortman9v@timesonline.co.uk', 'extend virtual systems', '444-91-6983', '24 Golf View Point', 4);
insert into comprador (comprador_id, nombre, apellido_paterno, apellido_materno, correo_electronico, resenia, rfc, direccion, pais_id) values (357, 'Rhonda', 'Rowantree', 'Buncombe', 'rbuncombe9w@eventbrite.com', 'integrate impactful schemas', '628-45-4308', '94 Charing Cross Circle', 20);
insert into comprador (comprador_id, nombre, apellido_paterno, apellido_materno, correo_electronico, resenia, rfc, direccion, pais_id) values (358, 'Etty', 'Climpson', 'Moodie', 'emoodie9x@businessinsider.com', 'leverage one-to-one synergies', '598-59-2640', '7739 Eagan Pass', 14);
insert into comprador (comprador_id, nombre, apellido_paterno, apellido_materno, correo_electronico, resenia, rfc, direccion, pais_id) values (359, 'Jandy', 'Murrock', 'Burfoot', 'jburfoot9y@toplist.cz', 'brand frictionless infrastructures', '782-53-3966', '38 Ruskin Way', 7);
insert into comprador (comprador_id, nombre, apellido_paterno, apellido_materno, correo_electronico, resenia, rfc, direccion, pais_id) values (360, 'Quinlan', 'Koppe', 'Casoni', 'qcasoni9z@timesonline.co.uk', 'transition leading-edge applications', '302-28-5061', '28 Warrior Terrace', 12);
insert into comprador (comprador_id, nombre, apellido_paterno, apellido_materno, correo_electronico, resenia, rfc, direccion, pais_id) values (361, 'Nicola', 'Dosedale', 'Keelan', 'nkeelana0@answers.com', 'leverage viral e-services', '170-04-6024', '360 Longview Circle', 1);
insert into comprador (comprador_id, nombre, apellido_paterno, apellido_materno, correo_electronico, resenia, rfc, direccion, pais_id) values (362, 'Alessandra', 'Ladell', 'Eplett', 'aepletta1@gizmodo.com', 'brand best-of-breed markets', '629-38-2432', '42 Derek Trail', 19);
insert into comprador (comprador_id, nombre, apellido_paterno, apellido_materno, correo_electronico, resenia, rfc, direccion, pais_id) values (363, 'Inglebert', 'Cartmael', 'MacKerley', 'imackerleya2@rambler.ru', 'aggregate synergistic models', '335-38-5521', '21842 Monterey Alley', 16);
insert into comprador (comprador_id, nombre, apellido_paterno, apellido_materno, correo_electronico, resenia, rfc, direccion, pais_id) values (364, 'Sutherlan', 'Willey', 'Eichmann', 'seichmanna3@home.pl', 'morph customized e-markets', '880-04-8871', '50 Truax Drive', 9);
insert into comprador (comprador_id, nombre, apellido_paterno, apellido_materno, correo_electronico, resenia, rfc, direccion, pais_id) values (365, 'Catherine', 'Acklands', null, 'cstowersa4@indiatimes.com', 'empower compelling solutions', '820-92-1411', '352 School Plaza', 20);
insert into comprador (comprador_id, nombre, apellido_paterno, apellido_materno, correo_electronico, resenia, rfc, direccion, pais_id) values (366, 'Denis', 'Haliburn', 'Laraway', 'dlarawaya5@smugmug.com', 'integrate holistic networks', '115-04-2870', '94399 Oriole Drive', 15);
insert into comprador (comprador_id, nombre, apellido_paterno, apellido_materno, correo_electronico, resenia, rfc, direccion, pais_id) values (367, 'Cassandra', 'Riccardini', 'Phippen', 'cphippena6@nsw.gov.au', 'orchestrate value-added channels', '789-11-3494', '36031 Spaight Hill', 14);
insert into comprador (comprador_id, nombre, apellido_paterno, apellido_materno, correo_electronico, resenia, rfc, direccion, pais_id) values (368, 'Andre', 'Lapslie', 'Kingstne', 'akingstnea7@alibaba.com', 'cultivate open-source ROI', '750-81-4299', '56589 Claremont Place', 9);
insert into comprador (comprador_id, nombre, apellido_paterno, apellido_materno, correo_electronico, resenia, rfc, direccion, pais_id) values (369, 'Cordie', 'Patmore', 'Emney', 'cemneya8@amazon.co.jp', 'envisioneer customized deliverables', '238-14-7342', '07695 Fulton Trail', 10);
insert into comprador (comprador_id, nombre, apellido_paterno, apellido_materno, correo_electronico, resenia, rfc, direccion, pais_id) values (370, 'Theodora', 'Kilius', 'Goodridge', 'tgoodridgea9@bbc.co.uk', 'iterate frictionless supply-chains', '642-18-9001', '35895 Eastwood Lane', 18);
insert into comprador (comprador_id, nombre, apellido_paterno, apellido_materno, correo_electronico, resenia, rfc, direccion, pais_id) values (371, 'Frannie', 'De Wolfe', 'Nolot', 'fnolotaa@ow.ly', 'disintermediate revolutionary paradigms', '402-87-3310', '62898 Lien Lane', 14);
insert into comprador (comprador_id, nombre, apellido_paterno, apellido_materno, correo_electronico, resenia, rfc, direccion, pais_id) values (372, 'Karita', 'Hackelton', 'Duckers', 'kduckersab@myspace.com', 'benchmark cross-platform convergence', '636-93-1484', '6 Dapin Hill', 4);
insert into comprador (comprador_id, nombre, apellido_paterno, apellido_materno, correo_electronico, resenia, rfc, direccion, pais_id) values (373, 'Yance', 'Burchall', 'Riha', 'yrihaac@opera.com', 'target transparent vortals', '560-08-7130', '3 Bellgrove Terrace', 18);
insert into comprador (comprador_id, nombre, apellido_paterno, apellido_materno, correo_electronico, resenia, rfc, direccion, pais_id) values (374, 'Gayel', 'Dugald', 'Wye', 'gwyead@php.net', 'envisioneer bricks-and-clicks web services', '623-02-6262', '5 Parkside Circle', 7);
insert into comprador (comprador_id, nombre, apellido_paterno, apellido_materno, correo_electronico, resenia, rfc, direccion, pais_id) values (375, 'Borden', 'Beton', 'Anmore', 'banmoreae@opensource.org', 'engineer B2B architectures', '207-30-2359', '054 Harbort Crossing', 7);
insert into comprador (comprador_id, nombre, apellido_paterno, apellido_materno, correo_electronico, resenia, rfc, direccion, pais_id) values (376, 'Viviana', 'Tallquist', 'Jeanet', 'vjeanetaf@behance.net', 'monetize magnetic niches', '253-02-4179', '4 Bunker Hill Trail', 8);
insert into comprador (comprador_id, nombre, apellido_paterno, apellido_materno, correo_electronico, resenia, rfc, direccion, pais_id) values (377, 'Alistair', 'Bartalucci', 'Luckes', 'aluckesag@google.es', 'scale visionary content', '484-19-1508', '664 Transport Road', 11);
insert into comprador (comprador_id, nombre, apellido_paterno, apellido_materno, correo_electronico, resenia, rfc, direccion, pais_id) values (378, 'Burk', 'Charleston', null, 'bhorderah@craigslist.org', 'orchestrate next-generation supply-chains', '599-47-7609', '54710 Crescent Oaks Crossing', 12);
insert into comprador (comprador_id, nombre, apellido_paterno, apellido_materno, correo_electronico, resenia, rfc, direccion, pais_id) values (379, 'Pauline', 'Hoggan', 'Osgorby', 'posgorbyai@cbslocal.com', 'synthesize user-centric web services', '797-55-2818', '582 Katie Crossing', 14);
insert into comprador (comprador_id, nombre, apellido_paterno, apellido_materno, correo_electronico, resenia, rfc, direccion, pais_id) values (380, 'Lurline', 'Sheaber', 'Adlard', 'ladlardaj@tinypic.com', 'strategize proactive channels', '792-74-5789', '83 Colorado Street', 18);
insert into comprador (comprador_id, nombre, apellido_paterno, apellido_materno, correo_electronico, resenia, rfc, direccion, pais_id) values (381, 'Bev', 'Berthe', 'Napthine', 'bnapthineak@ustream.tv', 'syndicate value-added e-services', '718-36-3315', '24444 Sunfield Point', 8);
insert into comprador (comprador_id, nombre, apellido_paterno, apellido_materno, correo_electronico, resenia, rfc, direccion, pais_id) values (382, 'Chantalle', 'Garretts', 'Legan', 'cleganal@columbia.edu', 'grow transparent channels', '694-69-5731', '71362 Talisman Center', 12);
insert into comprador (comprador_id, nombre, apellido_paterno, apellido_materno, correo_electronico, resenia, rfc, direccion, pais_id) values (383, 'Rivi', 'Feaviour', 'Oxenham', 'roxenhamam@i2i.jp', 'extend vertical deliverables', '478-61-7308', '3 Oxford Circle', 20);
insert into comprador (comprador_id, nombre, apellido_paterno, apellido_materno, correo_electronico, resenia, rfc, direccion, pais_id) values (384, 'Pamella', 'Barthrup', 'Cuzen', 'pcuzenan@ucoz.com', 'generate interactive infomediaries', '869-67-0336', '56 Transport Pass', 4);
insert into comprador (comprador_id, nombre, apellido_paterno, apellido_materno, correo_electronico, resenia, rfc, direccion, pais_id) values (385, 'Meredeth', 'Mallya', 'Pearlman', 'mpearlmanao@xrea.com', 'incubate extensible e-commerce', '559-51-0029', '6 Basil Terrace', 10);
insert into comprador (comprador_id, nombre, apellido_paterno, apellido_materno, correo_electronico, resenia, rfc, direccion, pais_id) values (386, 'Annaliese', 'Taylo', 'Yexley', 'ayexleyap@slate.com', 'facilitate world-class e-tailers', '523-86-2450', '851 Kingsford Way', 19);
insert into comprador (comprador_id, nombre, apellido_paterno, apellido_materno, correo_electronico, resenia, rfc, direccion, pais_id) values (387, 'Guntar', 'Salkeld', 'Andrus', 'gandrusaq@jigsy.com', 'recontextualize dynamic models', '497-41-3929', '1 Comanche Way', 2);
insert into comprador (comprador_id, nombre, apellido_paterno, apellido_materno, correo_electronico, resenia, rfc, direccion, pais_id) values (388, 'Melly', 'Piers', 'Pindar', 'mpindarar@slate.com', 'reinvent transparent e-business', '201-40-7341', '888 Summer Ridge Drive', 11);
insert into comprador (comprador_id, nombre, apellido_paterno, apellido_materno, correo_electronico, resenia, rfc, direccion, pais_id) values (389, 'Matty', 'Dainton', 'Cutchie', 'mcutchieas@nationalgeographic.com', 'deliver world-class ROI', '613-42-8274', '07 Nancy Crossing', 8);
insert into comprador (comprador_id, nombre, apellido_paterno, apellido_materno, correo_electronico, resenia, rfc, direccion, pais_id) values (390, 'Mira', 'Carlisso', 'Blest', 'mblestat@unicef.org', 'architect web-enabled e-tailers', '651-47-4374', '1 Meadow Ridge Circle', 12);
insert into comprador (comprador_id, nombre, apellido_paterno, apellido_materno, correo_electronico, resenia, rfc, direccion, pais_id) values (391, 'Wolfy', 'Sinnott', 'Mancktelow', 'wmancktelowau@addthis.com', 'engineer transparent e-tailers', '897-28-7072', '463 Lillian Road', 18);
insert into comprador (comprador_id, nombre, apellido_paterno, apellido_materno, correo_electronico, resenia, rfc, direccion, pais_id) values (392, 'Anne', 'Banbrigge', 'Opy', 'aopyav@salon.com', 'synthesize enterprise action-items', '828-22-6620', '84304 Fair Oaks Way', 11);
insert into comprador (comprador_id, nombre, apellido_paterno, apellido_materno, correo_electronico, resenia, rfc, direccion, pais_id) values (393, 'Georgianna', 'Kelleher', 'Ummfrey', 'gummfreyaw@wordpress.org', 'incubate web-enabled e-tailers', '632-71-4170', '10 Mallory Way', 1);
insert into comprador (comprador_id, nombre, apellido_paterno, apellido_materno, correo_electronico, resenia, rfc, direccion, pais_id) values (394, 'Georges', 'Atterbury', 'Really', 'greallyax@yellowbook.com', 'mesh impactful mindshare', '170-45-6557', '1 Clove Hill', 1);
insert into comprador (comprador_id, nombre, apellido_paterno, apellido_materno, correo_electronico, resenia, rfc, direccion, pais_id) values (395, 'Zsazsa', 'Bosward', 'Krebs', 'zkrebsay@squarespace.com', 'transition scalable paradigms', '302-23-1909', '1243 3rd Center', 7);
insert into comprador (comprador_id, nombre, apellido_paterno, apellido_materno, correo_electronico, resenia, rfc, direccion, pais_id) values (396, 'Otis', 'Scolts', 'Bottby', 'obottbyaz@merriam-webster.com', 'facilitate ubiquitous interfaces', '199-52-2464', '035 Arizona Point', 4);
insert into comprador (comprador_id, nombre, apellido_paterno, apellido_materno, correo_electronico, resenia, rfc, direccion, pais_id) values (397, 'Norry', 'Giffaut', null, 'ncrosierb0@washingtonpost.com', 'unleash real-time relationships', '274-92-0271', '86 Hudson Terrace', 5);
insert into comprador (comprador_id, nombre, apellido_paterno, apellido_materno, correo_electronico, resenia, rfc, direccion, pais_id) values (398, 'Kennett', 'Dewerson', 'Steddall', 'ksteddallb1@omniture.com', 'revolutionize open-source e-commerce', '252-94-2165', '800 Kings Hill', 19);
insert into comprador (comprador_id, nombre, apellido_paterno, apellido_materno, correo_electronico, resenia, rfc, direccion, pais_id) values (399, 'Maggie', 'Shelmerdine', 'Pettisall', 'mpettisallb2@ning.com', 'generate mission-critical e-business', '674-92-2633', '2068 Sachs Crossing', 12);
insert into comprador (comprador_id, nombre, apellido_paterno, apellido_materno, correo_electronico, resenia, rfc, direccion, pais_id) values (400, 'Georgeta', 'McQuade', 'Nowakowska', 'gnowakowskab3@arstechnica.com', 'reinvent one-to-one metrics', '417-23-8543', '1 Holmberg Crossing', 8);
insert into comprador (comprador_id, nombre, apellido_paterno, apellido_materno, correo_electronico, resenia, rfc, direccion, pais_id) values (401, 'Francklin', 'Errigo', 'Sails', 'fsailsb4@auda.org.au', 'envisioneer revolutionary e-tailers', '138-42-8923', '9 Merry Place', 15);
insert into comprador (comprador_id, nombre, apellido_paterno, apellido_materno, correo_electronico, resenia, rfc, direccion, pais_id) values (402, 'Melinde', 'Hyndson', 'Figiovanni', 'mfigiovannib5@engadget.com', 'strategize wireless action-items', '606-35-2638', '926 Ridge Oak Hill', 10);
insert into comprador (comprador_id, nombre, apellido_paterno, apellido_materno, correo_electronico, resenia, rfc, direccion, pais_id) values (403, 'Nadean', 'Hirsch', 'Cahan', 'ncahanb6@linkedin.com', 'whiteboard collaborative niches', '153-26-6612', '942 Annamark Hill', 14);
insert into comprador (comprador_id, nombre, apellido_paterno, apellido_materno, correo_electronico, resenia, rfc, direccion, pais_id) values (404, 'Jaime', 'Sillick', 'Tooby', 'jtoobyb7@flavors.me', 'deliver one-to-one e-commerce', '193-43-3341', '8800 Florence Drive', 14);
insert into comprador (comprador_id, nombre, apellido_paterno, apellido_materno, correo_electronico, resenia, rfc, direccion, pais_id) values (405, 'Ina', 'Fishe', 'Conlaund', 'iconlaundb8@w3.org', 'brand rich channels', '129-28-0012', '581 Northwestern Park', 19);
insert into comprador (comprador_id, nombre, apellido_paterno, apellido_materno, correo_electronico, resenia, rfc, direccion, pais_id) values (406, 'Hogan', 'Colin', null, 'hsavinsb9@google.com.hk', 'revolutionize B2C communities', '156-15-4591', '65897 Colorado Plaza', 20);
insert into comprador (comprador_id, nombre, apellido_paterno, apellido_materno, correo_electronico, resenia, rfc, direccion, pais_id) values (407, 'Reagen', 'Errowe', 'Fumagalli', 'rfumagalliba@i2i.jp', 'extend back-end bandwidth', '248-50-2990', '34 Pankratz Pass', 15);
insert into comprador (comprador_id, nombre, apellido_paterno, apellido_materno, correo_electronico, resenia, rfc, direccion, pais_id) values (408, 'Keane', 'Annakin', 'Scholtz', 'kscholtzbb@indiegogo.com', 'target B2C portals', '827-91-6826', '92218 Cody Terrace', 13);
insert into comprador (comprador_id, nombre, apellido_paterno, apellido_materno, correo_electronico, resenia, rfc, direccion, pais_id) values (409, 'Roxanna', 'Kay', 'Dallemore', 'rdallemorebc@free.fr', 'incubate frictionless applications', '198-45-2461', '31 Gateway Plaza', 11);
insert into comprador (comprador_id, nombre, apellido_paterno, apellido_materno, correo_electronico, resenia, rfc, direccion, pais_id) values (410, 'Theresina', 'De Atta', 'Holde', 'tholdebd@free.fr', 'transition compelling paradigms', '461-51-9727', '21160 Forest Crossing', 8);
insert into comprador (comprador_id, nombre, apellido_paterno, apellido_materno, correo_electronico, resenia, rfc, direccion, pais_id) values (411, 'Tamara', 'Rozier', 'MacAloren', 'tmacalorenbe@exblog.jp', 'drive web-enabled interfaces', '142-55-9894', '712 Harbort Trail', 5);
insert into comprador (comprador_id, nombre, apellido_paterno, apellido_materno, correo_electronico, resenia, rfc, direccion, pais_id) values (412, 'Ethel', 'Corneljes', 'Tennick', 'etennickbf@unicef.org', 'leverage frictionless ROI', '723-49-6325', '43572 Morrow Court', 2);
insert into comprador (comprador_id, nombre, apellido_paterno, apellido_materno, correo_electronico, resenia, rfc, direccion, pais_id) values (413, 'Daria', 'Islip', 'Braxton', 'dbraxtonbg@opensource.org', 'streamline web-enabled niches', '557-73-6826', '382 Arkansas Place', 10);
insert into comprador (comprador_id, nombre, apellido_paterno, apellido_materno, correo_electronico, resenia, rfc, direccion, pais_id) values (414, 'Ashley', 'MacRory', 'Joynes', 'ajoynesbh@rakuten.co.jp', 'seize real-time platforms', '378-95-1505', '360 Summer Ridge Pass', 3);
insert into comprador (comprador_id, nombre, apellido_paterno, apellido_materno, correo_electronico, resenia, rfc, direccion, pais_id) values (415, 'Clare', 'Loxston', 'Liversidge', 'cliversidgebi@trellian.com', 'generate collaborative vortals', '760-46-8043', '9 Main Terrace', 8);
insert into comprador (comprador_id, nombre, apellido_paterno, apellido_materno, correo_electronico, resenia, rfc, direccion, pais_id) values (416, 'Portia', 'Gardener', 'Goggan', 'pgogganbj@mozilla.org', 'unleash one-to-one vortals', '606-40-3065', '8334 Forest Run Circle', 20);
insert into comprador (comprador_id, nombre, apellido_paterno, apellido_materno, correo_electronico, resenia, rfc, direccion, pais_id) values (417, 'Ranique', 'Gridley', 'Treadwell', 'rtreadwellbk@independent.co.uk', 'benchmark cross-media content', '433-51-1105', '0972 Burrows Crossing', 20);
insert into comprador (comprador_id, nombre, apellido_paterno, apellido_materno, correo_electronico, resenia, rfc, direccion, pais_id) values (418, 'Edik', 'Ceresa', 'Tessington', 'etessingtonbl@npr.org', 'redefine mission-critical e-services', '636-75-6142', '07 Russell Parkway', 15);
insert into comprador (comprador_id, nombre, apellido_paterno, apellido_materno, correo_electronico, resenia, rfc, direccion, pais_id) values (419, 'Ettore', 'Doubleday', 'Cavil', 'ecavilbm@uiuc.edu', 'expedite visionary platforms', '188-31-7698', '62 Bay Drive', 20);
insert into comprador (comprador_id, nombre, apellido_paterno, apellido_materno, correo_electronico, resenia, rfc, direccion, pais_id) values (420, 'Tersina', 'Trevena', 'Sills', 'tsillsbn@scribd.com', 'seize distributed niches', '185-12-5257', '0 Chinook Circle', 7);
insert into comprador (comprador_id, nombre, apellido_paterno, apellido_materno, correo_electronico, resenia, rfc, direccion, pais_id) values (421, 'Lilly', 'Preedy', 'Beeke', 'lbeekebo@histats.com', 'generate best-of-breed web-readiness', '884-19-6467', '766 Hanson Crossing', 18);
insert into comprador (comprador_id, nombre, apellido_paterno, apellido_materno, correo_electronico, resenia, rfc, direccion, pais_id) values (422, 'Brenden', 'Spadoni', 'Furmage', 'bfurmagebp@pinterest.com', 'extend viral architectures', '399-62-3573', '15 Daystar Hill', 11);
insert into comprador (comprador_id, nombre, apellido_paterno, apellido_materno, correo_electronico, resenia, rfc, direccion, pais_id) values (423, 'Piper', 'Drains', 'MacTurlough', 'pmacturloughbq@behance.net', 'generate viral niches', '379-55-1152', '69 Riverside Drive', 8);
insert into comprador (comprador_id, nombre, apellido_paterno, apellido_materno, correo_electronico, resenia, rfc, direccion, pais_id) values (424, 'Charlton', 'Laviss', 'Bisseker', 'cbissekerbr@miibeian.gov.cn', 'monetize e-business schemas', '728-78-5359', '4 Butterfield Drive', 8);
insert into comprador (comprador_id, nombre, apellido_paterno, apellido_materno, correo_electronico, resenia, rfc, direccion, pais_id) values (425, 'Jeramie', 'Bielfeldt', 'Schapero', 'jschaperobs@cbc.ca', 'facilitate 24/7 eyeballs', '507-96-8449', '1 Westridge Park', 13);
insert into comprador (comprador_id, nombre, apellido_paterno, apellido_materno, correo_electronico, resenia, rfc, direccion, pais_id) values (426, 'Konstance', 'Lorne', 'Boas', 'kboasbt@cafepress.com', 'iterate bricks-and-clicks initiatives', '132-55-3561', '87 Aberg Crossing', 13);
insert into comprador (comprador_id, nombre, apellido_paterno, apellido_materno, correo_electronico, resenia, rfc, direccion, pais_id) values (427, 'Madelena', 'Klessmann', 'Danis', 'mdanisbu@google.ca', 'scale one-to-one vortals', '228-77-9923', '85 Sutteridge Terrace', 2);
insert into comprador (comprador_id, nombre, apellido_paterno, apellido_materno, correo_electronico, resenia, rfc, direccion, pais_id) values (428, 'Vernor', 'Mellows', 'Polsin', 'vpolsinbv@wunderground.com', 'productize B2B convergence', '270-45-9854', '29387 Corben Way', 14);
insert into comprador (comprador_id, nombre, apellido_paterno, apellido_materno, correo_electronico, resenia, rfc, direccion, pais_id) values (429, 'Mordy', 'Bullar', null, 'mkoppkebw@arizona.edu', 'implement granular mindshare', '853-77-7399', '9 Ronald Regan Junction', 8);
insert into comprador (comprador_id, nombre, apellido_paterno, apellido_materno, correo_electronico, resenia, rfc, direccion, pais_id) values (430, 'Barnabas', 'Stiggers', 'Gardener', 'bgardenerbx@webeden.co.uk', 'harness interactive infrastructures', '136-59-1407', '018 Farmco Parkway', 5);
insert into comprador (comprador_id, nombre, apellido_paterno, apellido_materno, correo_electronico, resenia, rfc, direccion, pais_id) values (431, 'Tilda', 'Klass', 'Foster', 'tfosterby@ask.com', 'incentivize front-end architectures', '667-23-6530', '97011 Texas Terrace', 19);
insert into comprador (comprador_id, nombre, apellido_paterno, apellido_materno, correo_electronico, resenia, rfc, direccion, pais_id) values (432, 'Wallas', 'D''Agostino', 'August', 'waugustbz@merriam-webster.com', 'unleash out-of-the-box supply-chains', '380-48-3203', '4 Chinook Junction', 2);
insert into comprador (comprador_id, nombre, apellido_paterno, apellido_materno, correo_electronico, resenia, rfc, direccion, pais_id) values (433, 'Nananne', 'Penner', 'Whitefoot', 'nwhitefootc0@elpais.com', 'innovate scalable eyeballs', '244-80-4807', '2 Badeau Place', 14);
insert into comprador (comprador_id, nombre, apellido_paterno, apellido_materno, correo_electronico, resenia, rfc, direccion, pais_id) values (434, 'Devora', 'Fidgeon', 'Boyles', 'dboylesc1@deliciousdays.com', 'matrix out-of-the-box convergence', '196-86-0587', '894 Main Point', 6);
insert into comprador (comprador_id, nombre, apellido_paterno, apellido_materno, correo_electronico, resenia, rfc, direccion, pais_id) values (435, 'Derek', 'Ridgway', 'Lindop', 'dlindopc2@about.com', 'engage wireless e-services', '102-27-6113', '142 Bashford Junction', 17);
insert into comprador (comprador_id, nombre, apellido_paterno, apellido_materno, correo_electronico, resenia, rfc, direccion, pais_id) values (436, 'Avis', 'Curwood', null, 'adecristoforoc3@mapquest.com', 'streamline cross-media e-tailers', '244-41-8902', '30394 Iowa Park', 4);
insert into comprador (comprador_id, nombre, apellido_paterno, apellido_materno, correo_electronico, resenia, rfc, direccion, pais_id) values (437, 'Sophia', 'Frankcomb', 'Fiddler', 'sfiddlerc4@hc360.com', 'deploy enterprise web services', '754-34-6525', '187 Sutherland Pass', 3);
insert into comprador (comprador_id, nombre, apellido_paterno, apellido_materno, correo_electronico, resenia, rfc, direccion, pais_id) values (438, 'Yale', 'Ronchetti', 'Benjefield', 'ybenjefieldc5@digg.com', 'integrate end-to-end experiences', '130-75-7717', '12929 Dryden Alley', 5);
insert into comprador (comprador_id, nombre, apellido_paterno, apellido_materno, correo_electronico, resenia, rfc, direccion, pais_id) values (439, 'Alyson', 'Hail', 'Montfort', 'amontfortc6@miitbeian.gov.cn', 'e-enable revolutionary markets', '173-71-7045', '2336 Bashford Point', 2);
insert into comprador (comprador_id, nombre, apellido_paterno, apellido_materno, correo_electronico, resenia, rfc, direccion, pais_id) values (440, 'Janeta', 'Dallmann', 'Gindghill', 'jgindghillc7@forbes.com', 'streamline integrated ROI', '486-85-6993', '3 Welch Crossing', 10);
insert into comprador (comprador_id, nombre, apellido_paterno, apellido_materno, correo_electronico, resenia, rfc, direccion, pais_id) values (441, 'Vivien', 'Hens', 'Bleacher', 'vbleacherc8@51.la', 'evolve interactive web services', '624-81-3155', '4 Anderson Junction', 12);
insert into comprador (comprador_id, nombre, apellido_paterno, apellido_materno, correo_electronico, resenia, rfc, direccion, pais_id) values (442, 'Foster', 'Augie', 'Sive', 'fsivec9@nsw.gov.au', 'incentivize dot-com e-business', '532-48-6829', '5 Redwing Lane', 14);
insert into comprador (comprador_id, nombre, apellido_paterno, apellido_materno, correo_electronico, resenia, rfc, direccion, pais_id) values (443, 'Ricky', 'Craghead', 'Vaggs', 'rvaggsca@reddit.com', 'incubate cross-media ROI', '675-90-0185', '66525 Chinook Parkway', 18);
insert into comprador (comprador_id, nombre, apellido_paterno, apellido_materno, correo_electronico, resenia, rfc, direccion, pais_id) values (444, 'Mela', 'Valeri', 'Petrillo', 'mpetrillocb@noaa.gov', 'enable 24/365 convergence', '555-64-4972', '3 Riverside Point', 16);
insert into comprador (comprador_id, nombre, apellido_paterno, apellido_materno, correo_electronico, resenia, rfc, direccion, pais_id) values (445, 'Wilhelm', 'Forge', 'Markl', 'wmarklcc@buzzfeed.com', 'morph robust communities', '827-24-8487', '4128 Kennedy Road', 19);
insert into comprador (comprador_id, nombre, apellido_paterno, apellido_materno, correo_electronico, resenia, rfc, direccion, pais_id) values (446, 'Charo', 'Campione', 'O'' Meara', 'comearacd@freewebs.com', 'repurpose web-enabled technologies', '685-17-3140', '99278 Red Cloud Hill', 17);
insert into comprador (comprador_id, nombre, apellido_paterno, apellido_materno, correo_electronico, resenia, rfc, direccion, pais_id) values (447, 'Vina', 'Disbury', 'Pentycross', 'vpentycrossce@si.edu', 'whiteboard next-generation architectures', '846-82-2174', '9539 Loomis Alley', 1);
insert into comprador (comprador_id, nombre, apellido_paterno, apellido_materno, correo_electronico, resenia, rfc, direccion, pais_id) values (448, 'Conant', 'Tinton', 'Stanners', 'cstannerscf@list-manage.com', 'utilize dynamic infrastructures', '424-29-2222', '36740 Bunting Park', 13);
insert into comprador (comprador_id, nombre, apellido_paterno, apellido_materno, correo_electronico, resenia, rfc, direccion, pais_id) values (449, 'Harman', 'Keble', 'McQuilliam', 'hmcquilliamcg@marketwatch.com', 'unleash value-added systems', '460-73-2606', '0504 Lien Parkway', 1);
insert into comprador (comprador_id, nombre, apellido_paterno, apellido_materno, correo_electronico, resenia, rfc, direccion, pais_id) values (450, 'Gates', 'Weldrick', null, 'gstinchcombech@so-net.ne.jp', 'mesh out-of-the-box e-tailers', '197-75-2737', '4330 Bay Way', 1);
insert into comprador (comprador_id, nombre, apellido_paterno, apellido_materno, correo_electronico, resenia, rfc, direccion, pais_id) values (451, 'Mommy', 'Whitehurst', 'Carlson', 'mcarlsonci@flickr.com', 'cultivate e-business relationships', '882-35-0215', '8979 Forest Dale Avenue', 19);
insert into comprador (comprador_id, nombre, apellido_paterno, apellido_materno, correo_electronico, resenia, rfc, direccion, pais_id) values (452, 'Gayelord', 'Curme', 'Tyne', 'gtynecj@globo.com', 'synergize magnetic ROI', '857-99-6907', '33 Corben Avenue', 18);
insert into comprador (comprador_id, nombre, apellido_paterno, apellido_materno, correo_electronico, resenia, rfc, direccion, pais_id) values (453, 'Lorrie', 'Woodroff', 'Rugg', 'lruggck@nature.com', 'synthesize sticky infomediaries', '104-72-4702', '958 Harper Crossing', 5);
insert into comprador (comprador_id, nombre, apellido_paterno, apellido_materno, correo_electronico, resenia, rfc, direccion, pais_id) values (454, 'Koo', 'Judge', null, 'kbyrescl@mayoclinic.com', 'leverage synergistic platforms', '336-43-5449', '84 Sutherland Parkway', 15);
insert into comprador (comprador_id, nombre, apellido_paterno, apellido_materno, correo_electronico, resenia, rfc, direccion, pais_id) values (455, 'Pammy', 'Labbey', 'Wayon', 'pwayoncm@miitbeian.gov.cn', 'matrix magnetic web services', '651-03-4153', '8022 Valley Edge Plaza', 14);
insert into comprador (comprador_id, nombre, apellido_paterno, apellido_materno, correo_electronico, resenia, rfc, direccion, pais_id) values (456, 'Roarke', 'Cossentine', 'Charrette', 'rcharrettecn@princeton.edu', 'deliver holistic supply-chains', '493-16-7429', '149 Fulton Plaza', 10);
insert into comprador (comprador_id, nombre, apellido_paterno, apellido_materno, correo_electronico, resenia, rfc, direccion, pais_id) values (457, 'Fernando', 'Naish', 'Trunkfield', 'ftrunkfieldco@japanpost.jp', 'envisioneer efficient deliverables', '760-79-6117', '51 Division Pass', 1);
insert into comprador (comprador_id, nombre, apellido_paterno, apellido_materno, correo_electronico, resenia, rfc, direccion, pais_id) values (458, 'Kyla', 'Ugoni', 'Pentony', 'kpentonycp@hp.com', 'unleash granular paradigms', '284-01-2362', '69 Westport Hill', 17);
insert into comprador (comprador_id, nombre, apellido_paterno, apellido_materno, correo_electronico, resenia, rfc, direccion, pais_id) values (459, 'Cristine', 'Boffey', 'Dufton', 'cduftoncq@squidoo.com', 'mesh world-class action-items', '284-12-0892', '4667 Autumn Leaf Junction', 7);
insert into comprador (comprador_id, nombre, apellido_paterno, apellido_materno, correo_electronico, resenia, rfc, direccion, pais_id) values (460, 'Justin', 'Stoves', 'Bordone', 'jbordonecr@phpbb.com', 'synthesize clicks-and-mortar e-commerce', '558-13-7805', '070 Di Loreto Pass', 15);
insert into comprador (comprador_id, nombre, apellido_paterno, apellido_materno, correo_electronico, resenia, rfc, direccion, pais_id) values (461, 'Jewelle', 'Woolerton', 'Rogez', 'jrogezcs@jugem.jp', 'visualize enterprise e-markets', '646-85-5435', '76 Maywood Plaza', 6);
insert into comprador (comprador_id, nombre, apellido_paterno, apellido_materno, correo_electronico, resenia, rfc, direccion, pais_id) values (462, 'Frankie', 'Dreinan', 'Bauchop', 'fbauchopct@cdc.gov', 'transform visionary methodologies', '506-32-1764', '74 Onsgard Park', 18);
insert into comprador (comprador_id, nombre, apellido_paterno, apellido_materno, correo_electronico, resenia, rfc, direccion, pais_id) values (463, 'Teodoro', 'Pettendrich', null, 'thaylandcu@seesaa.net', 'deploy granular functionalities', '749-13-6073', '6 Browning Alley', 8);
insert into comprador (comprador_id, nombre, apellido_paterno, apellido_materno, correo_electronico, resenia, rfc, direccion, pais_id) values (464, 'Dallon', 'Batch', 'Alabone', 'dalabonecv@nyu.edu', 'syndicate 24/7 niches', '642-08-2769', '621 Artisan Way', 11);
insert into comprador (comprador_id, nombre, apellido_paterno, apellido_materno, correo_electronico, resenia, rfc, direccion, pais_id) values (465, 'Karna', 'Oakenfall', 'Strelitz', 'kstrelitzcw@myspace.com', 'harness intuitive architectures', '589-57-5063', '86688 Garrison Crossing', 2);
insert into comprador (comprador_id, nombre, apellido_paterno, apellido_materno, correo_electronico, resenia, rfc, direccion, pais_id) values (466, 'Caryn', 'Petrecz', 'Mirralls', 'cmirrallscx@hatena.ne.jp', 'productize cross-media portals', '225-78-2122', '6 Hanover Trail', 17);
insert into comprador (comprador_id, nombre, apellido_paterno, apellido_materno, correo_electronico, resenia, rfc, direccion, pais_id) values (467, 'Marlene', 'Hammerich', 'Christou', 'mchristoucy@cyberchimps.com', 'streamline cutting-edge infomediaries', '712-20-8152', '704 Golf Park', 7);
insert into comprador (comprador_id, nombre, apellido_paterno, apellido_materno, correo_electronico, resenia, rfc, direccion, pais_id) values (468, 'Worth', 'Radin', 'McHarry', 'wmcharrycz@boston.com', 'facilitate open-source relationships', '753-01-1978', '0857 Spohn Pass', 20);
insert into comprador (comprador_id, nombre, apellido_paterno, apellido_materno, correo_electronico, resenia, rfc, direccion, pais_id) values (469, 'Margalit', 'Goosnell', 'Hollows', 'mhollowsd0@springer.com', 'syndicate customized partnerships', '313-80-3347', '38 Lindbergh Crossing', 9);
insert into comprador (comprador_id, nombre, apellido_paterno, apellido_materno, correo_electronico, resenia, rfc, direccion, pais_id) values (470, 'Rosene', 'Worms', 'Pressnell', 'rpressnelld1@infoseek.co.jp', 'scale global experiences', '600-47-0072', '18988 Jay Avenue', 3);
insert into comprador (comprador_id, nombre, apellido_paterno, apellido_materno, correo_electronico, resenia, rfc, direccion, pais_id) values (471, 'Ronnica', 'Jeffcoate', null, 'rduckitd2@dailymotion.com', 'evolve holistic e-markets', '466-26-5638', '05542 Bayside Alley', 19);
insert into comprador (comprador_id, nombre, apellido_paterno, apellido_materno, correo_electronico, resenia, rfc, direccion, pais_id) values (472, 'Marna', 'MacAlister', 'Bosward', 'mboswardd3@paginegialle.it', 'reintermediate value-added experiences', '234-18-2922', '8 Heffernan Pass', 17);
insert into comprador (comprador_id, nombre, apellido_paterno, apellido_materno, correo_electronico, resenia, rfc, direccion, pais_id) values (473, 'Jarred', 'Brahams', 'Myner', 'jmynerd4@tiny.cc', 'facilitate efficient systems', '297-36-8150', '6 Fremont Pass', 1);
insert into comprador (comprador_id, nombre, apellido_paterno, apellido_materno, correo_electronico, resenia, rfc, direccion, pais_id) values (474, 'Katharyn', 'Menchenton', 'Wabersich', 'kwabersichd5@economist.com', 'utilize next-generation ROI', '431-66-2951', '8615 Donald Parkway', 12);
insert into comprador (comprador_id, nombre, apellido_paterno, apellido_materno, correo_electronico, resenia, rfc, direccion, pais_id) values (475, 'Milissent', 'Lupton', 'O''Glessane', 'moglessaned6@nbcnews.com', 'drive enterprise e-tailers', '118-74-2450', '413 Anderson Avenue', 8);
insert into comprador (comprador_id, nombre, apellido_paterno, apellido_materno, correo_electronico, resenia, rfc, direccion, pais_id) values (476, 'Jessalyn', 'Chinnick', 'Vales', 'jvalesd7@goodreads.com', 'e-enable virtual niches', '628-48-4727', '11122 John Wall Plaza', 6);
insert into comprador (comprador_id, nombre, apellido_paterno, apellido_materno, correo_electronico, resenia, rfc, direccion, pais_id) values (477, 'Wilt', 'Tebald', 'Willox', 'wwilloxd8@photobucket.com', 'enhance user-centric e-markets', '207-80-7504', '0 Tennyson Place', 14);
insert into comprador (comprador_id, nombre, apellido_paterno, apellido_materno, correo_electronico, resenia, rfc, direccion, pais_id) values (478, 'Nestor', 'Johncey', 'Kleen', 'nkleend9@topsy.com', 'engineer web-enabled networks', '817-29-4362', '5 Carberry Alley', 19);
insert into comprador (comprador_id, nombre, apellido_paterno, apellido_materno, correo_electronico, resenia, rfc, direccion, pais_id) values (479, 'Clea', 'Adolf', null, 'cinchbaldda@networksolutions.com', 'repurpose impactful synergies', '143-03-2618', '0 Algoma Park', 19);
insert into comprador (comprador_id, nombre, apellido_paterno, apellido_materno, correo_electronico, resenia, rfc, direccion, pais_id) values (480, 'Felike', 'Presland', 'Stollman', 'fstollmandb@npr.org', 'orchestrate intuitive supply-chains', '632-78-8987', '650 Myrtle Avenue', 19);
insert into comprador (comprador_id, nombre, apellido_paterno, apellido_materno, correo_electronico, resenia, rfc, direccion, pais_id) values (481, 'Milt', 'Arkin', 'Donaway', 'mdonawaydc@census.gov', 'leverage 24/365 functionalities', '134-45-1413', '34 Golden Leaf Pass', 15);
insert into comprador (comprador_id, nombre, apellido_paterno, apellido_materno, correo_electronico, resenia, rfc, direccion, pais_id) values (482, 'Allis', 'Lead', null, 'adagostinidd@about.com', 'incentivize open-source synergies', '870-06-6245', '0 Dakota Pass', 20);
insert into comprador (comprador_id, nombre, apellido_paterno, apellido_materno, correo_electronico, resenia, rfc, direccion, pais_id) values (483, 'Roobbie', 'Seys', 'Baggaley', 'rbaggaleyde@sogou.com', 'embrace revolutionary synergies', '458-16-1888', '399 Rieder Way', 3);
insert into comprador (comprador_id, nombre, apellido_paterno, apellido_materno, correo_electronico, resenia, rfc, direccion, pais_id) values (484, 'Dedra', 'Suttell', 'Mold', 'dmolddf@trellian.com', 'expedite granular platforms', '542-24-4461', '30393 Forster Court', 2);
insert into comprador (comprador_id, nombre, apellido_paterno, apellido_materno, correo_electronico, resenia, rfc, direccion, pais_id) values (485, 'Waylen', 'Whistan', null, 'wreuvendg@rakuten.co.jp', 'engage sexy paradigms', '410-79-6324', '5 Fallview Point', 9);
insert into comprador (comprador_id, nombre, apellido_paterno, apellido_materno, correo_electronico, resenia, rfc, direccion, pais_id) values (486, 'Jaimie', 'Bisset', 'Jaycocks', 'jjaycocksdh@comcast.net', 'revolutionize best-of-breed schemas', '811-09-1116', '8 Upham Way', 7);
insert into comprador (comprador_id, nombre, apellido_paterno, apellido_materno, correo_electronico, resenia, rfc, direccion, pais_id) values (487, 'Leonore', 'Moncey', 'Cust', 'lcustdi@privacy.gov.au', 'disintermediate dot-com infrastructures', '482-20-7908', '17384 Knutson Park', 7);
insert into comprador (comprador_id, nombre, apellido_paterno, apellido_materno, correo_electronico, resenia, rfc, direccion, pais_id) values (488, 'Katharyn', 'Bevar', 'Merwe', 'kmerwedj@vkontakte.ru', 'expedite synergistic supply-chains', '706-01-2404', '5569 6th Drive', 13);
insert into comprador (comprador_id, nombre, apellido_paterno, apellido_materno, correo_electronico, resenia, rfc, direccion, pais_id) values (489, 'Catlaina', 'Broddle', 'Ghion', 'cghiondk@comsenz.com', 'grow transparent e-tailers', '467-68-6773', '40 Oxford Point', 1);
insert into comprador (comprador_id, nombre, apellido_paterno, apellido_materno, correo_electronico, resenia, rfc, direccion, pais_id) values (490, 'Constancia', 'Lambis', 'Dyster', 'cdysterdl@ustream.tv', 'generate enterprise supply-chains', '847-22-3317', '1683 Derek Street', 16);
insert into comprador (comprador_id, nombre, apellido_paterno, apellido_materno, correo_electronico, resenia, rfc, direccion, pais_id) values (491, 'Nataline', 'Wallbutton', 'Postlethwaite', 'npostlethwaitedm@hud.gov', 'revolutionize impactful communities', '825-72-8094', '0016 Kedzie Center', 4);
insert into comprador (comprador_id, nombre, apellido_paterno, apellido_materno, correo_electronico, resenia, rfc, direccion, pais_id) values (492, 'Rey', 'Clempton', null, 'rgwynndn@whitehouse.gov', 'transition integrated web services', '534-37-4982', '60 Tennessee Plaza', 6);
insert into comprador (comprador_id, nombre, apellido_paterno, apellido_materno, correo_electronico, resenia, rfc, direccion, pais_id) values (493, 'Pavel', 'Losel', 'Arbor', 'parbordo@theguardian.com', 'revolutionize distributed systems', '605-89-5927', '4737 Arizona Terrace', 7);
insert into comprador (comprador_id, nombre, apellido_paterno, apellido_materno, correo_electronico, resenia, rfc, direccion, pais_id) values (494, 'Flinn', 'Stowgill', 'Carus', 'fcarusdp@purevolume.com', 'revolutionize granular e-tailers', '373-50-6231', '94675 Hovde Court', 3);
insert into comprador (comprador_id, nombre, apellido_paterno, apellido_materno, correo_electronico, resenia, rfc, direccion, pais_id) values (495, 'Maison', 'Folomkin', 'Jansens', 'mjansensdq@arizona.edu', 'streamline compelling niches', '671-77-0441', '82827 Dwight Point', 16);
insert into comprador (comprador_id, nombre, apellido_paterno, apellido_materno, correo_electronico, resenia, rfc, direccion, pais_id) values (496, 'Tallulah', 'Calam', 'McSparran', 'tmcsparrandr@noaa.gov', 'orchestrate impactful deliverables', '152-81-5188', '9 Barby Center', 11);
insert into comprador (comprador_id, nombre, apellido_paterno, apellido_materno, correo_electronico, resenia, rfc, direccion, pais_id) values (497, 'Geraldine', 'Yuryshev', 'Zelland', 'gzellandds@mediafire.com', 'reinvent dynamic platforms', '360-87-8127', '283 Karstens Point', 18);
insert into comprador (comprador_id, nombre, apellido_paterno, apellido_materno, correo_electronico, resenia, rfc, direccion, pais_id) values (498, 'Giorgi', 'McVeighty', 'Braunton', 'gbrauntondt@miibeian.gov.cn', 'benchmark B2B e-business', '361-24-9338', '0097 Summit Court', 13);
insert into comprador (comprador_id, nombre, apellido_paterno, apellido_materno, correo_electronico, resenia, rfc, direccion, pais_id) values (499, 'Ivett', 'Swafford', 'Gerrels', 'igerrelsdu@netlog.com', 'monetize frictionless eyeballs', '512-70-9653', '9 4th Park', 11);
insert into comprador (comprador_id, nombre, apellido_paterno, apellido_materno, correo_electronico, resenia, rfc, direccion, pais_id) values (500, 'Devlin', 'Casterton', null, 'dheersemadv@ebay.co.uk', 'scale user-centric e-tailers', '360-82-9774', '8 Dayton Avenue', 16);
insert into comprador (comprador_id, nombre, apellido_paterno, apellido_materno, correo_electronico, resenia, rfc, direccion, pais_id, aval_id) values (501, 'Zahara', 'Fordyce', 'Brookshaw', 'zbrookshaw0@rediff.com', 'expedite back-end web services', '236-31-0026', '9580 Sachtjen Junction', 18, 229);
insert into comprador (comprador_id, nombre, apellido_paterno, apellido_materno, correo_electronico, resenia, rfc, direccion, pais_id, aval_id) values (502, 'Lonni', 'Mattsson', 'Duddin', 'lduddin1@imgur.com', 'empower synergistic initiatives', '335-20-2404', '4990 Pleasure Street', 16, 66);
insert into comprador (comprador_id, nombre, apellido_paterno, apellido_materno, correo_electronico, resenia, rfc, direccion, pais_id, aval_id) values (503, 'Jehanna', 'McLaren', 'O''Meara', 'jomeara2@boston.com', 'grow synergistic initiatives', '119-95-0065', '13124 Sutteridge Lane', 19, 98);
insert into comprador (comprador_id, nombre, apellido_paterno, apellido_materno, correo_electronico, resenia, rfc, direccion, pais_id, aval_id) values (504, 'Shanda', 'Siemantel', 'Alvares', 'salvares3@state.gov', 'transition global e-tailers', '239-76-4271', '79 Del Mar Center', 4, 90);
insert into comprador (comprador_id, nombre, apellido_paterno, apellido_materno, correo_electronico, resenia, rfc, direccion, pais_id, aval_id) values (505, 'Gwendolyn', 'Buttriss', 'Sustins', 'gsustins4@privacy.gov.au', 'utilize enterprise models', '827-22-7197', '2497 Ohio Court', 17, 251);
insert into comprador (comprador_id, nombre, apellido_paterno, apellido_materno, correo_electronico, resenia, rfc, direccion, pais_id, aval_id) values (506, 'Bartie', 'Vanes', 'Folini', 'bfolini5@narod.ru', 'reintermediate interactive ROI', '237-59-4164', '889 Pond Road', 16, 214);
insert into comprador (comprador_id, nombre, apellido_paterno, apellido_materno, correo_electronico, resenia, rfc, direccion, pais_id, aval_id) values (507, 'Valentine', 'Adami', 'Ofen', 'vofen6@amazonaws.com', 'disintermediate vertical e-tailers', '811-70-9638', '1731 Sullivan Avenue', 2, 456);
insert into comprador (comprador_id, nombre, apellido_paterno, apellido_materno, correo_electronico, resenia, rfc, direccion, pais_id, aval_id) values (508, 'Moishe', 'Hearsey', 'Lipyeat', 'mlipyeat7@storify.com', 'unleash frictionless interfaces', '433-11-8140', '642 Elmside Center', 12, 312);
insert into comprador (comprador_id, nombre, apellido_paterno, apellido_materno, correo_electronico, resenia, rfc, direccion, pais_id, aval_id) values (509, 'Desiree', 'Mulcaster', 'Canet', 'dcanet8@newyorker.com', 'disintermediate best-of-breed vortals', '470-91-4909', '4 Brickson Park Lane', 15, 484);
insert into comprador (comprador_id, nombre, apellido_paterno, apellido_materno, correo_electronico, resenia, rfc, direccion, pais_id, aval_id) values (510, 'Christine', 'Kaser', 'Abels', 'cabels9@businessweek.com', 'cultivate visionary bandwidth', '293-24-6654', '9298 Northport Crossing', 12, 411);
insert into comprador (comprador_id, nombre, apellido_paterno, apellido_materno, correo_electronico, resenia, rfc, direccion, pais_id, aval_id) values (511, 'Phillipe', 'Revie', 'Maywood', 'pmaywooda@nasa.gov', 'recontextualize clicks-and-mortar methodologies', '309-74-4368', '25 Sullivan Plaza', 3, 471);
insert into comprador (comprador_id, nombre, apellido_paterno, apellido_materno, correo_electronico, resenia, rfc, direccion, pais_id, aval_id) values (512, 'Missy', 'Pentecust', 'Sore', 'msoreb@sciencedirect.com', 'syndicate magnetic solutions', '548-96-6111', '708 Monument Way', 13, 124);
insert into comprador (comprador_id, nombre, apellido_paterno, apellido_materno, correo_electronico, resenia, rfc, direccion, pais_id, aval_id) values (513, 'Jens', 'Hellen', 'Philson', 'jphilsonc@google.com.au', 'drive impactful e-tailers', '192-52-9082', '4336 Sunbrook Point', 17, 237);
insert into comprador (comprador_id, nombre, apellido_paterno, apellido_materno, correo_electronico, resenia, rfc, direccion, pais_id, aval_id) values (514, 'Blair', 'Johann', 'Lumm', 'blummd@mlb.com', 'transform efficient web-readiness', '427-91-2100', '11916 Arizona Center', 4, 472);
insert into comprador (comprador_id, nombre, apellido_paterno, apellido_materno, correo_electronico, resenia, rfc, direccion, pais_id, aval_id) values (515, 'Scarlett', 'Toms', 'Walsh', 'swalshe@buzzfeed.com', 'expedite rich web-readiness', '756-10-7051', '5 Bellgrove Plaza', 10, 76);
insert into comprador (comprador_id, nombre, apellido_paterno, apellido_materno, correo_electronico, resenia, rfc, direccion, pais_id, aval_id) values (516, 'Robert', 'Wink', 'Vondra', 'rvondraf@exblog.jp', 'drive seamless markets', '604-57-7330', '7 Fuller Center', 17, 162);
insert into comprador (comprador_id, nombre, apellido_paterno, apellido_materno, correo_electronico, resenia, rfc, direccion, pais_id, aval_id) values (517, 'Madison', 'Pipping', 'McBryde', 'mmcbrydeg@yale.edu', 'grow turn-key networks', '543-08-0437', '55613 Packers Terrace', 14, 433);
insert into comprador (comprador_id, nombre, apellido_paterno, apellido_materno, correo_electronico, resenia, rfc, direccion, pais_id, aval_id) values (518, 'Maiga', 'Stammer', 'Ghilardi', 'mghilardih@cpanel.net', 'empower value-added partnerships', '781-90-2496', '660 Summerview Court', 15, 381);
insert into comprador (comprador_id, nombre, apellido_paterno, apellido_materno, correo_electronico, resenia, rfc, direccion, pais_id, aval_id) values (519, 'Celie', 'Kalewe', 'Bayless', 'cbaylessi@t.co', 'deploy holistic applications', '565-46-1870', '6 Fieldstone Alley', 5, 483);
insert into comprador (comprador_id, nombre, apellido_paterno, apellido_materno, correo_electronico, resenia, rfc, direccion, pais_id, aval_id) values (520, 'Lilah', 'Towsie', 'Squibbs', 'lsquibbsj@lulu.com', 'target proactive users', '684-47-9143', '9286 Manitowish Street', 16, 97);
insert into comprador (comprador_id, nombre, apellido_paterno, apellido_materno, correo_electronico, resenia, rfc, direccion, pais_id, aval_id) values (521, 'Charmion', 'O'' Hern', 'Rouch', 'crouchk@ftc.gov', 'target one-to-one markets', '792-14-5474', '2 Oxford Pass', 10, 421);
insert into comprador (comprador_id, nombre, apellido_paterno, apellido_materno, correo_electronico, resenia, rfc, direccion, pais_id, aval_id) values (522, 'Celestine', 'Metterick', 'Magovern', 'cmagovernl@apple.com', 'architect world-class initiatives', '603-91-7264', '847 Donald Lane', 9, 449);
insert into comprador (comprador_id, nombre, apellido_paterno, apellido_materno, correo_electronico, resenia, rfc, direccion, pais_id, aval_id) values (523, 'Pris', 'Lissandre', 'Skeats', 'pskeatsm@godaddy.com', 'benchmark holistic convergence', '623-54-3331', '079 Birchwood Crossing', 9, 304);
insert into comprador (comprador_id, nombre, apellido_paterno, apellido_materno, correo_electronico, resenia, rfc, direccion, pais_id, aval_id) values (524, 'Doris', 'Deave', 'Higford', 'dhigfordn@opera.com', 'incubate vertical relationships', '473-29-5738', '5 Pawling Park', 19, 381);
insert into comprador (comprador_id, nombre, apellido_paterno, apellido_materno, correo_electronico, resenia, rfc, direccion, pais_id, aval_id) values (525, 'Levin', 'Leschelle', 'Skingle', 'lskingleo@cyberchimps.com', 'matrix plug-and-play portals', '371-37-0138', '4821 South Center', 18, 263);
insert into comprador (comprador_id, nombre, apellido_paterno, apellido_materno, correo_electronico, resenia, rfc, direccion, pais_id, aval_id) values (526, 'Gabriello', 'Shelbourne', null, 'gchrystalp@icq.com', 'reintermediate e-business e-commerce', '148-68-8421', '446 Straubel Junction', 6, 412);
insert into comprador (comprador_id, nombre, apellido_paterno, apellido_materno, correo_electronico, resenia, rfc, direccion, pais_id, aval_id) values (527, 'Nikolaus', 'Rye', 'Brennon', 'nbrennonq@last.fm', 'e-enable dot-com methodologies', '105-27-3999', '87045 Elmside Road', 3, 61);
insert into comprador (comprador_id, nombre, apellido_paterno, apellido_materno, correo_electronico, resenia, rfc, direccion, pais_id, aval_id) values (528, 'Imojean', 'Joskowitz', 'Cubbino', 'icubbinor@ibm.com', 'innovate B2C users', '172-23-0662', '067 Autumn Leaf Circle', 16, 278);
insert into comprador (comprador_id, nombre, apellido_paterno, apellido_materno, correo_electronico, resenia, rfc, direccion, pais_id, aval_id) values (529, 'Jenelle', 'Swatradge', 'Cull', 'jculls@canalblog.com', 'disintermediate plug-and-play web-readiness', '369-79-0383', '662 Surrey Drive', 14, 333);
insert into comprador (comprador_id, nombre, apellido_paterno, apellido_materno, correo_electronico, resenia, rfc, direccion, pais_id, aval_id) values (530, 'Giraud', 'Verdy', 'McKerley', 'gmckerleyt@cyberchimps.com', 'expedite intuitive vortals', '628-79-8947', '3742 International Park', 19, 338);
insert into comprador (comprador_id, nombre, apellido_paterno, apellido_materno, correo_electronico, resenia, rfc, direccion, pais_id, aval_id) values (531, 'Brittney', 'Cahey', 'Avrahm', 'bavrahmu@free.fr', 'benchmark extensible mindshare', '637-47-4043', '160 Village Green Road', 18, 106);
insert into comprador (comprador_id, nombre, apellido_paterno, apellido_materno, correo_electronico, resenia, rfc, direccion, pais_id, aval_id) values (532, 'Kort', 'Dyhouse', 'Fotitt', 'kfotittv@typepad.com', 'transform web-enabled solutions', '242-87-8878', '839 Oak Valley Drive', 14, 162);
insert into comprador (comprador_id, nombre, apellido_paterno, apellido_materno, correo_electronico, resenia, rfc, direccion, pais_id, aval_id) values (533, 'Raynor', 'Bonick', null, 'rchastaingw@google.nl', 'reinvent world-class content', '792-71-4575', '018 Lawn Parkway', 2, 455);
insert into comprador (comprador_id, nombre, apellido_paterno, apellido_materno, correo_electronico, resenia, rfc, direccion, pais_id, aval_id) values (534, 'Ignacio', 'Lefort', 'Arthy', 'iarthyx@vinaora.com', 'empower 24/7 eyeballs', '709-21-2714', '032 Esker Hill', 14, 343);
insert into comprador (comprador_id, nombre, apellido_paterno, apellido_materno, correo_electronico, resenia, rfc, direccion, pais_id, aval_id) values (535, 'Serge', 'Almack', 'Clifford', 'scliffordy@indiegogo.com', 'engage best-of-breed eyeballs', '352-42-6964', '14 Vernon Alley', 6, 340);
insert into comprador (comprador_id, nombre, apellido_paterno, apellido_materno, correo_electronico, resenia, rfc, direccion, pais_id, aval_id) values (536, 'Jewel', 'Pendleton', 'Cassedy', 'jcassedyz@nationalgeographic.com', 'iterate robust models', '598-54-3642', '683 Monica Hill', 8, 62);
insert into comprador (comprador_id, nombre, apellido_paterno, apellido_materno, correo_electronico, resenia, rfc, direccion, pais_id, aval_id) values (537, 'Avie', 'Crinkley', 'Holston', 'aholston10@pinterest.com', 'empower open-source e-markets', '126-92-2031', '3 Rusk Terrace', 19, 351);
insert into comprador (comprador_id, nombre, apellido_paterno, apellido_materno, correo_electronico, resenia, rfc, direccion, pais_id, aval_id) values (538, 'Susette', 'Harm', 'Roseburgh', 'sroseburgh11@deliciousdays.com', 'integrate integrated communities', '140-34-0789', '689 Garrison Plaza', 6, 487);
insert into comprador (comprador_id, nombre, apellido_paterno, apellido_materno, correo_electronico, resenia, rfc, direccion, pais_id, aval_id) values (539, 'Rayna', 'Bonham', 'Bullard', 'rbullard12@over-blog.com', 'streamline innovative paradigms', '393-78-2026', '919 Schlimgen Trail', 8, 442);
insert into comprador (comprador_id, nombre, apellido_paterno, apellido_materno, correo_electronico, resenia, rfc, direccion, pais_id, aval_id) values (540, 'Corey', 'Probet', 'Ommanney', 'commanney13@dion.ne.jp', 'expedite best-of-breed supply-chains', '437-44-4889', '38 Hallows Circle', 6, 307);
insert into comprador (comprador_id, nombre, apellido_paterno, apellido_materno, correo_electronico, resenia, rfc, direccion, pais_id, aval_id) values (541, 'Dietrich', 'Oldman', 'Hitter', 'dhitter14@storify.com', 'repurpose compelling portals', '576-31-4795', '07 Dennis Trail', 18, 220);
insert into comprador (comprador_id, nombre, apellido_paterno, apellido_materno, correo_electronico, resenia, rfc, direccion, pais_id, aval_id) values (542, 'Zebulon', 'Simnett', 'Reightley', 'zreightley15@hhs.gov', 'extend back-end e-commerce', '448-51-4130', '19 Sunnyside Plaza', 19, 326);
insert into comprador (comprador_id, nombre, apellido_paterno, apellido_materno, correo_electronico, resenia, rfc, direccion, pais_id, aval_id) values (543, 'Abie', 'Filipic', 'Sexti', 'asexti16@sina.com.cn', 'scale seamless supply-chains', '230-84-7818', '70934 Forster Road', 9, 194);
insert into comprador (comprador_id, nombre, apellido_paterno, apellido_materno, correo_electronico, resenia, rfc, direccion, pais_id, aval_id) values (544, 'Nichole', 'Ker', 'Piddington', 'npiddington17@google.ca', 'architect intuitive platforms', '570-81-9409', '51524 Holmberg Way', 10, 394);
insert into comprador (comprador_id, nombre, apellido_paterno, apellido_materno, correo_electronico, resenia, rfc, direccion, pais_id, aval_id) values (545, 'Reinhold', 'Tipler', 'Dillimore', 'rdillimore18@ovh.net', 'disintermediate visionary solutions', '554-11-7735', '40 Schmedeman Crossing', 8, 489);
insert into comprador (comprador_id, nombre, apellido_paterno, apellido_materno, correo_electronico, resenia, rfc, direccion, pais_id, aval_id) values (546, 'Monti', 'Stenson', 'Deveraux', 'mdeveraux19@bbb.org', 'unleash strategic e-markets', '855-34-1846', '0 Saint Paul Place', 4, 76);
insert into comprador (comprador_id, nombre, apellido_paterno, apellido_materno, correo_electronico, resenia, rfc, direccion, pais_id, aval_id) values (547, 'Forster', 'Frisch', 'Lockyer', 'flockyer1a@scientificamerican.com', 'brand innovative networks', '411-75-2226', '13886 Dapin Crossing', 3, 285);
insert into comprador (comprador_id, nombre, apellido_paterno, apellido_materno, correo_electronico, resenia, rfc, direccion, pais_id, aval_id) values (548, 'Bryanty', 'Fealey', 'Doidge', 'bdoidge1b@wiley.com', 'expedite cross-media partnerships', '707-25-5893', '5861 Coolidge Drive', 11, 3);
insert into comprador (comprador_id, nombre, apellido_paterno, apellido_materno, correo_electronico, resenia, rfc, direccion, pais_id, aval_id) values (549, 'Lucretia', 'Kilbourn', 'Tomasz', 'ltomasz1c@japanpost.jp', 'brand cross-platform mindshare', '781-05-8585', '8541 Fallview Park', 15, 316);
insert into comprador (comprador_id, nombre, apellido_paterno, apellido_materno, correo_electronico, resenia, rfc, direccion, pais_id, aval_id) values (550, 'Tamma', 'Riping', 'Shera', 'tshera1d@utexas.edu', 'grow frictionless interfaces', '261-39-5785', '4096 Quincy Street', 19, 423);
insert into comprador (comprador_id, nombre, apellido_paterno, apellido_materno, correo_electronico, resenia, rfc, direccion, pais_id, aval_id) values (551, 'Jenifer', 'Rosettini', 'Lynthal', 'jlynthal1e@jalbum.net', 'enhance 24/365 relationships', '357-63-9654', '95825 Marcy Alley', 14, 286);
insert into comprador (comprador_id, nombre, apellido_paterno, apellido_materno, correo_electronico, resenia, rfc, direccion, pais_id, aval_id) values (552, 'Jerri', 'Corbitt', null, 'jkopje1f@uol.com.br', 'morph global users', '856-37-7270', '47 Carioca Way', 5, 225);
insert into comprador (comprador_id, nombre, apellido_paterno, apellido_materno, correo_electronico, resenia, rfc, direccion, pais_id, aval_id) values (553, 'Jacquelin', 'Wawer', 'Carnoghan', 'jcarnoghan1g@dyndns.org', 'streamline impactful deliverables', '880-86-8007', '239 Larry Street', 11, 81);
insert into comprador (comprador_id, nombre, apellido_paterno, apellido_materno, correo_electronico, resenia, rfc, direccion, pais_id, aval_id) values (554, 'Wait', 'Torr', 'Woolens', 'wwoolens1h@columbia.edu', 'innovate B2C metrics', '568-27-3117', '2808 Sutteridge Center', 6, 437);
insert into comprador (comprador_id, nombre, apellido_paterno, apellido_materno, correo_electronico, resenia, rfc, direccion, pais_id, aval_id) values (555, 'Worth', 'Arne', 'Synder', 'wsynder1i@liveinternet.ru', 'strategize collaborative metrics', '275-32-1693', '9679 Badeau Park', 16, 218);
insert into comprador (comprador_id, nombre, apellido_paterno, apellido_materno, correo_electronico, resenia, rfc, direccion, pais_id, aval_id) values (556, 'Alma', 'McCarney', 'Saul', 'asaul1j@hexun.com', 'embrace 24/365 metrics', '263-98-1197', '297 Eastwood Park', 14, 22);
insert into comprador (comprador_id, nombre, apellido_paterno, apellido_materno, correo_electronico, resenia, rfc, direccion, pais_id, aval_id) values (557, 'Jaclin', 'Blackhall', 'Drowsfield', 'jdrowsfield1k@yellowbook.com', 'utilize intuitive methodologies', '686-57-3117', '8988 Mayer Pass', 10, 358);
insert into comprador (comprador_id, nombre, apellido_paterno, apellido_materno, correo_electronico, resenia, rfc, direccion, pais_id, aval_id) values (558, 'Sherrie', 'Leyninye', 'Straw', 'sstraw1l@mit.edu', 'utilize interactive functionalities', '134-02-0335', '9176 Hermina Center', 1, 64);
insert into comprador (comprador_id, nombre, apellido_paterno, apellido_materno, correo_electronico, resenia, rfc, direccion, pais_id, aval_id) values (559, 'Natty', 'Coonan', 'Duffett', 'nduffett1m@microsoft.com', 'aggregate out-of-the-box deliverables', '802-67-0610', '6646 Darwin Drive', 16, 340);
insert into comprador (comprador_id, nombre, apellido_paterno, apellido_materno, correo_electronico, resenia, rfc, direccion, pais_id, aval_id) values (560, 'Sax', 'Remnant', null, 'sdaughtrey1n@unicef.org', 'matrix transparent schemas', '852-41-7842', '715 Reindahl Alley', 13, 470);
insert into comprador (comprador_id, nombre, apellido_paterno, apellido_materno, correo_electronico, resenia, rfc, direccion, pais_id, aval_id) values (561, 'Felipe', 'Checklin', null, 'ffolder1o@admin.ch', 'unleash virtual portals', '459-55-8502', '9 Bowman Park', 9, 126);
insert into comprador (comprador_id, nombre, apellido_paterno, apellido_materno, correo_electronico, resenia, rfc, direccion, pais_id, aval_id) values (562, 'Madlen', 'Ygoe', 'Tod', 'mtod1p@stumbleupon.com', 'synthesize collaborative vortals', '541-25-8698', '34 Dwight Road', 20, 385);
insert into comprador (comprador_id, nombre, apellido_paterno, apellido_materno, correo_electronico, resenia, rfc, direccion, pais_id, aval_id) values (563, 'Neille', 'Mulford', 'Matherson', 'nmatherson1q@mapy.cz', 'grow synergistic infrastructures', '401-43-7797', '655 Maywood Alley', 9, 161);
insert into comprador (comprador_id, nombre, apellido_paterno, apellido_materno, correo_electronico, resenia, rfc, direccion, pais_id, aval_id) values (564, 'Rip', 'Boswood', 'Albasiny', 'ralbasiny1r@hibu.com', 'grow dynamic markets', '510-39-6472', '568 6th Junction', 12, 155);
insert into comprador (comprador_id, nombre, apellido_paterno, apellido_materno, correo_electronico, resenia, rfc, direccion, pais_id, aval_id) values (565, 'Portie', 'Rosthorn', 'Hallan', 'phallan1s@pagesperso-orange.fr', 'monetize extensible e-services', '182-13-3475', '01233 Northport Road', 13, 453);
insert into comprador (comprador_id, nombre, apellido_paterno, apellido_materno, correo_electronico, resenia, rfc, direccion, pais_id, aval_id) values (566, 'Lucila', 'Mussalli', 'Gannon', 'lgannon1t@paypal.com', 'exploit global systems', '891-19-2924', '9 Vahlen Pass', 11, 214);
insert into comprador (comprador_id, nombre, apellido_paterno, apellido_materno, correo_electronico, resenia, rfc, direccion, pais_id, aval_id) values (567, 'Arni', 'Bexley', null, 'adurak1u@wufoo.com', 'redefine extensible channels', '491-97-3886', '801 Northland Terrace', 3, 375);
insert into comprador (comprador_id, nombre, apellido_paterno, apellido_materno, correo_electronico, resenia, rfc, direccion, pais_id, aval_id) values (568, 'Anderea', 'Hanselman', 'Stilliard', 'astilliard1v@creativecommons.org', 'iterate next-generation architectures', '711-39-9156', '78 Carberry Place', 9, 78);
insert into comprador (comprador_id, nombre, apellido_paterno, apellido_materno, correo_electronico, resenia, rfc, direccion, pais_id, aval_id) values (569, 'Shawna', 'Humberston', 'McTavish', 'smctavish1w@domainmarket.com', 'visualize plug-and-play architectures', '192-25-4847', '9 Derek Drive', 19, 153);
insert into comprador (comprador_id, nombre, apellido_paterno, apellido_materno, correo_electronico, resenia, rfc, direccion, pais_id, aval_id) values (570, 'Krysta', 'Wynne', 'Wallbrook', 'kwallbrook1x@scribd.com', 'drive global synergies', '763-91-4337', '39018 Commercial Crossing', 7, 278);
insert into comprador (comprador_id, nombre, apellido_paterno, apellido_materno, correo_electronico, resenia, rfc, direccion, pais_id, aval_id) values (571, 'Janaye', 'Welfare', 'Dmitrievski', 'jdmitrievski1y@4shared.com', 'transform 24/7 infomediaries', '747-78-0855', '50 Vermont Avenue', 14, 415);
insert into comprador (comprador_id, nombre, apellido_paterno, apellido_materno, correo_electronico, resenia, rfc, direccion, pais_id, aval_id) values (572, 'Kenny', 'Carson', 'Hallam', 'khallam1z@gmpg.org', 'generate scalable paradigms', '240-34-2602', '44 Lillian Avenue', 7, 425);
insert into comprador (comprador_id, nombre, apellido_paterno, apellido_materno, correo_electronico, resenia, rfc, direccion, pais_id, aval_id) values (573, 'Barnebas', 'Van de Castele', 'Skaife', 'bskaife20@google.co.uk', 'expedite front-end paradigms', '414-24-4891', '9 Dahle Hill', 3, 493);
insert into comprador (comprador_id, nombre, apellido_paterno, apellido_materno, correo_electronico, resenia, rfc, direccion, pais_id, aval_id) values (574, 'Misti', 'Jenman', 'Raynton', 'mraynton21@example.com', 'generate transparent content', '231-38-4564', '1 Kings Circle', 4, 155);
insert into comprador (comprador_id, nombre, apellido_paterno, apellido_materno, correo_electronico, resenia, rfc, direccion, pais_id, aval_id) values (575, 'Calla', 'Beetham', 'Beddoes', 'cbeddoes22@tamu.edu', 'syndicate rich users', '142-42-0069', '007 Declaration Drive', 3, 421);
insert into comprador (comprador_id, nombre, apellido_paterno, apellido_materno, correo_electronico, resenia, rfc, direccion, pais_id, aval_id) values (576, 'Maggy', 'Bauer', 'Garnsey', 'mgarnsey23@msu.edu', 'seize killer communities', '834-87-0017', '33 Lakewood Alley', 11, 62);
insert into comprador (comprador_id, nombre, apellido_paterno, apellido_materno, correo_electronico, resenia, rfc, direccion, pais_id, aval_id) values (577, 'Bobbi', 'Ofen', null, 'bsowden24@1und1.de', 'redefine customized communities', '373-20-6216', '215 Killdeer Circle', 14, 174);
insert into comprador (comprador_id, nombre, apellido_paterno, apellido_materno, correo_electronico, resenia, rfc, direccion, pais_id, aval_id) values (578, 'Nonie', 'Wilden', 'Edland', 'nedland25@photobucket.com', 'enable robust e-tailers', '293-41-9414', '8 Commercial Point', 4, 28);
insert into comprador (comprador_id, nombre, apellido_paterno, apellido_materno, correo_electronico, resenia, rfc, direccion, pais_id, aval_id) values (579, 'Bridgette', 'Blankau', null, 'bhamon26@people.com.cn', 'deploy open-source synergies', '103-56-5730', '9672 Armistice Road', 18, 59);
insert into comprador (comprador_id, nombre, apellido_paterno, apellido_materno, correo_electronico, resenia, rfc, direccion, pais_id, aval_id) values (580, 'Nancey', 'Beagles', null, 'nwinckles27@noaa.gov', 'brand global networks', '796-91-1427', '5816 Calypso Plaza', 4, 284);
insert into comprador (comprador_id, nombre, apellido_paterno, apellido_materno, correo_electronico, resenia, rfc, direccion, pais_id, aval_id) values (581, 'Nanice', 'Lobe', 'Leyden', 'nleyden28@engadget.com', 'evolve intuitive vortals', '384-37-0225', '48 Sauthoff Point', 14, 49);
insert into comprador (comprador_id, nombre, apellido_paterno, apellido_materno, correo_electronico, resenia, rfc, direccion, pais_id, aval_id) values (582, 'Peri', 'Trainor', 'Todarello', 'ptodarello29@altervista.org', 'morph transparent portals', '563-31-6345', '75020 Briar Crest Road', 14, 344);
insert into comprador (comprador_id, nombre, apellido_paterno, apellido_materno, correo_electronico, resenia, rfc, direccion, pais_id, aval_id) values (583, 'Haleigh', 'Pether', 'Whiskerd', 'hwhiskerd2a@stanford.edu', 'drive impactful initiatives', '342-74-0696', '97 Union Street', 8, 265);
insert into comprador (comprador_id, nombre, apellido_paterno, apellido_materno, correo_electronico, resenia, rfc, direccion, pais_id, aval_id) values (584, 'Magdalena', 'Bear', null, 'mhawarden2b@typepad.com', 'strategize virtual methodologies', '745-22-0400', '517 Reinke Park', 4, 315);
insert into comprador (comprador_id, nombre, apellido_paterno, apellido_materno, correo_electronico, resenia, rfc, direccion, pais_id, aval_id) values (585, 'Sarette', 'Kightly', 'Ferran', 'sferran2c@cocolog-nifty.com', 'unleash cross-platform web-readiness', '269-87-7622', '35605 Anniversary Court', 20, 167);
insert into comprador (comprador_id, nombre, apellido_paterno, apellido_materno, correo_electronico, resenia, rfc, direccion, pais_id, aval_id) values (586, 'Lorene', 'Obbard', null, 'lkensett2d@github.io', 'enhance rich methodologies', '457-76-4783', '12547 Sullivan Lane', 18, 226);
insert into comprador (comprador_id, nombre, apellido_paterno, apellido_materno, correo_electronico, resenia, rfc, direccion, pais_id, aval_id) values (587, 'Barb', 'Marquis', 'Jakubovits', 'bjakubovits2e@about.me', 'unleash compelling users', '336-56-5534', '273 Calypso Park', 8, 138);
insert into comprador (comprador_id, nombre, apellido_paterno, apellido_materno, correo_electronico, resenia, rfc, direccion, pais_id, aval_id) values (588, 'Germaine', 'Valente', 'Sympson', 'gsympson2f@sina.com.cn', 'harness seamless supply-chains', '742-11-0114', '6987 Parkside Lane', 14, 234);
insert into comprador (comprador_id, nombre, apellido_paterno, apellido_materno, correo_electronico, resenia, rfc, direccion, pais_id, aval_id) values (589, 'Vania', 'Cawt', 'Offield', 'voffield2g@cdbaby.com', 'expedite out-of-the-box functionalities', '366-08-0641', '4398 Fulton Way', 6, 99);
insert into comprador (comprador_id, nombre, apellido_paterno, apellido_materno, correo_electronico, resenia, rfc, direccion, pais_id, aval_id) values (590, 'Willette', 'Minear', 'Backsal', 'wbacksal2h@instagram.com', 'utilize proactive e-commerce', '543-28-1234', '2765 Wayridge Trail', 1, 156);
insert into comprador (comprador_id, nombre, apellido_paterno, apellido_materno, correo_electronico, resenia, rfc, direccion, pais_id, aval_id) values (591, 'Jarad', 'Matas', 'Masi', 'jmasi2i@accuweather.com', 'expedite magnetic infrastructures', '459-86-3003', '0 Merchant Street', 12, 255);
insert into comprador (comprador_id, nombre, apellido_paterno, apellido_materno, correo_electronico, resenia, rfc, direccion, pais_id, aval_id) values (592, 'Kip', 'Blood', 'Admans', 'kadmans2j@cam.ac.uk', 'harness global e-tailers', '369-70-8041', '49518 Hayes Way', 9, 258);
insert into comprador (comprador_id, nombre, apellido_paterno, apellido_materno, correo_electronico, resenia, rfc, direccion, pais_id, aval_id) values (593, 'Marian', 'Troop', null, 'mhaugg2k@guardian.co.uk', 'transition viral portals', '481-39-7246', '017 Rusk Point', 18, 225);
insert into comprador (comprador_id, nombre, apellido_paterno, apellido_materno, correo_electronico, resenia, rfc, direccion, pais_id, aval_id) values (594, 'Jdavie', 'Sanbrooke', 'Vassano', 'jvassano2l@scribd.com', 'incubate leading-edge action-items', '893-48-2962', '84 Myrtle Plaza', 9, 403);
insert into comprador (comprador_id, nombre, apellido_paterno, apellido_materno, correo_electronico, resenia, rfc, direccion, pais_id, aval_id) values (595, 'Wendie', 'Carthy', 'Bisp', 'wbisp2m@g.co', 'productize open-source metrics', '238-77-6039', '76 Vidon Parkway', 8, 422);
insert into comprador (comprador_id, nombre, apellido_paterno, apellido_materno, correo_electronico, resenia, rfc, direccion, pais_id, aval_id) values (596, 'Cornall', 'Branche', 'Weerdenburg', 'cweerdenburg2n@zdnet.com', 'architect interactive convergence', '668-64-0873', '8255 Westerfield Crossing', 17, 119);
insert into comprador (comprador_id, nombre, apellido_paterno, apellido_materno, correo_electronico, resenia, rfc, direccion, pais_id, aval_id) values (597, 'Maryanna', 'Worsham', 'Pallatina', 'mpallatina2o@blinklist.com', 'facilitate intuitive solutions', '511-31-8391', '8800 Blaine Court', 6, 156);
insert into comprador (comprador_id, nombre, apellido_paterno, apellido_materno, correo_electronico, resenia, rfc, direccion, pais_id, aval_id) values (598, 'Scarlet', 'Stubbley', 'Kiessel', 'skiessel2p@technorati.com', 'strategize distributed mindshare', '502-25-7157', '9186 4th Pass', 6, 157);
insert into comprador (comprador_id, nombre, apellido_paterno, apellido_materno, correo_electronico, resenia, rfc, direccion, pais_id, aval_id) values (599, 'Uriel', 'Sissot', 'Brunt', 'ubrunt2q@phpbb.com', 'leverage sexy synergies', '669-91-4143', '14 Mariners Cove Circle', 3, 126);
insert into comprador (comprador_id, nombre, apellido_paterno, apellido_materno, correo_electronico, resenia, rfc, direccion, pais_id, aval_id) values (600, 'Charity', 'Cescot', 'Harms', 'charms2r@china.com.cn', 'envisioneer B2B technologies', '521-94-4294', '01415 Arrowood Drive', 14, 388);
insert into comprador (comprador_id, nombre, apellido_paterno, apellido_materno, correo_electronico, resenia, rfc, direccion, pais_id, aval_id) values (601, 'Gabrila', 'Schlagman', 'Kealey', 'gkealey2s@cargocollective.com', 'brand viral deliverables', '531-70-4815', '426 Larry Court', 1, 348);
insert into comprador (comprador_id, nombre, apellido_paterno, apellido_materno, correo_electronico, resenia, rfc, direccion, pais_id, aval_id) values (602, 'Gottfried', 'Frugier', 'Ollander', 'gollander2t@photobucket.com', 'optimize bleeding-edge portals', '183-95-4859', '266 Eastwood Junction', 12, 23);
insert into comprador (comprador_id, nombre, apellido_paterno, apellido_materno, correo_electronico, resenia, rfc, direccion, pais_id, aval_id) values (603, 'Linoel', 'Newvill', 'Le Conte', 'lleconte2u@jiathis.com', 'incentivize killer web-readiness', '574-38-0845', '436 Darwin Alley', 8, 193);
insert into comprador (comprador_id, nombre, apellido_paterno, apellido_materno, correo_electronico, resenia, rfc, direccion, pais_id, aval_id) values (604, 'Clemmie', 'Arend', 'Honsch', 'chonsch2v@comcast.net', 'reintermediate impactful platforms', '876-40-7872', '915 Scofield Junction', 20, 61);
insert into comprador (comprador_id, nombre, apellido_paterno, apellido_materno, correo_electronico, resenia, rfc, direccion, pais_id, aval_id) values (605, 'Morly', 'Adelsberg', 'Coxen', 'mcoxen2w@gnu.org', 'extend one-to-one mindshare', '430-63-3439', '3 Division Lane', 15, 200);
insert into comprador (comprador_id, nombre, apellido_paterno, apellido_materno, correo_electronico, resenia, rfc, direccion, pais_id, aval_id) values (606, 'Moises', 'Allmann', 'McCullagh', 'mmccullagh2x@odnoklassniki.ru', 'architect bleeding-edge supply-chains', '744-35-3754', '89 Chinook Drive', 15, 361);
insert into comprador (comprador_id, nombre, apellido_paterno, apellido_materno, correo_electronico, resenia, rfc, direccion, pais_id, aval_id) values (607, 'Georas', 'Chatell', null, 'gschimoni2y@histats.com', 'brand real-time partnerships', '230-37-3037', '68 Gina Court', 18, 201);
insert into comprador (comprador_id, nombre, apellido_paterno, apellido_materno, correo_electronico, resenia, rfc, direccion, pais_id, aval_id) values (608, 'Adelheid', 'Acom', 'Hodinton', 'ahodinton2z@baidu.com', 'disintermediate virtual web services', '715-44-6192', '65189 1st Terrace', 12, 91);
insert into comprador (comprador_id, nombre, apellido_paterno, apellido_materno, correo_electronico, resenia, rfc, direccion, pais_id, aval_id) values (609, 'Ezra', 'O''Shavlan', 'Antognetti', 'eantognetti30@oaic.gov.au', 'scale vertical e-markets', '740-41-9537', '88 Sutteridge Road', 15, 154);
insert into comprador (comprador_id, nombre, apellido_paterno, apellido_materno, correo_electronico, resenia, rfc, direccion, pais_id, aval_id) values (610, 'Cullen', 'Anslow', 'Yorke', 'cyorke31@ca.gov', 'cultivate wireless action-items', '164-38-3797', '4644 Superior Drive', 9, 465);
insert into comprador (comprador_id, nombre, apellido_paterno, apellido_materno, correo_electronico, resenia, rfc, direccion, pais_id, aval_id) values (611, 'Aidan', 'Kadar', 'Bickardike', 'abickardike32@chronoengine.com', 'leverage efficient bandwidth', '273-77-0439', '84302 Pleasure Street', 18, 178);
insert into comprador (comprador_id, nombre, apellido_paterno, apellido_materno, correo_electronico, resenia, rfc, direccion, pais_id, aval_id) values (612, 'Allistir', 'Avramovic', 'Fairnie', 'afairnie33@engadget.com', 'embrace ubiquitous schemas', '482-10-6910', '52171 Grayhawk Center', 14, 239);
insert into comprador (comprador_id, nombre, apellido_paterno, apellido_materno, correo_electronico, resenia, rfc, direccion, pais_id, aval_id) values (613, 'Analise', 'Culy', 'Sloey', 'asloey34@hud.gov', 'implement transparent eyeballs', '421-47-2280', '523 Randy Trail', 12, 331);
insert into comprador (comprador_id, nombre, apellido_paterno, apellido_materno, correo_electronico, resenia, rfc, direccion, pais_id, aval_id) values (614, 'Gard', 'Imesson', null, 'gbargh35@godaddy.com', 'strategize efficient action-items', '811-57-8238', '91626 Hanson Road', 18, 336);
insert into comprador (comprador_id, nombre, apellido_paterno, apellido_materno, correo_electronico, resenia, rfc, direccion, pais_id, aval_id) values (615, 'Querida', 'Matashkin', 'Truggian', 'qtruggian36@imgur.com', 'evolve real-time web services', '870-61-2577', '553 Maryland Court', 16, 172);
insert into comprador (comprador_id, nombre, apellido_paterno, apellido_materno, correo_electronico, resenia, rfc, direccion, pais_id, aval_id) values (616, 'Ches', 'Klimmek', null, 'cberryann37@oakley.com', 'deliver proactive models', '511-36-9973', '461 Kropf Junction', 17, 69);
insert into comprador (comprador_id, nombre, apellido_paterno, apellido_materno, correo_electronico, resenia, rfc, direccion, pais_id, aval_id) values (617, 'Jake', 'Billson', 'Jenyns', 'jjenyns38@moonfruit.com', 'enhance compelling web services', '864-94-8001', '30 Loomis Alley', 12, 438);
insert into comprador (comprador_id, nombre, apellido_paterno, apellido_materno, correo_electronico, resenia, rfc, direccion, pais_id, aval_id) values (618, 'North', 'M''Quharge', 'Sainsberry', 'nsainsberry39@delicious.com', 'e-enable e-business metrics', '259-68-9364', '51 Weeping Birch Place', 15, 25);
insert into comprador (comprador_id, nombre, apellido_paterno, apellido_materno, correo_electronico, resenia, rfc, direccion, pais_id, aval_id) values (619, 'Tamarah', 'Ballston', 'Lochead', 'tlochead3a@globo.com', 'harness ubiquitous models', '135-92-6264', '495 Forest Dale Drive', 19, 125);
insert into comprador (comprador_id, nombre, apellido_paterno, apellido_materno, correo_electronico, resenia, rfc, direccion, pais_id, aval_id) values (620, 'Goddart', 'Weymont', 'Hofler', 'ghofler3b@state.tx.us', 'reinvent collaborative models', '799-41-3963', '4 Prentice Hill', 16, 212);
insert into comprador (comprador_id, nombre, apellido_paterno, apellido_materno, correo_electronico, resenia, rfc, direccion, pais_id, aval_id) values (621, 'Geri', 'Folks', 'Abrahamowitcz', 'gabrahamowitcz3c@thetimes.co.uk', 'repurpose rich portals', '466-26-2155', '905 Union Parkway', 16, 444);
insert into comprador (comprador_id, nombre, apellido_paterno, apellido_materno, correo_electronico, resenia, rfc, direccion, pais_id, aval_id) values (622, 'Leese', 'Osgodby', 'Brownlie', 'lbrownlie3d@hhs.gov', 'enable 24/365 paradigms', '388-13-9751', '09811 Hauk Park', 20, 388);
insert into comprador (comprador_id, nombre, apellido_paterno, apellido_materno, correo_electronico, resenia, rfc, direccion, pais_id, aval_id) values (623, 'Patrizio', 'Sturmey', 'Jirik', 'pjirik3e@ucoz.ru', 'redefine dot-com functionalities', '625-05-8242', '7 Derek Point', 12, 23);
insert into comprador (comprador_id, nombre, apellido_paterno, apellido_materno, correo_electronico, resenia, rfc, direccion, pais_id, aval_id) values (624, 'Anatollo', 'Keighly', 'Ebbings', 'aebbings3f@nationalgeographic.com', 'revolutionize next-generation supply-chains', '687-06-1768', '78 Basil Avenue', 15, 52);
insert into comprador (comprador_id, nombre, apellido_paterno, apellido_materno, correo_electronico, resenia, rfc, direccion, pais_id, aval_id) values (625, 'Alfons', 'Harmes', 'Betham', 'abetham3g@twitpic.com', 'target scalable platforms', '415-60-5009', '569 Huxley Terrace', 14, 245);
insert into comprador (comprador_id, nombre, apellido_paterno, apellido_materno, correo_electronico, resenia, rfc, direccion, pais_id, aval_id) values (626, 'Germayne', 'Boldecke', 'Fodden', 'gfodden3h@tinypic.com', 'recontextualize end-to-end web services', '583-68-9341', '9 Service Crossing', 20, 13);
insert into comprador (comprador_id, nombre, apellido_paterno, apellido_materno, correo_electronico, resenia, rfc, direccion, pais_id, aval_id) values (627, 'Loralyn', 'Schuck', 'Yuill', 'lyuill3i@biglobe.ne.jp', 'matrix clicks-and-mortar partnerships', '137-48-3756', '16 Bunker Hill Park', 19, 11);
insert into comprador (comprador_id, nombre, apellido_paterno, apellido_materno, correo_electronico, resenia, rfc, direccion, pais_id, aval_id) values (628, 'Renie', 'Van Leeuwen', 'Lowres', 'rlowres3j@nymag.com', 'empower holistic action-items', '647-47-2088', '5348 Everett Place', 17, 440);
insert into comprador (comprador_id, nombre, apellido_paterno, apellido_materno, correo_electronico, resenia, rfc, direccion, pais_id, aval_id) values (629, 'Robers', 'Rozea', 'Scarasbrick', 'rscarasbrick3k@zimbio.com', 'seize value-added eyeballs', '889-58-2377', '9768 Meadow Valley Drive', 2, 270);
insert into comprador (comprador_id, nombre, apellido_paterno, apellido_materno, correo_electronico, resenia, rfc, direccion, pais_id, aval_id) values (630, 'Sena', 'Penticoot', 'Carnier', 'scarnier3l@prnewswire.com', 'envisioneer collaborative eyeballs', '516-32-4049', '28524 Haas Court', 20, 378);
insert into comprador (comprador_id, nombre, apellido_paterno, apellido_materno, correo_electronico, resenia, rfc, direccion, pais_id, aval_id) values (631, 'Mollie', 'Keith', 'Mattes', 'mmattes3m@kickstarter.com', 'mesh efficient methodologies', '208-51-7021', '7392 Stoughton Way', 18, 151);
insert into comprador (comprador_id, nombre, apellido_paterno, apellido_materno, correo_electronico, resenia, rfc, direccion, pais_id, aval_id) values (632, 'Ania', 'Asker', 'Landrieu', 'alandrieu3n@patch.com', 'streamline visionary content', '279-25-7591', '6114 Dixon Place', 17, 360);
insert into comprador (comprador_id, nombre, apellido_paterno, apellido_materno, correo_electronico, resenia, rfc, direccion, pais_id, aval_id) values (633, 'Alistair', 'Shalloo', 'Sitlinton', 'asitlinton3o@gmpg.org', 'embrace clicks-and-mortar initiatives', '538-90-2859', '45 Ilene Plaza', 7, 495);
insert into comprador (comprador_id, nombre, apellido_paterno, apellido_materno, correo_electronico, resenia, rfc, direccion, pais_id, aval_id) values (634, 'Tye', 'Windaybank', 'Duckwith', 'tduckwith3p@qq.com', 'incubate one-to-one solutions', '799-83-6595', '5 Brown Hill', 19, 171);
insert into comprador (comprador_id, nombre, apellido_paterno, apellido_materno, correo_electronico, resenia, rfc, direccion, pais_id, aval_id) values (635, 'Ennis', 'Blyde', 'Thornborrow', 'ethornborrow3q@mail.ru', 'facilitate viral convergence', '369-81-3550', '4 Harbort Avenue', 10, 33);
insert into comprador (comprador_id, nombre, apellido_paterno, apellido_materno, correo_electronico, resenia, rfc, direccion, pais_id, aval_id) values (636, 'Grissel', 'Poplee', 'Dempster', 'gdempster3r@globo.com', 'enable back-end architectures', '171-30-9624', '2171 Utah Alley', 13, 68);
insert into comprador (comprador_id, nombre, apellido_paterno, apellido_materno, correo_electronico, resenia, rfc, direccion, pais_id, aval_id) values (637, 'Barney', 'Sollis', 'Lougheid', 'blougheid3s@phpbb.com', 'innovate ubiquitous platforms', '899-46-4071', '5 Clove Drive', 8, 26);
insert into comprador (comprador_id, nombre, apellido_paterno, apellido_materno, correo_electronico, resenia, rfc, direccion, pais_id, aval_id) values (638, 'Marys', 'Gasker', null, 'mumbers3t@diigo.com', 'architect dot-com e-commerce', '603-90-8903', '2 Marcy Park', 1, 207);
insert into comprador (comprador_id, nombre, apellido_paterno, apellido_materno, correo_electronico, resenia, rfc, direccion, pais_id, aval_id) values (639, 'Maurizia', 'Stenner', 'Cometto', 'mcometto3u@deviantart.com', 'reinvent magnetic bandwidth', '473-34-0115', '35 Schurz Way', 12, 214);
insert into comprador (comprador_id, nombre, apellido_paterno, apellido_materno, correo_electronico, resenia, rfc, direccion, pais_id, aval_id) values (640, 'Winnie', 'Todari', 'Kelledy', 'wkelledy3v@rakuten.co.jp', 'unleash value-added architectures', '728-12-2971', '75326 Fieldstone Street', 6, 8);
insert into comprador (comprador_id, nombre, apellido_paterno, apellido_materno, correo_electronico, resenia, rfc, direccion, pais_id, aval_id) values (641, 'Marijo', 'Castagnier', 'Tomaszczyk', 'mtomaszczyk3w@ft.com', 'whiteboard mission-critical applications', '647-43-4141', '19 Warrior Alley', 12, 133);
insert into comprador (comprador_id, nombre, apellido_paterno, apellido_materno, correo_electronico, resenia, rfc, direccion, pais_id, aval_id) values (642, 'Susi', 'Barwise', 'Rubinlicht', 'srubinlicht3x@mozilla.com', 'integrate vertical methodologies', '223-61-1230', '1 Loeprich Road', 4, 8);
insert into comprador (comprador_id, nombre, apellido_paterno, apellido_materno, correo_electronico, resenia, rfc, direccion, pais_id, aval_id) values (643, 'Livy', 'Ashbrook', 'Brundrett', 'lbrundrett3y@friendfeed.com', 'engage clicks-and-mortar relationships', '829-57-6304', '7417 Hintze Court', 10, 363);
insert into comprador (comprador_id, nombre, apellido_paterno, apellido_materno, correo_electronico, resenia, rfc, direccion, pais_id, aval_id) values (644, 'Obed', 'Jeanneau', 'Tchir', 'otchir3z@wsj.com', 'orchestrate end-to-end users', '343-54-1748', '8473 Morrow Plaza', 16, 276);
insert into comprador (comprador_id, nombre, apellido_paterno, apellido_materno, correo_electronico, resenia, rfc, direccion, pais_id, aval_id) values (645, 'Edgard', 'Pughe', 'Goodridge', 'egoodridge40@bbb.org', 'maximize innovative supply-chains', '309-58-3081', '59854 Bashford Park', 1, 350);
insert into comprador (comprador_id, nombre, apellido_paterno, apellido_materno, correo_electronico, resenia, rfc, direccion, pais_id, aval_id) values (646, 'Dulcinea', 'Jillions', 'Eastham', 'deastham41@163.com', 'utilize enterprise mindshare', '309-25-1253', '37602 Bellgrove Parkway', 1, 250);
insert into comprador (comprador_id, nombre, apellido_paterno, apellido_materno, correo_electronico, resenia, rfc, direccion, pais_id, aval_id) values (647, 'Humfrey', 'Quant', 'Kislingbury', 'hkislingbury42@delicious.com', 'embrace one-to-one deliverables', '475-05-1089', '8 Elka Alley', 12, 252);
insert into comprador (comprador_id, nombre, apellido_paterno, apellido_materno, correo_electronico, resenia, rfc, direccion, pais_id, aval_id) values (648, 'Thane', 'Mongenot', 'Mutton', 'tmutton43@google.co.jp', 'strategize cross-platform ROI', '487-09-3708', '00 Barby Circle', 19, 157);
insert into comprador (comprador_id, nombre, apellido_paterno, apellido_materno, correo_electronico, resenia, rfc, direccion, pais_id, aval_id) values (649, 'Bonnibelle', 'Fildes', 'Addey', 'baddey44@friendfeed.com', 'recontextualize cross-platform supply-chains', '652-51-7371', '75 Stuart Hill', 3, 285);
insert into comprador (comprador_id, nombre, apellido_paterno, apellido_materno, correo_electronico, resenia, rfc, direccion, pais_id, aval_id) values (650, 'Nevin', 'Snasel', 'Munro', 'nmunro45@state.gov', 'revolutionize front-end synergies', '553-51-2610', '7971 Almo Junction', 17, 428);
insert into comprador (comprador_id, nombre, apellido_paterno, apellido_materno, correo_electronico, resenia, rfc, direccion, pais_id, aval_id) values (651, 'Melesa', 'Axel', 'Delagua', 'mdelagua46@github.io', 'deliver bleeding-edge infomediaries', '822-81-0953', '4799 Michigan Road', 12, 373);
insert into comprador (comprador_id, nombre, apellido_paterno, apellido_materno, correo_electronico, resenia, rfc, direccion, pais_id, aval_id) values (652, 'Edy', 'Linnett', null, 'etrowell47@google.it', 'iterate one-to-one platforms', '549-75-7450', '438 Express Way', 8, 178);
insert into comprador (comprador_id, nombre, apellido_paterno, apellido_materno, correo_electronico, resenia, rfc, direccion, pais_id, aval_id) values (653, 'Rochette', 'Foister', 'Kellitt', 'rkellitt48@qq.com', 'harness value-added e-business', '521-16-7345', '9 Utah Plaza', 4, 11);
insert into comprador (comprador_id, nombre, apellido_paterno, apellido_materno, correo_electronico, resenia, rfc, direccion, pais_id, aval_id) values (654, 'Randy', 'Tidridge', 'Amies', 'ramies49@noaa.gov', 'streamline cutting-edge e-services', '428-25-1537', '50 Sunnyside Court', 14, 111);
insert into comprador (comprador_id, nombre, apellido_paterno, apellido_materno, correo_electronico, resenia, rfc, direccion, pais_id, aval_id) values (655, 'Linoel', 'Rule', 'Barlie', 'lbarlie4a@nyu.edu', 'recontextualize clicks-and-mortar supply-chains', '192-57-8388', '652 Maryland Street', 10, 388);
insert into comprador (comprador_id, nombre, apellido_paterno, apellido_materno, correo_electronico, resenia, rfc, direccion, pais_id, aval_id) values (656, 'Webster', 'Jorin', 'Peters', 'wpeters4b@va.gov', 'target revolutionary infomediaries', '378-80-4654', '99410 Holmberg Park', 15, 5);
insert into comprador (comprador_id, nombre, apellido_paterno, apellido_materno, correo_electronico, resenia, rfc, direccion, pais_id, aval_id) values (657, 'Oona', 'Jacklin', 'Jaukovic', 'ojaukovic4c@loc.gov', 'strategize B2C eyeballs', '282-32-2653', '3342 Namekagon Junction', 19, 388);
insert into comprador (comprador_id, nombre, apellido_paterno, apellido_materno, correo_electronico, resenia, rfc, direccion, pais_id, aval_id) values (658, 'Woodman', 'Knappett', null, 'wkob4d@nsw.gov.au', 'implement 24/7 solutions', '225-31-9532', '2491 Tennyson Plaza', 17, 45);
insert into comprador (comprador_id, nombre, apellido_paterno, apellido_materno, correo_electronico, resenia, rfc, direccion, pais_id, aval_id) values (659, 'Clarissa', 'Casper', 'Jump', 'cjump4e@yandex.ru', 'reintermediate transparent metrics', '501-02-8135', '0 Cottonwood Hill', 3, 487);
insert into comprador (comprador_id, nombre, apellido_paterno, apellido_materno, correo_electronico, resenia, rfc, direccion, pais_id, aval_id) values (660, 'Jeannine', 'Hardaker', 'D''eath', 'jdeath4f@berkeley.edu', 'strategize viral users', '419-74-6898', '111 Anthes Point', 9, 414);
insert into comprador (comprador_id, nombre, apellido_paterno, apellido_materno, correo_electronico, resenia, rfc, direccion, pais_id, aval_id) values (661, 'Lancelot', 'Rylands', 'Fragino', 'lfragino4g@theatlantic.com', 'implement strategic methodologies', '746-53-6590', '98 6th Parkway', 19, 373);
insert into comprador (comprador_id, nombre, apellido_paterno, apellido_materno, correo_electronico, resenia, rfc, direccion, pais_id, aval_id) values (662, 'Minerva', 'Ashment', 'Darlington', 'mdarlington4h@skyrock.com', 'cultivate innovative niches', '551-47-2142', '16 Pond Hill', 16, 114);
insert into comprador (comprador_id, nombre, apellido_paterno, apellido_materno, correo_electronico, resenia, rfc, direccion, pais_id, aval_id) values (663, 'Caro', 'Bailiss', 'Mazzey', 'cmazzey4i@indiegogo.com', 'morph 24/365 web-readiness', '436-25-3184', '30 Briar Crest Terrace', 9, 19);
insert into comprador (comprador_id, nombre, apellido_paterno, apellido_materno, correo_electronico, resenia, rfc, direccion, pais_id, aval_id) values (664, 'Keriann', 'Brabyn', 'Burch', 'kburch4j@phoca.cz', 'strategize robust web-readiness', '603-65-4432', '7 Northview Crossing', 18, 421);
insert into comprador (comprador_id, nombre, apellido_paterno, apellido_materno, correo_electronico, resenia, rfc, direccion, pais_id, aval_id) values (665, 'Wren', 'Beek', 'Ivakhin', 'wivakhin4k@dot.gov', 'synthesize e-business partnerships', '456-52-7543', '49468 Lotheville Junction', 8, 141);
insert into comprador (comprador_id, nombre, apellido_paterno, apellido_materno, correo_electronico, resenia, rfc, direccion, pais_id, aval_id) values (666, 'Dennis', 'Brunskill', 'Emig', 'demig4l@bbc.co.uk', 'facilitate dot-com convergence', '809-81-3170', '51963 Mifflin Point', 4, 66);
insert into comprador (comprador_id, nombre, apellido_paterno, apellido_materno, correo_electronico, resenia, rfc, direccion, pais_id, aval_id) values (667, 'Obie', 'Dunkerton', null, 'ofellgatt4m@plala.or.jp', 'mesh wireless deliverables', '765-27-8553', '37122 Sundown Road', 9, 68);
insert into comprador (comprador_id, nombre, apellido_paterno, apellido_materno, correo_electronico, resenia, rfc, direccion, pais_id, aval_id) values (668, 'Meg', 'Mitskevich', 'Hamfleet', 'mhamfleet4n@twitter.com', 'extend mission-critical methodologies', '130-51-1635', '558 Anniversary Trail', 3, 406);
insert into comprador (comprador_id, nombre, apellido_paterno, apellido_materno, correo_electronico, resenia, rfc, direccion, pais_id, aval_id) values (669, 'Omero', 'Moodycliffe', 'Thyer', 'othyer4o@skyrock.com', 'grow robust users', '143-39-2262', '48 7th Pass', 16, 93);
insert into comprador (comprador_id, nombre, apellido_paterno, apellido_materno, correo_electronico, resenia, rfc, direccion, pais_id, aval_id) values (670, 'Paige', 'Saphin', null, 'pcoult4p@cbslocal.com', 'scale cross-media synergies', '474-10-9625', '51597 Waubesa Plaza', 12, 244);
insert into comprador (comprador_id, nombre, apellido_paterno, apellido_materno, correo_electronico, resenia, rfc, direccion, pais_id, aval_id) values (671, 'Carly', 'Freestone', 'Didsbury', 'cdidsbury4q@shop-pro.jp', 'reintermediate best-of-breed action-items', '124-17-0566', '2 Tennyson Terrace', 19, 271);
insert into comprador (comprador_id, nombre, apellido_paterno, apellido_materno, correo_electronico, resenia, rfc, direccion, pais_id, aval_id) values (672, 'Gerladina', 'Cicculini', 'Radbourne', 'gradbourne4r@huffingtonpost.com', 'visualize bricks-and-clicks functionalities', '517-77-5543', '8 Dixon Avenue', 20, 344);
insert into comprador (comprador_id, nombre, apellido_paterno, apellido_materno, correo_electronico, resenia, rfc, direccion, pais_id, aval_id) values (673, 'Heloise', 'Cranefield', 'Bater', 'hbater4s@cocolog-nifty.com', 'evolve ubiquitous relationships', '872-86-9124', '168 La Follette Terrace', 14, 310);
insert into comprador (comprador_id, nombre, apellido_paterno, apellido_materno, correo_electronico, resenia, rfc, direccion, pais_id, aval_id) values (674, 'Garold', 'Manlow', 'Tunmore', 'gtunmore4t@disqus.com', 'architect wireless initiatives', '104-79-8518', '26075 Gale Drive', 2, 186);
insert into comprador (comprador_id, nombre, apellido_paterno, apellido_materno, correo_electronico, resenia, rfc, direccion, pais_id, aval_id) values (675, 'Gae', 'Olechnowicz', 'Harbert', 'gharbert4u@hp.com', 'recontextualize viral deliverables', '518-61-8334', '80 Buell Lane', 17, 52);
insert into comprador (comprador_id, nombre, apellido_paterno, apellido_materno, correo_electronico, resenia, rfc, direccion, pais_id, aval_id) values (676, 'Gloria', 'Varndall', 'Osgar', 'gosgar4v@ted.com', 'benchmark frictionless channels', '812-17-8435', '6 Corscot Pass', 18, 114);
insert into comprador (comprador_id, nombre, apellido_paterno, apellido_materno, correo_electronico, resenia, rfc, direccion, pais_id, aval_id) values (677, 'Tandy', 'MacLachlan', 'Coddington', 'tcoddington4w@lulu.com', 'exploit bleeding-edge communities', '747-91-4977', '0 Rutledge Parkway', 5, 214);
insert into comprador (comprador_id, nombre, apellido_paterno, apellido_materno, correo_electronico, resenia, rfc, direccion, pais_id, aval_id) values (678, 'Rene', 'Avrahamy', 'Dewerson', 'rdewerson4x@baidu.com', 'aggregate plug-and-play e-services', '458-64-6916', '7 Elmside Drive', 4, 440);
insert into comprador (comprador_id, nombre, apellido_paterno, apellido_materno, correo_electronico, resenia, rfc, direccion, pais_id, aval_id) values (679, 'Alick', 'Shinner', 'Koppe', 'akoppe4y@shutterfly.com', 'enhance end-to-end e-services', '545-05-0775', '259 Longview Street', 6, 384);
insert into comprador (comprador_id, nombre, apellido_paterno, apellido_materno, correo_electronico, resenia, rfc, direccion, pais_id, aval_id) values (680, 'Sayre', 'Reynoldson', 'O''Shee', 'soshee4z@fotki.com', 'iterate ubiquitous networks', '885-88-9880', '5968 Butternut Park', 20, 430);
insert into comprador (comprador_id, nombre, apellido_paterno, apellido_materno, correo_electronico, resenia, rfc, direccion, pais_id, aval_id) values (681, 'Herculie', 'Ziehms', 'Woollett', 'hwoollett50@prnewswire.com', 'syndicate back-end niches', '899-77-3509', '9 Clyde Gallagher Court', 16, 53);
insert into comprador (comprador_id, nombre, apellido_paterno, apellido_materno, correo_electronico, resenia, rfc, direccion, pais_id, aval_id) values (682, 'Frankie', 'Dagwell', 'Neillans', 'fneillans51@nature.com', 'empower viral channels', '433-08-7951', '374 Carioca Crossing', 12, 235);
insert into comprador (comprador_id, nombre, apellido_paterno, apellido_materno, correo_electronico, resenia, rfc, direccion, pais_id, aval_id) values (683, 'Charil', 'Hartrick', 'Eaglen', 'ceaglen52@liveinternet.ru', 'morph enterprise convergence', '420-24-8221', '64586 Lunder Trail', 3, 484);
insert into comprador (comprador_id, nombre, apellido_paterno, apellido_materno, correo_electronico, resenia, rfc, direccion, pais_id, aval_id) values (684, 'Ardine', 'Jorgesen', 'Marshland', 'amarshland53@chronoengine.com', 'leverage synergistic partnerships', '751-89-2599', '934 Kingsford Center', 13, 123);
insert into comprador (comprador_id, nombre, apellido_paterno, apellido_materno, correo_electronico, resenia, rfc, direccion, pais_id, aval_id) values (685, 'Fredericka', 'Muffett', 'McMillan', 'fmcmillan54@tinypic.com', 'disintermediate bleeding-edge functionalities', '557-81-4235', '2 Luster Plaza', 2, 266);
insert into comprador (comprador_id, nombre, apellido_paterno, apellido_materno, correo_electronico, resenia, rfc, direccion, pais_id, aval_id) values (686, 'Marta', 'Fitkin', 'Byneth', 'mbyneth55@irs.gov', 'disintermediate ubiquitous technologies', '311-78-0109', '35 Evergreen Court', 13, 464);
insert into comprador (comprador_id, nombre, apellido_paterno, apellido_materno, correo_electronico, resenia, rfc, direccion, pais_id, aval_id) values (687, 'Corney', 'Koppen', null, 'ceversfield56@latimes.com', 'enable sticky initiatives', '485-01-7663', '418 Kipling Drive', 10, 160);
insert into comprador (comprador_id, nombre, apellido_paterno, apellido_materno, correo_electronico, resenia, rfc, direccion, pais_id, aval_id) values (688, 'Letizia', 'Garfath', null, 'lcrowson57@arizona.edu', 'recontextualize web-enabled infomediaries', '619-84-9420', '9 Forest Run Point', 13, 293);
insert into comprador (comprador_id, nombre, apellido_paterno, apellido_materno, correo_electronico, resenia, rfc, direccion, pais_id, aval_id) values (689, 'Jo-ann', 'Bannerman', 'Unthank', 'junthank58@rambler.ru', 'mesh value-added relationships', '723-29-8783', '313 Londonderry Point', 5, 189);
insert into comprador (comprador_id, nombre, apellido_paterno, apellido_materno, correo_electronico, resenia, rfc, direccion, pais_id, aval_id) values (690, 'Leontine', 'Lenahan', 'Sidwell', 'lsidwell59@themeforest.net', 'monetize revolutionary web-readiness', '183-59-3995', '04709 Reinke Point', 7, 362);
insert into comprador (comprador_id, nombre, apellido_paterno, apellido_materno, correo_electronico, resenia, rfc, direccion, pais_id, aval_id) values (691, 'Craggy', 'Sands-Allan', 'Granger', 'cgranger5a@vinaora.com', 'reinvent leading-edge e-services', '662-38-3190', '5 Manley Street', 5, 35);
insert into comprador (comprador_id, nombre, apellido_paterno, apellido_materno, correo_electronico, resenia, rfc, direccion, pais_id, aval_id) values (692, 'Georgine', 'Dudding', 'Duffield', 'gduffield5b@ustream.tv', 'redefine global mindshare', '338-44-7541', '43 2nd Avenue', 13, 138);
insert into comprador (comprador_id, nombre, apellido_paterno, apellido_materno, correo_electronico, resenia, rfc, direccion, pais_id, aval_id) values (693, 'Barret', 'Bower', 'Oaks', 'boaks5c@google.fr', 'repurpose magnetic e-services', '359-75-6122', '364 Bay Pass', 14, 143);
insert into comprador (comprador_id, nombre, apellido_paterno, apellido_materno, correo_electronico, resenia, rfc, direccion, pais_id, aval_id) values (694, 'Hope', 'Blackmore', 'Chinge de Hals', 'hchingedehals5d@xinhuanet.com', 'envisioneer 24/7 technologies', '171-13-0037', '2697 Monica Way', 3, 65);
insert into comprador (comprador_id, nombre, apellido_paterno, apellido_materno, correo_electronico, resenia, rfc, direccion, pais_id, aval_id) values (695, 'Robenia', 'Gomme', 'Imesen', 'rimesen5e@netvibes.com', 'strategize cross-media e-commerce', '362-35-6163', '94346 Cordelia Plaza', 20, 393);
insert into comprador (comprador_id, nombre, apellido_paterno, apellido_materno, correo_electronico, resenia, rfc, direccion, pais_id, aval_id) values (696, 'Alonso', 'Jarrel', 'Armatage', 'aarmatage5f@uiuc.edu', 'architect dynamic supply-chains', '448-77-4988', '1376 Kedzie Junction', 1, 206);
insert into comprador (comprador_id, nombre, apellido_paterno, apellido_materno, correo_electronico, resenia, rfc, direccion, pais_id, aval_id) values (697, 'Kaleena', 'Menichillo', 'Lukasen', 'klukasen5g@spotify.com', 'visualize bleeding-edge models', '696-62-0843', '3182 Hoffman Parkway', 11, 90);
insert into comprador (comprador_id, nombre, apellido_paterno, apellido_materno, correo_electronico, resenia, rfc, direccion, pais_id, aval_id) values (698, 'Harriett', 'Harle', 'Lingard', 'hlingard5h@51.la', 'productize revolutionary e-commerce', '423-81-7499', '69162 Northland Trail', 20, 214);
insert into comprador (comprador_id, nombre, apellido_paterno, apellido_materno, correo_electronico, resenia, rfc, direccion, pais_id, aval_id) values (699, 'Briana', 'Deveraux', 'Bansal', 'bbansal5i@google.co.jp', 'implement dynamic channels', '335-49-4846', '3995 Moulton Trail', 3, 275);
insert into comprador (comprador_id, nombre, apellido_paterno, apellido_materno, correo_electronico, resenia, rfc, direccion, pais_id, aval_id) values (700, 'Conney', 'Skitral', 'Henze', 'chenze5j@amazonaws.com', 'reintermediate interactive paradigms', '407-12-8179', '082 Crescent Oaks Place', 10, 147);
insert into comprador (comprador_id, nombre, apellido_paterno, apellido_materno, correo_electronico, resenia, rfc, direccion, pais_id, aval_id) values (701, 'Daffie', 'Lawry', 'Aleevy', 'daleevy5k@nps.gov', 'generate clicks-and-mortar vortals', '360-65-2789', '30365 Carberry Center', 17, 363);
insert into comprador (comprador_id, nombre, apellido_paterno, apellido_materno, correo_electronico, resenia, rfc, direccion, pais_id, aval_id) values (702, 'Asher', 'Yukhin', null, 'ahryncewicz5l@imdb.com', 'incubate scalable platforms', '361-09-0775', '088 Buell Crossing', 14, 279);
insert into comprador (comprador_id, nombre, apellido_paterno, apellido_materno, correo_electronico, resenia, rfc, direccion, pais_id, aval_id) values (703, 'Ogden', 'Gaudin', 'Persence', 'opersence5m@1und1.de', 'deliver virtual metrics', '811-74-2344', '695 Coolidge Parkway', 17, 161);
insert into comprador (comprador_id, nombre, apellido_paterno, apellido_materno, correo_electronico, resenia, rfc, direccion, pais_id, aval_id) values (704, 'Wesley', 'Stobart', 'Cawthery', 'wcawthery5n@scribd.com', 'extend killer systems', '208-45-5623', '9750 Twin Pines Street', 11, 154);
insert into comprador (comprador_id, nombre, apellido_paterno, apellido_materno, correo_electronico, resenia, rfc, direccion, pais_id, aval_id) values (705, 'Gordon', 'Shilton', 'Taleworth', 'gtaleworth5o@php.net', 'integrate value-added technologies', '803-40-3648', '455 Old Shore Point', 16, 385);
insert into comprador (comprador_id, nombre, apellido_paterno, apellido_materno, correo_electronico, resenia, rfc, direccion, pais_id, aval_id) values (706, 'Jaclyn', 'Kinnin', 'Lingard', 'jlingard5p@cdbaby.com', 'empower e-business eyeballs', '802-24-7658', '1 Moulton Point', 10, 79);
insert into comprador (comprador_id, nombre, apellido_paterno, apellido_materno, correo_electronico, resenia, rfc, direccion, pais_id, aval_id) values (707, 'Harwilll', 'Domeny', 'Strass', 'hstrass5q@flavors.me', 'envisioneer real-time content', '703-93-0318', '842 Esker Drive', 11, 180);
insert into comprador (comprador_id, nombre, apellido_paterno, apellido_materno, correo_electronico, resenia, rfc, direccion, pais_id, aval_id) values (708, 'Randall', 'Matzaitis', 'Lathbury', 'rlathbury5r@europa.eu', 'streamline one-to-one systems', '114-21-2689', '6184 Longview Hill', 4, 173);
insert into comprador (comprador_id, nombre, apellido_paterno, apellido_materno, correo_electronico, resenia, rfc, direccion, pais_id, aval_id) values (709, 'Caron', 'Logsdail', 'Douce', 'cdouce5s@xing.com', 'syndicate sticky communities', '891-70-1081', '281 Service Circle', 19, 366);
insert into comprador (comprador_id, nombre, apellido_paterno, apellido_materno, correo_electronico, resenia, rfc, direccion, pais_id, aval_id) values (710, 'Lucias', 'Halls', 'Kilby', 'lkilby5t@ow.ly', 'reinvent scalable metrics', '886-84-9387', '41802 Dennis Pass', 20, 281);
insert into comprador (comprador_id, nombre, apellido_paterno, apellido_materno, correo_electronico, resenia, rfc, direccion, pais_id, aval_id) values (711, 'Melvin', 'Collick', 'Hallas', 'mhallas5u@europa.eu', 'architect dot-com communities', '890-05-4280', '28 Buena Vista Terrace', 9, 62);
insert into comprador (comprador_id, nombre, apellido_paterno, apellido_materno, correo_electronico, resenia, rfc, direccion, pais_id, aval_id) values (712, 'Leeann', 'Whimper', 'Leeman', 'lleeman5v@stanford.edu', 'synergize intuitive schemas', '849-76-3726', '7 Forest Dale Park', 17, 262);
insert into comprador (comprador_id, nombre, apellido_paterno, apellido_materno, correo_electronico, resenia, rfc, direccion, pais_id, aval_id) values (713, 'Minette', 'Ambrogio', null, 'mspark5w@1688.com', 'brand rich models', '318-43-0004', '07198 Bunker Hill Place', 10, 375);
insert into comprador (comprador_id, nombre, apellido_paterno, apellido_materno, correo_electronico, resenia, rfc, direccion, pais_id, aval_id) values (714, 'Illa', 'Goldney', 'Skittles', 'iskittles5x@ebay.co.uk', 'aggregate rich initiatives', '716-63-8820', '9 Lakewood Court', 16, 476);
insert into comprador (comprador_id, nombre, apellido_paterno, apellido_materno, correo_electronico, resenia, rfc, direccion, pais_id, aval_id) values (715, 'Terrye', 'Bullar', 'Esmond', 'tesmond5y@cmu.edu', 'maximize out-of-the-box partnerships', '800-95-3331', '946 Lien Way', 5, 2);
insert into comprador (comprador_id, nombre, apellido_paterno, apellido_materno, correo_electronico, resenia, rfc, direccion, pais_id, aval_id) values (716, 'Clevie', 'Elstub', 'Minchin', 'cminchin5z@wordpress.org', 'optimize granular channels', '166-16-2812', '21487 Transport Circle', 20, 381);
insert into comprador (comprador_id, nombre, apellido_paterno, apellido_materno, correo_electronico, resenia, rfc, direccion, pais_id, aval_id) values (717, 'Lauryn', 'Gyves', 'Pitts', 'lpitts60@buzzfeed.com', 'e-enable customized e-tailers', '764-82-9709', '37353 Garrison Trail', 9, 446);
insert into comprador (comprador_id, nombre, apellido_paterno, apellido_materno, correo_electronico, resenia, rfc, direccion, pais_id, aval_id) values (718, 'Matthieu', 'Mishow', 'Campagne', 'mcampagne61@techcrunch.com', 'empower sticky supply-chains', '276-25-3065', '8751 Rowland Crossing', 1, 284);
insert into comprador (comprador_id, nombre, apellido_paterno, apellido_materno, correo_electronico, resenia, rfc, direccion, pais_id, aval_id) values (719, 'Estrella', 'Ferroli', 'Kubecka', 'ekubecka62@qq.com', 'engineer customized bandwidth', '511-79-1845', '738 Golf Terrace', 4, 175);
insert into comprador (comprador_id, nombre, apellido_paterno, apellido_materno, correo_electronico, resenia, rfc, direccion, pais_id, aval_id) values (720, 'Chandra', 'MacIlwrick', 'Corr', 'ccorr63@ifeng.com', 'extend efficient relationships', '424-70-3230', '2267 Thompson Drive', 5, 173);
insert into comprador (comprador_id, nombre, apellido_paterno, apellido_materno, correo_electronico, resenia, rfc, direccion, pais_id, aval_id) values (721, 'Rasia', 'Gurnee', 'Haw', 'rhaw64@360.cn', 'syndicate 24/365 functionalities', '436-23-6714', '8972 Petterle Junction', 15, 63);
insert into comprador (comprador_id, nombre, apellido_paterno, apellido_materno, correo_electronico, resenia, rfc, direccion, pais_id, aval_id) values (722, 'Bone', 'Pattington', 'Hurtic', 'bhurtic65@who.int', 'synthesize magnetic bandwidth', '360-42-5732', '46 Barby Junction', 18, 91);
insert into comprador (comprador_id, nombre, apellido_paterno, apellido_materno, correo_electronico, resenia, rfc, direccion, pais_id, aval_id) values (723, 'Claudelle', 'Zuanelli', 'Manicom', 'cmanicom66@unc.edu', 'innovate front-end metrics', '436-58-8563', '286 Troy Pass', 2, 302);
insert into comprador (comprador_id, nombre, apellido_paterno, apellido_materno, correo_electronico, resenia, rfc, direccion, pais_id, aval_id) values (724, 'Ferdinande', 'Guyon', 'Leyfield', 'fleyfield67@dyndns.org', 'deliver extensible metrics', '663-13-2349', '7379 Prairie Rose Place', 10, 372);
insert into comprador (comprador_id, nombre, apellido_paterno, apellido_materno, correo_electronico, resenia, rfc, direccion, pais_id, aval_id) values (725, 'Thurstan', 'Meneghi', 'McKibben', 'tmckibben68@naver.com', 'benchmark ubiquitous portals', '779-29-4998', '60 Glacier Hill Terrace', 20, 461);
insert into comprador (comprador_id, nombre, apellido_paterno, apellido_materno, correo_electronico, resenia, rfc, direccion, pais_id, aval_id) values (726, 'Zedekiah', 'Kelner', 'Footer', 'zfooter69@clickbank.net', 'streamline collaborative portals', '806-50-7933', '6502 Brentwood Road', 19, 85);
insert into comprador (comprador_id, nombre, apellido_paterno, apellido_materno, correo_electronico, resenia, rfc, direccion, pais_id, aval_id) values (727, 'Dolly', 'Pool', 'MacNamee', 'dmacnamee6a@desdev.cn', 'streamline turn-key relationships', '771-56-1774', '6 Lotheville Plaza', 20, 436);
insert into comprador (comprador_id, nombre, apellido_paterno, apellido_materno, correo_electronico, resenia, rfc, direccion, pais_id, aval_id) values (728, 'Bordy', 'Harvey', 'L'' Anglois', 'blanglois6b@flickr.com', 'e-enable revolutionary schemas', '748-38-9242', '53 Florence Trail', 12, 27);
insert into comprador (comprador_id, nombre, apellido_paterno, apellido_materno, correo_electronico, resenia, rfc, direccion, pais_id, aval_id) values (729, 'Hebert', 'Tadman', 'Raffles', 'hraffles6c@taobao.com', 'repurpose world-class systems', '822-98-1621', '0259 Loomis Plaza', 13, 154);
insert into comprador (comprador_id, nombre, apellido_paterno, apellido_materno, correo_electronico, resenia, rfc, direccion, pais_id, aval_id) values (730, 'Emmye', 'Ivannikov', 'Sircomb', 'esircomb6d@china.com.cn', 'transform revolutionary users', '550-83-9979', '9810 Spenser Place', 10, 487);
insert into comprador (comprador_id, nombre, apellido_paterno, apellido_materno, correo_electronico, resenia, rfc, direccion, pais_id, aval_id) values (731, 'Shanan', 'Tweedy', 'Redemile', 'sredemile6e@thetimes.co.uk', 'streamline synergistic applications', '105-44-9220', '676 Kropf Avenue', 15, 498);
insert into comprador (comprador_id, nombre, apellido_paterno, apellido_materno, correo_electronico, resenia, rfc, direccion, pais_id, aval_id) values (732, 'Lacey', 'Longstaffe', 'Cuerdall', 'lcuerdall6f@delicious.com', 'drive plug-and-play eyeballs', '509-26-0671', '02185 Green Ridge Plaza', 9, 62);
insert into comprador (comprador_id, nombre, apellido_paterno, apellido_materno, correo_electronico, resenia, rfc, direccion, pais_id, aval_id) values (733, 'Hana', 'Luxton', null, 'hjell6g@pen.io', 'brand open-source metrics', '169-96-9167', '2 Bay Lane', 11, 59);
insert into comprador (comprador_id, nombre, apellido_paterno, apellido_materno, correo_electronico, resenia, rfc, direccion, pais_id, aval_id) values (734, 'Norris', 'Fasey', 'Broxup', 'nbroxup6h@themeforest.net', 'evolve rich architectures', '544-45-4994', '40385 Superior Alley', 18, 284);
insert into comprador (comprador_id, nombre, apellido_paterno, apellido_materno, correo_electronico, resenia, rfc, direccion, pais_id, aval_id) values (735, 'Corinne', 'Harty', 'Delea', 'cdelea6i@yellowbook.com', 'reintermediate interactive models', '206-56-4001', '91 Hauk Parkway', 5, 441);
insert into comprador (comprador_id, nombre, apellido_paterno, apellido_materno, correo_electronico, resenia, rfc, direccion, pais_id, aval_id) values (736, 'Pierre', 'Weaving', null, 'pconeley6j@cloudflare.com', 'disintermediate out-of-the-box action-items', '780-77-2058', '9829 Schiller Terrace', 3, 12);
insert into comprador (comprador_id, nombre, apellido_paterno, apellido_materno, correo_electronico, resenia, rfc, direccion, pais_id, aval_id) values (737, 'Berget', 'Headech', 'Blaxter', 'bblaxter6k@printfriendly.com', 'mesh visionary methodologies', '679-67-4755', '3531 Mockingbird Way', 13, 495);
insert into comprador (comprador_id, nombre, apellido_paterno, apellido_materno, correo_electronico, resenia, rfc, direccion, pais_id, aval_id) values (738, 'Leif', 'Kees', 'Westmerland', 'lwestmerland6l@addtoany.com', 'incentivize 24/365 relationships', '136-86-0196', '11 Lindbergh Place', 14, 382);
insert into comprador (comprador_id, nombre, apellido_paterno, apellido_materno, correo_electronico, resenia, rfc, direccion, pais_id, aval_id) values (739, 'Christin', 'Burburough', 'Kegan', 'ckegan6m@bing.com', 'recontextualize enterprise supply-chains', '724-17-0646', '0855 Warbler Plaza', 10, 28);
insert into comprador (comprador_id, nombre, apellido_paterno, apellido_materno, correo_electronico, resenia, rfc, direccion, pais_id, aval_id) values (740, 'Kendall', 'Hallifax', 'Craigg', 'kcraigg6n@go.com', 'innovate integrated vortals', '260-95-5540', '5 Sugar Plaza', 3, 205);
insert into comprador (comprador_id, nombre, apellido_paterno, apellido_materno, correo_electronico, resenia, rfc, direccion, pais_id, aval_id) values (741, 'Andria', 'Gother', 'Gold', 'agold6o@wunderground.com', 'reintermediate sexy communities', '338-73-0793', '336 Swallow Center', 14, 343);
insert into comprador (comprador_id, nombre, apellido_paterno, apellido_materno, correo_electronico, resenia, rfc, direccion, pais_id, aval_id) values (742, 'Belicia', 'Clemanceau', 'Hindmore', 'bhindmore6p@ezinearticles.com', 'iterate interactive e-tailers', '786-32-1556', '786 Jana Avenue', 19, 364);
insert into comprador (comprador_id, nombre, apellido_paterno, apellido_materno, correo_electronico, resenia, rfc, direccion, pais_id, aval_id) values (743, 'Sharity', 'Philcox', 'Jeromson', 'sjeromson6q@ebay.co.uk', 'disintermediate efficient eyeballs', '362-39-1484', '651 Lerdahl Road', 13, 36);
insert into comprador (comprador_id, nombre, apellido_paterno, apellido_materno, correo_electronico, resenia, rfc, direccion, pais_id, aval_id) values (744, 'Julee', 'Vedekhov', 'Pounds', 'jpounds6r@ucoz.ru', 'envisioneer viral e-markets', '822-78-6692', '28 Meadow Vale Place', 14, 320);
insert into comprador (comprador_id, nombre, apellido_paterno, apellido_materno, correo_electronico, resenia, rfc, direccion, pais_id, aval_id) values (745, 'Janeen', 'Jorge', 'Burgher', 'jburgher6s@cmu.edu', 'visualize vertical mindshare', '208-15-8355', '83389 Sherman Center', 7, 131);
insert into comprador (comprador_id, nombre, apellido_paterno, apellido_materno, correo_electronico, resenia, rfc, direccion, pais_id, aval_id) values (746, 'Adelheid', 'Cornfoot', 'Birtwhistle', 'abirtwhistle6t@is.gd', 'maximize extensible functionalities', '215-39-0375', '819 Grim Lane', 17, 411);
insert into comprador (comprador_id, nombre, apellido_paterno, apellido_materno, correo_electronico, resenia, rfc, direccion, pais_id, aval_id) values (747, 'Isak', 'Matusov', 'Jakubski', 'ijakubski6u@taobao.com', 'e-enable global e-services', '219-52-7132', '108 Duke Drive', 3, 13);
insert into comprador (comprador_id, nombre, apellido_paterno, apellido_materno, correo_electronico, resenia, rfc, direccion, pais_id, aval_id) values (748, 'Jeannie', 'Upham', 'Wiggett', 'jwiggett6v@skyrock.com', 'streamline collaborative web-readiness', '642-35-9191', '4 New Castle Place', 20, 76);
insert into comprador (comprador_id, nombre, apellido_paterno, apellido_materno, correo_electronico, resenia, rfc, direccion, pais_id, aval_id) values (749, 'Arleyne', 'Kemp', 'Deeks', 'adeeks6w@joomla.org', 'strategize enterprise experiences', '107-23-5822', '377 Green Road', 10, 232);
insert into comprador (comprador_id, nombre, apellido_paterno, apellido_materno, correo_electronico, resenia, rfc, direccion, pais_id, aval_id) values (750, 'Torrence', 'Yurov', 'Ruffell', 'truffell6x@mysql.com', 'benchmark mission-critical ROI', '623-80-4362', '971 Kedzie Plaza', 4, 333);
insert into comprador (comprador_id, nombre, apellido_paterno, apellido_materno, correo_electronico, resenia, rfc, direccion, pais_id, aval_id) values (751, 'Pieter', 'Morritt', 'Hammand', 'phammand6y@ucla.edu', 'matrix one-to-one eyeballs', '220-54-8556', '1792 Tomscot Court', 6, 3);
insert into comprador (comprador_id, nombre, apellido_paterno, apellido_materno, correo_electronico, resenia, rfc, direccion, pais_id, aval_id) values (752, 'Sofie', 'Ragsdall', 'Lattos', 'slattos6z@boston.com', 'deploy distributed applications', '650-59-9222', '426 Shasta Trail', 19, 6);
insert into comprador (comprador_id, nombre, apellido_paterno, apellido_materno, correo_electronico, resenia, rfc, direccion, pais_id, aval_id) values (753, 'Elwood', 'Cowherd', 'Caveau', 'ecaveau70@lulu.com', 'architect customized applications', '399-31-6779', '6921 Annamark Alley', 9, 448);
insert into comprador (comprador_id, nombre, apellido_paterno, apellido_materno, correo_electronico, resenia, rfc, direccion, pais_id, aval_id) values (754, 'Karalee', 'Davey', 'Cameron', 'kcameron71@yahoo.co.jp', 'integrate web-enabled users', '466-78-5097', '57064 Stoughton Trail', 3, 289);
insert into comprador (comprador_id, nombre, apellido_paterno, apellido_materno, correo_electronico, resenia, rfc, direccion, pais_id, aval_id) values (755, 'Burnard', 'Osman', 'Jakov', 'bjakov72@samsung.com', 'innovate efficient networks', '634-66-6310', '68925 Susan Park', 9, 432);
insert into comprador (comprador_id, nombre, apellido_paterno, apellido_materno, correo_electronico, resenia, rfc, direccion, pais_id, aval_id) values (756, 'Reece', 'Cracknall', 'Krale', 'rkrale73@boston.com', 'engage enterprise systems', '759-75-3377', '67475 Golf Course Trail', 2, 83);
insert into comprador (comprador_id, nombre, apellido_paterno, apellido_materno, correo_electronico, resenia, rfc, direccion, pais_id, aval_id) values (757, 'Ford', 'Vauter', 'Nieass', 'fnieass74@chron.com', 'drive B2C mindshare', '102-85-2743', '3270 Elmside Hill', 5, 241);
insert into comprador (comprador_id, nombre, apellido_paterno, apellido_materno, correo_electronico, resenia, rfc, direccion, pais_id, aval_id) values (758, 'Robers', 'Sigge', 'Hamel', 'rhamel75@a8.net', 'streamline granular e-commerce', '332-41-0449', '135 Tennyson Circle', 18, 66);
insert into comprador (comprador_id, nombre, apellido_paterno, apellido_materno, correo_electronico, resenia, rfc, direccion, pais_id, aval_id) values (759, 'Eduard', 'Catterall', 'MacAdie', 'emacadie76@e-recht24.de', 'generate user-centric solutions', '786-07-2987', '95 Karstens Road', 17, 160);
insert into comprador (comprador_id, nombre, apellido_paterno, apellido_materno, correo_electronico, resenia, rfc, direccion, pais_id, aval_id) values (760, 'Dana', 'Wheelhouse', 'Eyckelberg', 'deyckelberg77@phpbb.com', 'empower robust initiatives', '441-60-4974', '5373 Maryland Terrace', 4, 404);
insert into comprador (comprador_id, nombre, apellido_paterno, apellido_materno, correo_electronico, resenia, rfc, direccion, pais_id, aval_id) values (761, 'Udell', 'Dranfield', 'Bedin', 'ubedin78@amazon.com', 'exploit back-end infomediaries', '704-73-9709', '44 Schlimgen Street', 1, 281);
insert into comprador (comprador_id, nombre, apellido_paterno, apellido_materno, correo_electronico, resenia, rfc, direccion, pais_id, aval_id) values (762, 'Georgina', 'Pregel', 'Mengue', 'gmengue79@google.com.au', 'engage global e-tailers', '299-81-4295', '41 Summer Ridge Drive', 17, 221);
insert into comprador (comprador_id, nombre, apellido_paterno, apellido_materno, correo_electronico, resenia, rfc, direccion, pais_id, aval_id) values (763, 'Zsa zsa', 'Graham', 'Seine', 'zseine7a@w3.org', 'synergize leading-edge synergies', '713-04-0246', '949 Brown Lane', 3, 298);
insert into comprador (comprador_id, nombre, apellido_paterno, apellido_materno, correo_electronico, resenia, rfc, direccion, pais_id, aval_id) values (764, 'Avrit', 'Tevelov', 'Wedgwood', 'awedgwood7b@nps.gov', 'revolutionize virtual functionalities', '309-73-9172', '936 Crownhardt Junction', 14, 188);
insert into comprador (comprador_id, nombre, apellido_paterno, apellido_materno, correo_electronico, resenia, rfc, direccion, pais_id, aval_id) values (765, 'Angil', 'Caseborne', 'Teers', 'ateers7c@biblegateway.com', 'architect web-enabled action-items', '687-03-7636', '9813 Huxley Road', 10, 247);
insert into comprador (comprador_id, nombre, apellido_paterno, apellido_materno, correo_electronico, resenia, rfc, direccion, pais_id, aval_id) values (766, 'Salim', 'Vanyukhin', 'Cousans', 'scousans7d@prweb.com', 'incentivize B2B functionalities', '663-40-9302', '657 Drewry Place', 2, 76);
insert into comprador (comprador_id, nombre, apellido_paterno, apellido_materno, correo_electronico, resenia, rfc, direccion, pais_id, aval_id) values (767, 'Ainslee', 'Dimmick', 'Weighell', 'aweighell7e@scientificamerican.com', 'architect proactive experiences', '508-57-5219', '168 Gerald Point', 12, 171);
insert into comprador (comprador_id, nombre, apellido_paterno, apellido_materno, correo_electronico, resenia, rfc, direccion, pais_id, aval_id) values (768, 'Chanda', 'Duesberry', 'Babbs', 'cbabbs7f@hatena.ne.jp', 'innovate customized users', '885-28-5275', '6 Troy Trail', 4, 33);
insert into comprador (comprador_id, nombre, apellido_paterno, apellido_materno, correo_electronico, resenia, rfc, direccion, pais_id, aval_id) values (769, 'Conchita', 'Hennemann', 'Tortis', 'ctortis7g@cisco.com', 'aggregate distributed ROI', '214-95-6504', '2 Comanche Avenue', 20, 198);
insert into comprador (comprador_id, nombre, apellido_paterno, apellido_materno, correo_electronico, resenia, rfc, direccion, pais_id, aval_id) values (770, 'Monroe', 'Ruddiman', 'O'' Reagan', 'moreagan7h@ucoz.com', 'productize clicks-and-mortar architectures', '456-29-6104', '1 Thierer Center', 18, 50);
insert into comprador (comprador_id, nombre, apellido_paterno, apellido_materno, correo_electronico, resenia, rfc, direccion, pais_id, aval_id) values (771, 'Eryn', 'Mucklestone', 'MacVanamy', 'emacvanamy7i@shareasale.com', 'mesh virtual technologies', '236-84-8011', '5366 Bay Road', 10, 437);
insert into comprador (comprador_id, nombre, apellido_paterno, apellido_materno, correo_electronico, resenia, rfc, direccion, pais_id, aval_id) values (772, 'Cole', 'Moynihan', null, 'cheinlein7j@arstechnica.com', 'reinvent interactive infrastructures', '319-05-3686', '244 Maple Trail', 3, 201);
insert into comprador (comprador_id, nombre, apellido_paterno, apellido_materno, correo_electronico, resenia, rfc, direccion, pais_id, aval_id) values (773, 'Junie', 'Fallis', 'Longhirst', 'jlonghirst7k@sun.com', 'disintermediate cross-media partnerships', '738-38-7663', '42065 Cardinal Hill', 7, 360);
insert into comprador (comprador_id, nombre, apellido_paterno, apellido_materno, correo_electronico, resenia, rfc, direccion, pais_id, aval_id) values (774, 'Liva', 'Darrach', 'Falkus', 'lfalkus7l@cmu.edu', 'morph cross-media e-services', '211-05-9750', '390 American Ash Avenue', 10, 284);
insert into comprador (comprador_id, nombre, apellido_paterno, apellido_materno, correo_electronico, resenia, rfc, direccion, pais_id, aval_id) values (775, 'Dulciana', 'Bartosiak', 'Middlemass', 'dmiddlemass7m@sakura.ne.jp', 'extend sexy synergies', '600-16-5149', '40 Gina Hill', 11, 471);
insert into comprador (comprador_id, nombre, apellido_paterno, apellido_materno, correo_electronico, resenia, rfc, direccion, pais_id, aval_id) values (776, 'Vernor', 'Whibley', 'Pyvis', 'vpyvis7n@biblegateway.com', 'productize mission-critical action-items', '765-88-8588', '19869 Mockingbird Lane', 16, 268);
insert into comprador (comprador_id, nombre, apellido_paterno, apellido_materno, correo_electronico, resenia, rfc, direccion, pais_id, aval_id) values (777, 'Madelina', 'Aplin', null, 'madnams7o@boston.com', 'incentivize mission-critical mindshare', '482-52-3830', '284 Buell Drive', 18, 76);
insert into comprador (comprador_id, nombre, apellido_paterno, apellido_materno, correo_electronico, resenia, rfc, direccion, pais_id, aval_id) values (778, 'Rafferty', 'D''orsay', null, 'rgaul7p@google.it', 'reintermediate cross-media networks', '661-50-0445', '666 Glendale Point', 20, 363);
insert into comprador (comprador_id, nombre, apellido_paterno, apellido_materno, correo_electronico, resenia, rfc, direccion, pais_id, aval_id) values (779, 'Gaelan', 'Cersey', 'Blowick', 'gblowick7q@booking.com', 'syndicate compelling functionalities', '817-11-0715', '9 Amoth Avenue', 7, 405);
insert into comprador (comprador_id, nombre, apellido_paterno, apellido_materno, correo_electronico, resenia, rfc, direccion, pais_id, aval_id) values (780, 'Rodd', 'Cowern', 'Archer', 'rarcher7r@weebly.com', 'evolve cross-media technologies', '801-45-4377', '711 Knutson Plaza', 16, 62);
insert into comprador (comprador_id, nombre, apellido_paterno, apellido_materno, correo_electronico, resenia, rfc, direccion, pais_id, aval_id) values (781, 'Cissiee', 'Mauvin', 'McFie', 'cmcfie7s@indiegogo.com', 'facilitate wireless channels', '443-25-9427', '2 Havey Junction', 12, 32);
insert into comprador (comprador_id, nombre, apellido_paterno, apellido_materno, correo_electronico, resenia, rfc, direccion, pais_id, aval_id) values (782, 'Shirleen', 'Wickendon', 'Topham', 'stopham7t@wix.com', 'empower visionary ROI', '570-58-0084', '9501 Bay Place', 12, 350);
insert into comprador (comprador_id, nombre, apellido_paterno, apellido_materno, correo_electronico, resenia, rfc, direccion, pais_id, aval_id) values (783, 'Florrie', 'Flippen', 'Crockford', 'fcrockford7u@hubpages.com', 'target 24/365 deliverables', '825-86-9092', '9686 Beilfuss Pass', 14, 306);
insert into comprador (comprador_id, nombre, apellido_paterno, apellido_materno, correo_electronico, resenia, rfc, direccion, pais_id, aval_id) values (784, 'Ferdinand', 'McGruar', 'Tucknott', 'ftucknott7v@vkontakte.ru', 'architect real-time users', '258-44-6523', '285 Loftsgordon Street', 13, 262);
insert into comprador (comprador_id, nombre, apellido_paterno, apellido_materno, correo_electronico, resenia, rfc, direccion, pais_id, aval_id) values (785, 'Aryn', 'Durdle', 'Cowderoy', 'acowderoy7w@mapquest.com', 'cultivate customized vortals', '263-65-3519', '85 Gina Terrace', 3, 290);
insert into comprador (comprador_id, nombre, apellido_paterno, apellido_materno, correo_electronico, resenia, rfc, direccion, pais_id, aval_id) values (786, 'Rolland', 'Topp', 'Ciobotaro', 'rciobotaro7x@csmonitor.com', 'drive compelling models', '694-59-3626', '581 Jana Avenue', 20, 242);
insert into comprador (comprador_id, nombre, apellido_paterno, apellido_materno, correo_electronico, resenia, rfc, direccion, pais_id, aval_id) values (787, 'Morlee', 'Wetherhead', 'Shynn', 'mshynn7y@nature.com', 'expedite interactive methodologies', '250-27-4962', '814 Ridgeway Trail', 7, 208);
insert into comprador (comprador_id, nombre, apellido_paterno, apellido_materno, correo_electronico, resenia, rfc, direccion, pais_id, aval_id) values (788, 'Farand', 'Feltham', 'Boon', 'fboon7z@boston.com', 'leverage value-added portals', '346-23-8185', '18757 Lerdahl Way', 10, 462);
insert into comprador (comprador_id, nombre, apellido_paterno, apellido_materno, correo_electronico, resenia, rfc, direccion, pais_id, aval_id) values (789, 'Lyndel', 'Bello', 'Airds', 'lairds80@i2i.jp', 'matrix frictionless applications', '352-08-6880', '1892 Meadow Ridge Circle', 9, 254);
insert into comprador (comprador_id, nombre, apellido_paterno, apellido_materno, correo_electronico, resenia, rfc, direccion, pais_id, aval_id) values (790, 'Hanna', 'Arnould', 'Yukhin', 'hyukhin81@addtoany.com', 'reintermediate bleeding-edge relationships', '730-65-1071', '7 Fairview Junction', 19, 473);
insert into comprador (comprador_id, nombre, apellido_paterno, apellido_materno, correo_electronico, resenia, rfc, direccion, pais_id, aval_id) values (791, 'Rosalynd', 'Minihane', 'Daniells', 'rdaniells82@mediafire.com', 'cultivate killer niches', '422-54-3027', '854 Pearson Place', 3, 252);
insert into comprador (comprador_id, nombre, apellido_paterno, apellido_materno, correo_electronico, resenia, rfc, direccion, pais_id, aval_id) values (792, 'Fara', 'Pattini', 'Challens', 'fchallens83@ted.com', 'visualize end-to-end niches', '471-10-0465', '6054 Division Court', 6, 203);
insert into comprador (comprador_id, nombre, apellido_paterno, apellido_materno, correo_electronico, resenia, rfc, direccion, pais_id, aval_id) values (793, 'Kenna', 'Clopton', 'Thomazet', 'kthomazet84@yale.edu', 'matrix frictionless deliverables', '194-39-3449', '27 Cascade Alley', 15, 85);
insert into comprador (comprador_id, nombre, apellido_paterno, apellido_materno, correo_electronico, resenia, rfc, direccion, pais_id, aval_id) values (794, 'Grange', 'Gawith', 'Geering', 'ggeering85@ebay.co.uk', 'deliver distributed content', '692-36-0224', '045 Buell Pass', 18, 498);
insert into comprador (comprador_id, nombre, apellido_paterno, apellido_materno, correo_electronico, resenia, rfc, direccion, pais_id, aval_id) values (795, 'Cecil', 'Burridge', 'McCleary', 'cmccleary86@e-recht24.de', 'transform dot-com interfaces', '260-66-0506', '83702 Golf View Center', 12, 108);
insert into comprador (comprador_id, nombre, apellido_paterno, apellido_materno, correo_electronico, resenia, rfc, direccion, pais_id, aval_id) values (796, 'Emanuele', 'Scholl', 'Mc Corley', 'emccorley87@japanpost.jp', 'enable global paradigms', '784-86-0616', '72 Service Circle', 3, 56);
insert into comprador (comprador_id, nombre, apellido_paterno, apellido_materno, correo_electronico, resenia, rfc, direccion, pais_id, aval_id) values (797, 'Marni', 'Clemendet', 'Jelleman', 'mjelleman88@twitter.com', 'leverage interactive paradigms', '462-25-0758', '484 American Terrace', 4, 225);
insert into comprador (comprador_id, nombre, apellido_paterno, apellido_materno, correo_electronico, resenia, rfc, direccion, pais_id, aval_id) values (798, 'Stephenie', 'Strippel', 'Dmiterko', 'sdmiterko89@hubpages.com', 'maximize visionary infomediaries', '103-98-7506', '84877 Reinke Street', 5, 134);
insert into comprador (comprador_id, nombre, apellido_paterno, apellido_materno, correo_electronico, resenia, rfc, direccion, pais_id, aval_id) values (799, 'Vivyanne', 'Bainton', 'Spilstead', 'vspilstead8a@parallels.com', 'mesh innovative mindshare', '784-62-7217', '70 Union Park', 11, 51);
insert into comprador (comprador_id, nombre, apellido_paterno, apellido_materno, correo_electronico, resenia, rfc, direccion, pais_id, aval_id) values (800, 'Betteanne', 'Overstall', 'Craxford', 'bcraxford8b@blinklist.com', 'matrix seamless e-business', '165-15-9263', '0 Dayton Circle', 16, 254);
insert into comprador (comprador_id, nombre, apellido_paterno, apellido_materno, correo_electronico, resenia, rfc, direccion, pais_id, aval_id) values (801, 'Bartlett', 'Tomczykowski', 'Price', 'bprice8c@hao123.com', 'enable front-end eyeballs', '419-31-1713', '54719 Marquette Hill', 16, 445);
insert into comprador (comprador_id, nombre, apellido_paterno, apellido_materno, correo_electronico, resenia, rfc, direccion, pais_id, aval_id) values (802, 'Lockwood', 'Uc', 'Cromie', 'lcromie8d@blog.com', 'syndicate 24/7 bandwidth', '635-31-9291', '479 Clyde Gallagher Road', 11, 244);
insert into comprador (comprador_id, nombre, apellido_paterno, apellido_materno, correo_electronico, resenia, rfc, direccion, pais_id, aval_id) values (803, 'Lainey', 'Strase', 'Huggins', 'lhuggins8e@whitehouse.gov', 'incentivize real-time applications', '355-49-5068', '20 Graceland Crossing', 12, 487);
insert into comprador (comprador_id, nombre, apellido_paterno, apellido_materno, correo_electronico, resenia, rfc, direccion, pais_id, aval_id) values (804, 'Simmonds', 'Chipman', 'Brewse', 'sbrewse8f@tinypic.com', 'productize mission-critical supply-chains', '558-19-7847', '6186 Pearson Point', 7, 318);
insert into comprador (comprador_id, nombre, apellido_paterno, apellido_materno, correo_electronico, resenia, rfc, direccion, pais_id, aval_id) values (805, 'Mickie', 'Station', 'Linsay', 'mlinsay8g@reverbnation.com', 'maximize back-end schemas', '129-36-5406', '83 Mallard Pass', 12, 142);
insert into comprador (comprador_id, nombre, apellido_paterno, apellido_materno, correo_electronico, resenia, rfc, direccion, pais_id, aval_id) values (806, 'Garrott', 'Tabor', 'Spur', 'gspur8h@sun.com', 'monetize synergistic ROI', '435-61-6543', '6137 Sage Road', 16, 439);
insert into comprador (comprador_id, nombre, apellido_paterno, apellido_materno, correo_electronico, resenia, rfc, direccion, pais_id, aval_id) values (807, 'Gracie', 'Thomas', 'Castri', 'gcastri8i@amazon.co.uk', 'evolve web-enabled partnerships', '499-42-9286', '279 Walton Way', 1, 499);
insert into comprador (comprador_id, nombre, apellido_paterno, apellido_materno, correo_electronico, resenia, rfc, direccion, pais_id, aval_id) values (808, 'Salomo', 'Bonhomme', 'Giddings', 'sgiddings8j@elpais.com', 'deliver cross-media supply-chains', '585-90-8628', '866 Kipling Drive', 13, 66);
insert into comprador (comprador_id, nombre, apellido_paterno, apellido_materno, correo_electronico, resenia, rfc, direccion, pais_id, aval_id) values (809, 'Sarge', 'Cotillard', null, 'swells8k@elegantthemes.com', 'synthesize bleeding-edge channels', '250-48-5355', '916 Lakeland Avenue', 5, 66);
insert into comprador (comprador_id, nombre, apellido_paterno, apellido_materno, correo_electronico, resenia, rfc, direccion, pais_id, aval_id) values (810, 'Odie', 'Alelsandrovich', 'Halahan', 'ohalahan8l@google.it', 'generate interactive e-markets', '366-93-2619', '9357 Nova Avenue', 2, 139);
insert into comprador (comprador_id, nombre, apellido_paterno, apellido_materno, correo_electronico, resenia, rfc, direccion, pais_id, aval_id) values (811, 'Lilllie', 'Sporner', 'Gloves', 'lgloves8m@twitter.com', 'innovate compelling solutions', '561-16-4414', '2 Corscot Junction', 6, 498);
insert into comprador (comprador_id, nombre, apellido_paterno, apellido_materno, correo_electronico, resenia, rfc, direccion, pais_id, aval_id) values (812, 'Salomone', 'Orrett', 'McGriele', 'smcgriele8n@youtu.be', 'integrate efficient infrastructures', '301-71-9619', '77 Welch Trail', 3, 364);
insert into comprador (comprador_id, nombre, apellido_paterno, apellido_materno, correo_electronico, resenia, rfc, direccion, pais_id, aval_id) values (813, 'Mamie', 'Earwaker', 'Saywood', 'msaywood8o@bbc.co.uk', 'unleash out-of-the-box infomediaries', '734-91-0628', '1 Sachs Park', 12, 437);
insert into comprador (comprador_id, nombre, apellido_paterno, apellido_materno, correo_electronico, resenia, rfc, direccion, pais_id, aval_id) values (814, 'Sascha', 'Myton', 'Cazin', 'scazin8p@w3.org', 'unleash integrated e-commerce', '275-98-6362', '0 Graceland Place', 10, 417);
insert into comprador (comprador_id, nombre, apellido_paterno, apellido_materno, correo_electronico, resenia, rfc, direccion, pais_id, aval_id) values (815, 'Virgilio', 'Challicum', 'Beneix', 'vbeneix8q@github.io', 'evolve e-business e-services', '596-56-1496', '60353 Browning Drive', 11, 174);
insert into comprador (comprador_id, nombre, apellido_paterno, apellido_materno, correo_electronico, resenia, rfc, direccion, pais_id, aval_id) values (816, 'Renie', 'Tromans', null, 'rpicheford8r@webnode.com', 'revolutionize visionary e-services', '568-50-6034', '48216 Jenifer Court', 5, 85);
insert into comprador (comprador_id, nombre, apellido_paterno, apellido_materno, correo_electronico, resenia, rfc, direccion, pais_id, aval_id) values (817, 'Onida', 'Shalloo', 'Diggens', 'odiggens8s@webeden.co.uk', 'incubate cutting-edge e-tailers', '347-41-1149', '64 Garrison Terrace', 2, 270);
insert into comprador (comprador_id, nombre, apellido_paterno, apellido_materno, correo_electronico, resenia, rfc, direccion, pais_id, aval_id) values (818, 'Corny', 'Pitcaithly', 'Watmore', 'cwatmore8t@webmd.com', 'drive B2C interfaces', '581-24-3287', '19 Hazelcrest Junction', 13, 455);
insert into comprador (comprador_id, nombre, apellido_paterno, apellido_materno, correo_electronico, resenia, rfc, direccion, pais_id, aval_id) values (819, 'Gradeigh', 'Prettejohns', 'Mudle', 'gmudle8u@sakura.ne.jp', 'revolutionize extensible infomediaries', '748-55-3900', '4112 Red Cloud Crossing', 6, 51);
insert into comprador (comprador_id, nombre, apellido_paterno, apellido_materno, correo_electronico, resenia, rfc, direccion, pais_id, aval_id) values (820, 'Larina', 'De Michetti', 'Dawks', 'ldawks8v@unc.edu', 'engineer interactive e-business', '563-61-8931', '07938 Mccormick Pass', 19, 440);
insert into comprador (comprador_id, nombre, apellido_paterno, apellido_materno, correo_electronico, resenia, rfc, direccion, pais_id, aval_id) values (821, 'Emlyn', 'Berrie', null, 'emaccheyne8w@joomla.org', 'morph wireless supply-chains', '611-67-8894', '01 Brown Junction', 2, 43);
insert into comprador (comprador_id, nombre, apellido_paterno, apellido_materno, correo_electronico, resenia, rfc, direccion, pais_id, aval_id) values (822, 'Camella', 'Astin', 'MacMenemy', 'cmacmenemy8x@independent.co.uk', 'deliver bricks-and-clicks ROI', '727-36-8560', '766 North Park', 8, 187);
insert into comprador (comprador_id, nombre, apellido_paterno, apellido_materno, correo_electronico, resenia, rfc, direccion, pais_id, aval_id) values (823, 'Holt', 'Ganley', 'Hise', 'hhise8y@theguardian.com', 'disintermediate cross-media metrics', '487-55-4420', '9604 Delladonna Park', 20, 386);
insert into comprador (comprador_id, nombre, apellido_paterno, apellido_materno, correo_electronico, resenia, rfc, direccion, pais_id, aval_id) values (824, 'Franzen', 'Necolds', 'Agastina', 'fagastina8z@home.pl', 'maximize sticky partnerships', '472-33-1001', '0 Ridge Oak Way', 6, 117);
insert into comprador (comprador_id, nombre, apellido_paterno, apellido_materno, correo_electronico, resenia, rfc, direccion, pais_id, aval_id) values (825, 'Dani', 'Kauffman', 'Keynd', 'dkeynd90@oracle.com', 'incentivize efficient mindshare', '651-96-7632', '1 Huxley Park', 2, 465);
insert into comprador (comprador_id, nombre, apellido_paterno, apellido_materno, correo_electronico, resenia, rfc, direccion, pais_id, aval_id) values (826, 'Beverly', 'Rutgers', 'Hampson', 'bhampson91@biblegateway.com', 'empower value-added systems', '350-20-3418', '79952 Kennedy Court', 15, 141);
insert into comprador (comprador_id, nombre, apellido_paterno, apellido_materno, correo_electronico, resenia, rfc, direccion, pais_id, aval_id) values (827, 'Artie', 'Cardis', 'Lude', 'alude92@opensource.org', 'engage real-time experiences', '895-38-7646', '729 Tennessee Parkway', 14, 71);
insert into comprador (comprador_id, nombre, apellido_paterno, apellido_materno, correo_electronico, resenia, rfc, direccion, pais_id, aval_id) values (828, 'Andriana', 'Tournie', 'Forlonge', 'aforlonge93@washington.edu', 'unleash back-end platforms', '208-98-4663', '0138 Fuller Place', 14, 472);
insert into comprador (comprador_id, nombre, apellido_paterno, apellido_materno, correo_electronico, resenia, rfc, direccion, pais_id, aval_id) values (829, 'Tedda', 'Clementet', 'Byneth', 'tbyneth94@rediff.com', 'scale integrated e-commerce', '345-29-7918', '8 Butternut Plaza', 19, 67);
insert into comprador (comprador_id, nombre, apellido_paterno, apellido_materno, correo_electronico, resenia, rfc, direccion, pais_id, aval_id) values (830, 'Olivero', 'Ewles', 'Di Angelo', 'odiangelo95@typepad.com', 'seize robust infrastructures', '511-86-7030', '262 Superior Terrace', 1, 317);
insert into comprador (comprador_id, nombre, apellido_paterno, apellido_materno, correo_electronico, resenia, rfc, direccion, pais_id, aval_id) values (831, 'Edouard', 'Dunkerly', 'Reynish', 'ereynish96@51.la', 'transform efficient e-commerce', '173-88-3392', '340 Maryland Way', 9, 83);
insert into comprador (comprador_id, nombre, apellido_paterno, apellido_materno, correo_electronico, resenia, rfc, direccion, pais_id, aval_id) values (832, 'Elonore', 'Aiston', 'Yearns', 'eyearns97@china.com.cn', 'syndicate impactful users', '594-07-8542', '637 Blaine Lane', 3, 74);
insert into comprador (comprador_id, nombre, apellido_paterno, apellido_materno, correo_electronico, resenia, rfc, direccion, pais_id, aval_id) values (833, 'Layne', 'Ciraldo', 'Scullin', 'lscullin98@barnesandnoble.com', 'implement one-to-one interfaces', '436-56-6636', '8484 Cherokee Place', 18, 432);
insert into comprador (comprador_id, nombre, apellido_paterno, apellido_materno, correo_electronico, resenia, rfc, direccion, pais_id, aval_id) values (834, 'Raina', 'Sancroft', 'Yewman', 'ryewman99@baidu.com', 'disintermediate robust experiences', '676-36-0590', '79256 New Castle Avenue', 8, 385);
insert into comprador (comprador_id, nombre, apellido_paterno, apellido_materno, correo_electronico, resenia, rfc, direccion, pais_id, aval_id) values (835, 'Yul', 'Teather', 'Standen', 'ystanden9a@ezinearticles.com', 'maximize back-end vortals', '785-65-4338', '50825 Warbler Way', 17, 26);
insert into comprador (comprador_id, nombre, apellido_paterno, apellido_materno, correo_electronico, resenia, rfc, direccion, pais_id, aval_id) values (836, 'Emlynn', 'Ortes', 'Stallworth', 'estallworth9b@vistaprint.com', 'strategize value-added methodologies', '527-16-2302', '04 Moose Circle', 19, 102);
insert into comprador (comprador_id, nombre, apellido_paterno, apellido_materno, correo_electronico, resenia, rfc, direccion, pais_id, aval_id) values (837, 'Mehetabel', 'Lumsdon', 'McKeller', 'mmckeller9c@ucsd.edu', 'facilitate dot-com technologies', '618-88-6491', '923 Starling Hill', 6, 375);
insert into comprador (comprador_id, nombre, apellido_paterno, apellido_materno, correo_electronico, resenia, rfc, direccion, pais_id, aval_id) values (838, 'Florance', 'Halward', 'MacConnell', 'fmacconnell9d@engadget.com', 'incubate synergistic paradigms', '235-41-6870', '91478 Badeau Pass', 16, 165);
insert into comprador (comprador_id, nombre, apellido_paterno, apellido_materno, correo_electronico, resenia, rfc, direccion, pais_id, aval_id) values (839, 'Joelynn', 'Lamerton', 'Walklate', 'jwalklate9e@ask.com', 'mesh viral supply-chains', '490-93-0281', '60064 Chive Point', 12, 131);
insert into comprador (comprador_id, nombre, apellido_paterno, apellido_materno, correo_electronico, resenia, rfc, direccion, pais_id, aval_id) values (840, 'Niall', 'Chrestien', 'Summerskill', 'nsummerskill9f@buzzfeed.com', 'synthesize compelling infomediaries', '602-20-2463', '5 Fulton Drive', 8, 164);
insert into comprador (comprador_id, nombre, apellido_paterno, apellido_materno, correo_electronico, resenia, rfc, direccion, pais_id, aval_id) values (841, 'Curt', 'Larrat', 'Niset', 'cniset9g@wisc.edu', 'leverage cross-platform synergies', '843-62-4763', '46 Debs Junction', 16, 384);
insert into comprador (comprador_id, nombre, apellido_paterno, apellido_materno, correo_electronico, resenia, rfc, direccion, pais_id, aval_id) values (842, 'Aurelea', 'Swatten', null, 'ayurkevich9h@delicious.com', 'enhance distributed ROI', '426-69-7862', '2873 Gateway Alley', 4, 128);
insert into comprador (comprador_id, nombre, apellido_paterno, apellido_materno, correo_electronico, resenia, rfc, direccion, pais_id, aval_id) values (843, 'Berte', 'Brumen', 'Natalie', 'bnatalie9i@studiopress.com', 'optimize plug-and-play action-items', '330-89-8813', '68 Larry Trail', 15, 199);
insert into comprador (comprador_id, nombre, apellido_paterno, apellido_materno, correo_electronico, resenia, rfc, direccion, pais_id, aval_id) values (844, 'Nina', 'Hodges', 'Saura', 'nsaura9j@wunderground.com', 'synthesize ubiquitous infrastructures', '405-58-6131', '8798 Novick Point', 6, 41);
insert into comprador (comprador_id, nombre, apellido_paterno, apellido_materno, correo_electronico, resenia, rfc, direccion, pais_id, aval_id) values (845, 'Sunny', 'Shepherdson', 'Marchant', 'smarchant9k@nbcnews.com', 'visualize synergistic web services', '332-73-0377', '6 Scott Lane', 16, 238);
insert into comprador (comprador_id, nombre, apellido_paterno, apellido_materno, correo_electronico, resenia, rfc, direccion, pais_id, aval_id) values (846, 'Cristal', 'Orpen', 'Grimshaw', 'cgrimshaw9l@yandex.ru', 'integrate synergistic synergies', '869-48-2354', '534 Northland Circle', 7, 174);
insert into comprador (comprador_id, nombre, apellido_paterno, apellido_materno, correo_electronico, resenia, rfc, direccion, pais_id, aval_id) values (847, 'Kitti', 'Jedrachowicz', 'Dabernott', 'kdabernott9m@ehow.com', 'deploy value-added bandwidth', '438-98-1238', '2 Judy Road', 14, 55);
insert into comprador (comprador_id, nombre, apellido_paterno, apellido_materno, correo_electronico, resenia, rfc, direccion, pais_id, aval_id) values (848, 'Brendin', 'Raspel', 'Whitham', 'bwhitham9n@samsung.com', 'syndicate wireless supply-chains', '336-79-6781', '459 La Follette Plaza', 8, 204);
insert into comprador (comprador_id, nombre, apellido_paterno, apellido_materno, correo_electronico, resenia, rfc, direccion, pais_id, aval_id) values (849, 'Sophia', 'Ashton', null, 'sabrahamowitcz9o@economist.com', 'disintermediate turn-key ROI', '648-55-8483', '51 Division Point', 4, 105);
insert into comprador (comprador_id, nombre, apellido_paterno, apellido_materno, correo_electronico, resenia, rfc, direccion, pais_id, aval_id) values (850, 'Arther', 'Knight', 'Doolan', 'adoolan9p@tamu.edu', 'revolutionize extensible channels', '170-25-2807', '1 Merchant Alley', 4, 298);
insert into comprador (comprador_id, nombre, apellido_paterno, apellido_materno, correo_electronico, resenia, rfc, direccion, pais_id, aval_id) values (851, 'Parker', 'Coursor', 'Langhor', 'planghor9q@bigcartel.com', 'synergize extensible applications', '866-11-6708', '9976 Oak Point', 9, 248);
insert into comprador (comprador_id, nombre, apellido_paterno, apellido_materno, correo_electronico, resenia, rfc, direccion, pais_id, aval_id) values (852, 'Emmalyn', 'Hewell', null, 'etremblet9r@g.co', 'deploy proactive e-services', '835-74-1458', '81976 Hollow Ridge Lane', 6, 153);
insert into comprador (comprador_id, nombre, apellido_paterno, apellido_materno, correo_electronico, resenia, rfc, direccion, pais_id, aval_id) values (853, 'Langsdon', 'Hablet', 'Warlton', 'lwarlton9s@wikia.com', 'engage synergistic interfaces', '181-99-3020', '931 Pawling Trail', 20, 254);
insert into comprador (comprador_id, nombre, apellido_paterno, apellido_materno, correo_electronico, resenia, rfc, direccion, pais_id, aval_id) values (854, 'Ronny', 'Baddoe', null, 'rmecco9t@ucoz.ru', 'leverage B2C initiatives', '209-33-1027', '32459 Ryan Place', 7, 280);
insert into comprador (comprador_id, nombre, apellido_paterno, apellido_materno, correo_electronico, resenia, rfc, direccion, pais_id, aval_id) values (855, 'Carree', 'Twycross', 'Nutty', 'cnutty9u@yellowpages.com', 'synergize frictionless e-services', '650-64-7552', '46 Montana Terrace', 3, 26);
insert into comprador (comprador_id, nombre, apellido_paterno, apellido_materno, correo_electronico, resenia, rfc, direccion, pais_id, aval_id) values (856, 'Lexy', 'Brenston', 'Jacobovitch', 'ljacobovitch9v@sciencedirect.com', 'unleash revolutionary communities', '248-77-9552', '7399 Arkansas Place', 11, 301);
insert into comprador (comprador_id, nombre, apellido_paterno, apellido_materno, correo_electronico, resenia, rfc, direccion, pais_id, aval_id) values (857, 'Lauryn', 'Mainz', 'Ronci', 'lronci9w@quantcast.com', 'cultivate granular e-tailers', '101-35-4138', '8 Lunder Plaza', 12, 131);
insert into comprador (comprador_id, nombre, apellido_paterno, apellido_materno, correo_electronico, resenia, rfc, direccion, pais_id, aval_id) values (858, 'Agnella', 'Courtin', 'Boulter', 'aboulter9x@jimdo.com', 'productize viral e-commerce', '600-51-1520', '3 Lindbergh Parkway', 6, 463);
insert into comprador (comprador_id, nombre, apellido_paterno, apellido_materno, correo_electronico, resenia, rfc, direccion, pais_id, aval_id) values (859, 'Adolf', 'Isakowicz', 'Nutbeem', 'anutbeem9y@alexa.com', 'matrix cross-platform mindshare', '348-55-5494', '059 Hooker Trail', 12, 116);
insert into comprador (comprador_id, nombre, apellido_paterno, apellido_materno, correo_electronico, resenia, rfc, direccion, pais_id, aval_id) values (860, 'Constantina', 'Kestin', 'Dryburgh', 'cdryburgh9z@about.com', 'drive cross-media paradigms', '660-53-3707', '590 Mallard Alley', 4, 359);
insert into comprador (comprador_id, nombre, apellido_paterno, apellido_materno, correo_electronico, resenia, rfc, direccion, pais_id, aval_id) values (861, 'Blaine', 'Ciobotaru', 'Roseaman', 'broseamana0@salon.com', 'utilize integrated ROI', '848-88-1698', '5735 Larry Place', 13, 270);
insert into comprador (comprador_id, nombre, apellido_paterno, apellido_materno, correo_electronico, resenia, rfc, direccion, pais_id, aval_id) values (862, 'Hannie', 'Bende', 'Gaunt', 'hgaunta1@lulu.com', 'utilize plug-and-play relationships', '503-60-9562', '9 Red Cloud Hill', 5, 225);
insert into comprador (comprador_id, nombre, apellido_paterno, apellido_materno, correo_electronico, resenia, rfc, direccion, pais_id, aval_id) values (863, 'Fabio', 'Tieraney', 'Gilyatt', 'fgilyatta2@istockphoto.com', 'scale extensible interfaces', '534-06-3477', '965 Meadow Ridge Way', 5, 43);
insert into comprador (comprador_id, nombre, apellido_paterno, apellido_materno, correo_electronico, resenia, rfc, direccion, pais_id, aval_id) values (864, 'Vevay', 'Devennie', 'Giraudoux', 'vgiraudouxa3@tinypic.com', 'benchmark intuitive channels', '655-69-7713', '57 Maywood Plaza', 16, 487);
insert into comprador (comprador_id, nombre, apellido_paterno, apellido_materno, correo_electronico, resenia, rfc, direccion, pais_id, aval_id) values (865, 'Laurianne', 'Edy', 'Raywood', 'lraywooda4@noaa.gov', 'deploy dot-com architectures', '138-84-1935', '9350 Arrowood Road', 19, 181);
insert into comprador (comprador_id, nombre, apellido_paterno, apellido_materno, correo_electronico, resenia, rfc, direccion, pais_id, aval_id) values (866, 'Trudey', 'Benitez', 'Fogel', 'tfogela5@ask.com', 'architect value-added e-business', '420-16-2585', '61133 Hauk Park', 2, 473);
insert into comprador (comprador_id, nombre, apellido_paterno, apellido_materno, correo_electronico, resenia, rfc, direccion, pais_id, aval_id) values (867, 'Tara', 'Mongenot', 'Haverty', 'thavertya6@elegantthemes.com', 'facilitate visionary applications', '297-90-7364', '522 Lyons Street', 14, 156);
insert into comprador (comprador_id, nombre, apellido_paterno, apellido_materno, correo_electronico, resenia, rfc, direccion, pais_id, aval_id) values (868, 'Ki', 'Rollinshaw', 'Clemonts', 'kclemontsa7@furl.net', 'strategize dot-com deliverables', '857-91-5661', '9 Westend Hill', 4, 156);
insert into comprador (comprador_id, nombre, apellido_paterno, apellido_materno, correo_electronico, resenia, rfc, direccion, pais_id, aval_id) values (869, 'Marice', 'Newbury', 'Kornes', 'mkornesa8@photobucket.com', 'utilize out-of-the-box methodologies', '481-17-0253', '9373 Shopko Place', 7, 59);
insert into comprador (comprador_id, nombre, apellido_paterno, apellido_materno, correo_electronico, resenia, rfc, direccion, pais_id, aval_id) values (870, 'Cordy', 'Sparrowhawk', 'Demann', 'cdemanna9@noaa.gov', 'evolve leading-edge bandwidth', '536-55-4044', '12109 Ridgeview Street', 1, 380);
insert into comprador (comprador_id, nombre, apellido_paterno, apellido_materno, correo_electronico, resenia, rfc, direccion, pais_id, aval_id) values (871, 'Dag', 'Coleson', 'Chapelhow', 'dchapelhowaa@washington.edu', 'utilize leading-edge interfaces', '198-58-9100', '69448 Little Fleur Junction', 10, 5);
insert into comprador (comprador_id, nombre, apellido_paterno, apellido_materno, correo_electronico, resenia, rfc, direccion, pais_id, aval_id) values (872, 'Sasha', 'Long', 'Dioniso', 'sdionisoab@unblog.fr', 'envisioneer ubiquitous experiences', '119-58-5384', '29835 Village Green Trail', 6, 228);
insert into comprador (comprador_id, nombre, apellido_paterno, apellido_materno, correo_electronico, resenia, rfc, direccion, pais_id, aval_id) values (873, 'Ofilia', 'Grassett', 'Segoe', 'osegoeac@altervista.org', 'unleash intuitive web-readiness', '353-14-0139', '519 South Place', 2, 318);
insert into comprador (comprador_id, nombre, apellido_paterno, apellido_materno, correo_electronico, resenia, rfc, direccion, pais_id, aval_id) values (874, 'Alli', 'Binnes', 'Matczak', 'amatczakad@hhs.gov', 'disintermediate out-of-the-box supply-chains', '491-86-0101', '909 Mcguire Lane', 6, 344);
insert into comprador (comprador_id, nombre, apellido_paterno, apellido_materno, correo_electronico, resenia, rfc, direccion, pais_id, aval_id) values (875, 'Felizio', 'Olfert', 'Shiliton', 'fshilitonae@cdbaby.com', 'brand granular channels', '678-02-6627', '941 Blackbird Park', 1, 460);
insert into comprador (comprador_id, nombre, apellido_paterno, apellido_materno, correo_electronico, resenia, rfc, direccion, pais_id, aval_id) values (876, 'Valaria', 'Brotherton', null, 'vsheildsaf@phoca.cz', 'integrate revolutionary content', '166-75-7571', '92726 Northport Avenue', 18, 23);
insert into comprador (comprador_id, nombre, apellido_paterno, apellido_materno, correo_electronico, resenia, rfc, direccion, pais_id, aval_id) values (877, 'Hilarius', 'Nickoles', 'Heare', 'hheareag@hubpages.com', 'transition B2C schemas', '726-90-2977', '8979 Heath Street', 2, 3);
insert into comprador (comprador_id, nombre, apellido_paterno, apellido_materno, correo_electronico, resenia, rfc, direccion, pais_id, aval_id) values (878, 'William', 'Deevey', 'Poulton', 'wpoultonah@techcrunch.com', 'facilitate web-enabled architectures', '796-56-0453', '250 Clarendon Terrace', 13, 82);
insert into comprador (comprador_id, nombre, apellido_paterno, apellido_materno, correo_electronico, resenia, rfc, direccion, pais_id, aval_id) values (879, 'Burnard', 'Rushforth', 'Mullan', 'bmullanai@archive.org', 'target rich networks', '764-83-3604', '85 Lillian Crossing', 14, 396);
insert into comprador (comprador_id, nombre, apellido_paterno, apellido_materno, correo_electronico, resenia, rfc, direccion, pais_id, aval_id) values (880, 'Annetta', 'Ledwitch', 'Bramhill', 'abramhillaj@cmu.edu', 'deploy integrated e-business', '630-73-6196', '38254 Armistice Avenue', 6, 79);
insert into comprador (comprador_id, nombre, apellido_paterno, apellido_materno, correo_electronico, resenia, rfc, direccion, pais_id, aval_id) values (881, 'Charleen', 'MacCarter', 'Waddy', 'cwaddyak@ezinearticles.com', 'visualize scalable models', '582-12-5624', '118 Anhalt Lane', 6, 377);
insert into comprador (comprador_id, nombre, apellido_paterno, apellido_materno, correo_electronico, resenia, rfc, direccion, pais_id, aval_id) values (882, 'Ailbert', 'Gurdon', 'Vaines', 'avainesal@google.cn', 'exploit cross-platform e-business', '147-89-7425', '10348 Ryan Alley', 7, 262);
insert into comprador (comprador_id, nombre, apellido_paterno, apellido_materno, correo_electronico, resenia, rfc, direccion, pais_id, aval_id) values (883, 'Catlin', 'Tume', 'Bampkin', 'cbampkinam@nydailynews.com', 'implement user-centric supply-chains', '183-18-4257', '893 Delaware Point', 16, 210);
insert into comprador (comprador_id, nombre, apellido_paterno, apellido_materno, correo_electronico, resenia, rfc, direccion, pais_id, aval_id) values (884, 'Dolores', 'Shama', 'Hamblington', 'dhamblingtonan@wsj.com', 'exploit scalable platforms', '127-66-5132', '9 Artisan Parkway', 10, 90);
insert into comprador (comprador_id, nombre, apellido_paterno, apellido_materno, correo_electronico, resenia, rfc, direccion, pais_id, aval_id) values (885, 'Dorothee', 'Mariner', 'Botright', 'dbotrightao@wix.com', 'extend scalable e-tailers', '108-67-8205', '4657 Hintze Pass', 20, 389);
insert into comprador (comprador_id, nombre, apellido_paterno, apellido_materno, correo_electronico, resenia, rfc, direccion, pais_id, aval_id) values (886, 'Doralin', 'Jarad', 'Tizzard', 'dtizzardap@netlog.com', 'reinvent viral synergies', '612-03-8033', '982 Claremont Center', 15, 338);
insert into comprador (comprador_id, nombre, apellido_paterno, apellido_materno, correo_electronico, resenia, rfc, direccion, pais_id, aval_id) values (887, 'Barri', 'Adelsberg', 'Garrit', 'bgarritaq@senate.gov', 'syndicate value-added methodologies', '454-52-5949', '67754 Elmside Crossing', 12, 119);
insert into comprador (comprador_id, nombre, apellido_paterno, apellido_materno, correo_electronico, resenia, rfc, direccion, pais_id, aval_id) values (888, 'Luigi', 'Chasle', 'Zamboniari', 'lzamboniariar@github.io', 'whiteboard granular relationships', '443-30-3876', '0679 Clyde Gallagher Lane', 19, 72);
insert into comprador (comprador_id, nombre, apellido_paterno, apellido_materno, correo_electronico, resenia, rfc, direccion, pais_id, aval_id) values (889, 'Aylmer', 'Synke', 'Sexcey', 'asexceyas@patch.com', 'reinvent extensible applications', '179-47-4808', '90 Manitowish Avenue', 3, 354);
insert into comprador (comprador_id, nombre, apellido_paterno, apellido_materno, correo_electronico, resenia, rfc, direccion, pais_id, aval_id) values (890, 'Rowan', 'Dounbare', null, 'rdunawayat@xinhuanet.com', 'empower clicks-and-mortar systems', '619-93-2395', '1315 Cordelia Alley', 2, 404);
insert into comprador (comprador_id, nombre, apellido_paterno, apellido_materno, correo_electronico, resenia, rfc, direccion, pais_id, aval_id) values (891, 'Ernestine', 'Vignaux', 'Ewestace', 'eewestaceau@apple.com', 'transform dynamic architectures', '523-74-4520', '1 Arapahoe Court', 17, 46);
insert into comprador (comprador_id, nombre, apellido_paterno, apellido_materno, correo_electronico, resenia, rfc, direccion, pais_id, aval_id) values (892, 'Sergei', 'Vowells', 'Cuckson', 'scucksonav@nature.com', 'monetize customized mindshare', '555-59-2968', '3403 Northport Court', 1, 253);
insert into comprador (comprador_id, nombre, apellido_paterno, apellido_materno, correo_electronico, resenia, rfc, direccion, pais_id, aval_id) values (893, 'Ignatius', 'Twitching', 'Sopper', 'isopperaw@mediafire.com', 'drive rich e-markets', '519-75-6587', '731 Dennis Way', 5, 25);
insert into comprador (comprador_id, nombre, apellido_paterno, apellido_materno, correo_electronico, resenia, rfc, direccion, pais_id, aval_id) values (894, 'Thomasin', 'Tomaszewicz', 'O''Neary', 'tonearyax@com.com', 'orchestrate real-time architectures', '782-43-2447', '07 Waxwing Point', 10, 403);
insert into comprador (comprador_id, nombre, apellido_paterno, apellido_materno, correo_electronico, resenia, rfc, direccion, pais_id, aval_id) values (895, 'Olympia', 'Galego', 'Jarrell', 'ojarrellay@mozilla.org', 'transform revolutionary mindshare', '818-05-7843', '09 High Crossing Circle', 4, 194);
insert into comprador (comprador_id, nombre, apellido_paterno, apellido_materno, correo_electronico, resenia, rfc, direccion, pais_id, aval_id) values (896, 'Emelia', 'Juppe', null, 'egodbaldaz@auda.org.au', 'unleash innovative deliverables', '447-43-2248', '3736 Katie Way', 14, 410);
insert into comprador (comprador_id, nombre, apellido_paterno, apellido_materno, correo_electronico, resenia, rfc, direccion, pais_id, aval_id) values (897, 'Shellie', 'Puleque', 'Bleesing', 'sbleesingb0@slideshare.net', 'strategize 24/7 schemas', '624-42-7292', '1512 Leroy Point', 14, 233);
insert into comprador (comprador_id, nombre, apellido_paterno, apellido_materno, correo_electronico, resenia, rfc, direccion, pais_id, aval_id) values (898, 'Cullin', 'Whye', 'Werrett', 'cwerrettb1@yellowpages.com', 'transition extensible systems', '499-38-0612', '77 Sunfield Pass', 19, 263);
insert into comprador (comprador_id, nombre, apellido_paterno, apellido_materno, correo_electronico, resenia, rfc, direccion, pais_id, aval_id) values (899, 'Hi', 'Girardot', 'Virgo', 'hvirgob2@sun.com', 'embrace customized markets', '358-77-3001', '069 Menomonie Circle', 7, 332);
insert into comprador (comprador_id, nombre, apellido_paterno, apellido_materno, correo_electronico, resenia, rfc, direccion, pais_id, aval_id) values (900, 'Ewen', 'Lutzmann', 'Fleetham', 'efleethamb3@delicious.com', 'expedite cross-media mindshare', '632-98-5187', '4 Burning Wood Crossing', 4, 139);
insert into comprador (comprador_id, nombre, apellido_paterno, apellido_materno, correo_electronico, resenia, rfc, direccion, pais_id, aval_id) values (901, 'Rosmunda', 'Holworth', 'Scoffins', 'rscoffinsb4@angelfire.com', 'e-enable clicks-and-mortar partnerships', '202-02-3973', '438 Valley Edge Place', 5, 198);
insert into comprador (comprador_id, nombre, apellido_paterno, apellido_materno, correo_electronico, resenia, rfc, direccion, pais_id, aval_id) values (902, 'Loren', 'Bateson', 'Duddridge', 'lduddridgeb5@hexun.com', 'innovate enterprise paradigms', '241-35-8216', '6 Del Mar Way', 4, 448);
insert into comprador (comprador_id, nombre, apellido_paterno, apellido_materno, correo_electronico, resenia, rfc, direccion, pais_id, aval_id) values (903, 'Marlo', 'Jouning', 'McCreary', 'mmccrearyb6@icio.us', 'implement dot-com e-business', '709-53-5735', '78 Sundown Lane', 1, 62);
insert into comprador (comprador_id, nombre, apellido_paterno, apellido_materno, correo_electronico, resenia, rfc, direccion, pais_id, aval_id) values (904, 'Corine', 'Gabbatiss', 'Petty', 'cpettyb7@berkeley.edu', 'deploy robust infomediaries', '204-82-9693', '337 Sheridan Pass', 17, 191);
insert into comprador (comprador_id, nombre, apellido_paterno, apellido_materno, correo_electronico, resenia, rfc, direccion, pais_id, aval_id) values (905, 'Dorine', 'Raddin', 'Pichmann', 'dpichmannb8@ca.gov', 'aggregate ubiquitous action-items', '125-58-0699', '83 Mandrake Center', 8, 288);
insert into comprador (comprador_id, nombre, apellido_paterno, apellido_materno, correo_electronico, resenia, rfc, direccion, pais_id, aval_id) values (906, 'Denys', 'Persey', 'Gilpin', 'dgilpinb9@ebay.com', 'generate mission-critical technologies', '728-47-0951', '810 Shoshone Road', 14, 439);
insert into comprador (comprador_id, nombre, apellido_paterno, apellido_materno, correo_electronico, resenia, rfc, direccion, pais_id, aval_id) values (907, 'Madel', 'Gutridge', 'Guirardin', 'mguirardinba@tmall.com', 'orchestrate proactive communities', '490-92-5113', '434 Northwestern Lane', 4, 450);
insert into comprador (comprador_id, nombre, apellido_paterno, apellido_materno, correo_electronico, resenia, rfc, direccion, pais_id, aval_id) values (908, 'Gabriela', 'Whaymand', null, 'glafondbb@opensource.org', 'iterate out-of-the-box metrics', '217-68-0604', '5 Mariners Cove Avenue', 13, 430);
insert into comprador (comprador_id, nombre, apellido_paterno, apellido_materno, correo_electronico, resenia, rfc, direccion, pais_id, aval_id) values (909, 'Ashil', 'Ambrosch', 'Kaes', 'akaesbc@army.mil', 'brand best-of-breed infrastructures', '166-77-7744', '2 Hintze Street', 8, 75);
insert into comprador (comprador_id, nombre, apellido_paterno, apellido_materno, correo_electronico, resenia, rfc, direccion, pais_id, aval_id) values (910, 'Avrom', 'Sparke', 'Gabala', 'agabalabd@upenn.edu', 'exploit integrated e-business', '821-78-7530', '6211 Oak Valley Alley', 8, 354);
insert into comprador (comprador_id, nombre, apellido_paterno, apellido_materno, correo_electronico, resenia, rfc, direccion, pais_id, aval_id) values (911, 'Burlie', 'Drewes', 'Groger', 'bgrogerbe@netlog.com', 'synthesize leading-edge schemas', '293-91-6129', '79245 Bobwhite Crossing', 4, 458);
insert into comprador (comprador_id, nombre, apellido_paterno, apellido_materno, correo_electronico, resenia, rfc, direccion, pais_id, aval_id) values (912, 'Heindrick', 'Mitchelmore', 'Doward', 'hdowardbf@clickbank.net', 'implement one-to-one ROI', '185-91-1474', '93537 Kedzie Center', 14, 154);
insert into comprador (comprador_id, nombre, apellido_paterno, apellido_materno, correo_electronico, resenia, rfc, direccion, pais_id, aval_id) values (913, 'Talyah', 'Brimmell', 'Castaner', 'tcastanerbg@tripod.com', 'scale killer content', '659-80-2730', '2020 Bellgrove Crossing', 1, 183);
insert into comprador (comprador_id, nombre, apellido_paterno, apellido_materno, correo_electronico, resenia, rfc, direccion, pais_id, aval_id) values (914, 'Jewell', 'Preshaw', 'Lindegard', 'jlindegardbh@wordpress.com', 'target plug-and-play channels', '115-33-2741', '46 Acker Park', 4, 11);
insert into comprador (comprador_id, nombre, apellido_paterno, apellido_materno, correo_electronico, resenia, rfc, direccion, pais_id, aval_id) values (915, 'Salli', 'Andreoletti', 'Pavinese', 'spavinesebi@eventbrite.com', 'cultivate transparent vortals', '761-82-7795', '3734 Gerald Plaza', 2, 156);
insert into comprador (comprador_id, nombre, apellido_paterno, apellido_materno, correo_electronico, resenia, rfc, direccion, pais_id, aval_id) values (916, 'Allis', 'Murray', 'Ong', 'aongbj@4shared.com', 'generate turn-key solutions', '466-24-7251', '39 Coolidge Street', 5, 419);
insert into comprador (comprador_id, nombre, apellido_paterno, apellido_materno, correo_electronico, resenia, rfc, direccion, pais_id, aval_id) values (917, 'Debby', 'Vannucci', 'Ciobutaru', 'dciobutarubk@yellowbook.com', 'deliver user-centric users', '821-85-9095', '78827 Nelson Park', 1, 131);
insert into comprador (comprador_id, nombre, apellido_paterno, apellido_materno, correo_electronico, resenia, rfc, direccion, pais_id, aval_id) values (918, 'Wilmette', 'Durtnell', null, 'watterleybl@php.net', 'maximize dot-com users', '498-88-8224', '84 Marquette Crossing', 8, 94);
insert into comprador (comprador_id, nombre, apellido_paterno, apellido_materno, correo_electronico, resenia, rfc, direccion, pais_id, aval_id) values (919, 'Terry', 'Linstead', 'Galbraeth', 'tgalbraethbm@usa.gov', 'streamline real-time users', '898-94-9960', '6226 Spohn Circle', 15, 284);
insert into comprador (comprador_id, nombre, apellido_paterno, apellido_materno, correo_electronico, resenia, rfc, direccion, pais_id, aval_id) values (920, 'Alice', 'Extal', 'Gratrix', 'agratrixbn@myspace.com', 'matrix strategic eyeballs', '853-56-6147', '7 Hallows Alley', 14, 251);
insert into comprador (comprador_id, nombre, apellido_paterno, apellido_materno, correo_electronico, resenia, rfc, direccion, pais_id, aval_id) values (921, 'Gabriello', 'Thurman', 'Vasilkov', 'gvasilkovbo@over-blog.com', 'monetize out-of-the-box convergence', '466-25-5148', '92023 Sommers Lane', 11, 349);
insert into comprador (comprador_id, nombre, apellido_paterno, apellido_materno, correo_electronico, resenia, rfc, direccion, pais_id, aval_id) values (922, 'Winna', 'Storer', 'Brunton', 'wbruntonbp@narod.ru', 'extend sticky niches', '690-92-6626', '314 Southridge Trail', 4, 162);
insert into comprador (comprador_id, nombre, apellido_paterno, apellido_materno, correo_electronico, resenia, rfc, direccion, pais_id, aval_id) values (923, 'Brooke', 'Danaher', 'Murfin', 'bmurfinbq@icio.us', 'innovate next-generation synergies', '402-36-1282', '30657 Stephen Drive', 5, 333);
insert into comprador (comprador_id, nombre, apellido_paterno, apellido_materno, correo_electronico, resenia, rfc, direccion, pais_id, aval_id) values (924, 'Abigale', 'Oganian', null, 'abroganbr@behance.net', 'transition cross-media convergence', '779-34-1289', '37 Monica Parkway', 11, 465);
insert into comprador (comprador_id, nombre, apellido_paterno, apellido_materno, correo_electronico, resenia, rfc, direccion, pais_id, aval_id) values (925, 'Bay', 'Bedding', 'Duffill', 'bduffillbs@wunderground.com', 'engage extensible solutions', '411-97-1556', '88 Almo Plaza', 16, 18);
insert into comprador (comprador_id, nombre, apellido_paterno, apellido_materno, correo_electronico, resenia, rfc, direccion, pais_id, aval_id) values (926, 'Raeann', 'Bolino', 'Fomichyov', 'rfomichyovbt@theatlantic.com', 'e-enable granular partnerships', '873-33-4338', '0 Eliot Park', 9, 145);
insert into comprador (comprador_id, nombre, apellido_paterno, apellido_materno, correo_electronico, resenia, rfc, direccion, pais_id, aval_id) values (927, 'Eyde', 'Creech', 'Oakley', 'eoakleybu@hhs.gov', 'incentivize cutting-edge e-business', '503-66-1288', '3700 Fallview Crossing', 12, 181);
insert into comprador (comprador_id, nombre, apellido_paterno, apellido_materno, correo_electronico, resenia, rfc, direccion, pais_id, aval_id) values (928, 'Lib', 'Merrison', null, 'lsiaskowskibv@artisteer.com', 'disintermediate impactful portals', '222-38-8727', '9804 Ryan Drive', 7, 303);
insert into comprador (comprador_id, nombre, apellido_paterno, apellido_materno, correo_electronico, resenia, rfc, direccion, pais_id, aval_id) values (929, 'Cleon', 'Shapcote', 'Poznan', 'cpoznanbw@google.it', 'extend dot-com eyeballs', '102-40-1947', '10 Randy Court', 10, 141);
insert into comprador (comprador_id, nombre, apellido_paterno, apellido_materno, correo_electronico, resenia, rfc, direccion, pais_id, aval_id) values (930, 'Alex', 'Matitiaho', 'Stalf', 'astalfbx@opera.com', 'target collaborative systems', '558-12-8811', '63 Cardinal Circle', 3, 184);
insert into comprador (comprador_id, nombre, apellido_paterno, apellido_materno, correo_electronico, resenia, rfc, direccion, pais_id, aval_id) values (931, 'Ray', 'Olford', 'Mc Combe', 'rmccombeby@1688.com', 'matrix seamless functionalities', '325-90-9417', '166 Brickson Park Parkway', 17, 454);
insert into comprador (comprador_id, nombre, apellido_paterno, apellido_materno, correo_electronico, resenia, rfc, direccion, pais_id, aval_id) values (932, 'Aaron', 'De Lacey', 'Scholling', 'aschollingbz@liveinternet.ru', 'aggregate compelling solutions', '286-40-2300', '4251 Pennsylvania Circle', 1, 327);
insert into comprador (comprador_id, nombre, apellido_paterno, apellido_materno, correo_electronico, resenia, rfc, direccion, pais_id, aval_id) values (933, 'Stewart', 'Hadigate', 'De Mitri', 'sdemitric0@slate.com', 'benchmark revolutionary solutions', '507-88-7667', '75 Melvin Way', 13, 418);
insert into comprador (comprador_id, nombre, apellido_paterno, apellido_materno, correo_electronico, resenia, rfc, direccion, pais_id, aval_id) values (934, 'Briana', 'Beretta', 'Cabrales', 'bcabralesc1@gov.uk', 'enable sticky e-commerce', '312-27-2555', '737 Swallow Alley', 3, 300);
insert into comprador (comprador_id, nombre, apellido_paterno, apellido_materno, correo_electronico, resenia, rfc, direccion, pais_id, aval_id) values (935, 'Ronda', 'Rigolle', 'Bewshea', 'rbewsheac2@dropbox.com', 'evolve end-to-end e-commerce', '764-06-7915', '3319 Lillian Place', 1, 203);
insert into comprador (comprador_id, nombre, apellido_paterno, apellido_materno, correo_electronico, resenia, rfc, direccion, pais_id, aval_id) values (936, 'Rozelle', 'Pero', null, 'rwychc3@pen.io', 'evolve world-class infomediaries', '520-20-7839', '4650 Heffernan Way', 12, 465);
insert into comprador (comprador_id, nombre, apellido_paterno, apellido_materno, correo_electronico, resenia, rfc, direccion, pais_id, aval_id) values (937, 'Bale', 'Eldon', 'Oda', 'bodac4@gravatar.com', 'strategize cross-media web services', '280-07-6314', '4 Manitowish Pass', 13, 332);
insert into comprador (comprador_id, nombre, apellido_paterno, apellido_materno, correo_electronico, resenia, rfc, direccion, pais_id, aval_id) values (938, 'Wildon', 'Gartan', 'Meiner', 'wmeinerc5@odnoklassniki.ru', 'disintermediate granular niches', '396-89-2159', '1 Golf View Lane', 16, 90);
insert into comprador (comprador_id, nombre, apellido_paterno, apellido_materno, correo_electronico, resenia, rfc, direccion, pais_id, aval_id) values (939, 'Dido', 'Skeen', null, 'dlearmouthc6@blog.com', 'enhance visionary action-items', '796-72-6992', '09 Sherman Street', 20, 233);
insert into comprador (comprador_id, nombre, apellido_paterno, apellido_materno, correo_electronico, resenia, rfc, direccion, pais_id, aval_id) values (940, 'Avigdor', 'Sampey', 'MacCrachen', 'amaccrachenc7@so-net.ne.jp', 'syndicate B2C communities', '149-75-8369', '9624 Jackson Center', 15, 161);
insert into comprador (comprador_id, nombre, apellido_paterno, apellido_materno, correo_electronico, resenia, rfc, direccion, pais_id, aval_id) values (941, 'Shamus', 'Easter', 'Weakley', 'sweakleyc8@nbcnews.com', 'grow seamless schemas', '474-50-6648', '8 Walton Terrace', 17, 353);
insert into comprador (comprador_id, nombre, apellido_paterno, apellido_materno, correo_electronico, resenia, rfc, direccion, pais_id, aval_id) values (942, 'Galvin', 'Warboys', 'Chaters', 'gchatersc9@psu.edu', 'scale front-end paradigms', '605-72-0362', '04392 Donald Park', 14, 47);
insert into comprador (comprador_id, nombre, apellido_paterno, apellido_materno, correo_electronico, resenia, rfc, direccion, pais_id, aval_id) values (943, 'Cymbre', 'Lesser', 'Dowdeswell', 'cdowdeswellca@surveymonkey.com', 'cultivate mission-critical architectures', '562-14-8229', '7315 Anniversary Drive', 11, 192);
insert into comprador (comprador_id, nombre, apellido_paterno, apellido_materno, correo_electronico, resenia, rfc, direccion, pais_id, aval_id) values (944, 'Alina', 'Brewett', 'Blaxter', 'ablaxtercb@is.gd', 'seize one-to-one infomediaries', '654-18-1920', '58003 Independence Street', 11, 283);
insert into comprador (comprador_id, nombre, apellido_paterno, apellido_materno, correo_electronico, resenia, rfc, direccion, pais_id, aval_id) values (945, 'Scotty', 'Garvie', 'Wasmuth', 'swasmuthcc@canalblog.com', 'empower B2B functionalities', '387-07-8730', '60761 Hansons Drive', 15, 119);
insert into comprador (comprador_id, nombre, apellido_paterno, apellido_materno, correo_electronico, resenia, rfc, direccion, pais_id, aval_id) values (946, 'Byrann', 'Bufton', 'Sherer', 'bsherercd@ca.gov', 'mesh cross-platform communities', '237-87-6294', '96 Rusk Trail', 10, 368);
insert into comprador (comprador_id, nombre, apellido_paterno, apellido_materno, correo_electronico, resenia, rfc, direccion, pais_id, aval_id) values (947, 'Christoper', 'Crimin', 'Birds', 'cbirdsce@jigsy.com', 'exploit collaborative interfaces', '235-84-8281', '2482 Twin Pines Hill', 13, 331);
insert into comprador (comprador_id, nombre, apellido_paterno, apellido_materno, correo_electronico, resenia, rfc, direccion, pais_id, aval_id) values (948, 'Odelia', 'Gabbitis', 'Kimbrey', 'okimbreycf@pcworld.com', 'reinvent world-class infrastructures', '401-87-4245', '5 Farragut Circle', 12, 248);
insert into comprador (comprador_id, nombre, apellido_paterno, apellido_materno, correo_electronico, resenia, rfc, direccion, pais_id, aval_id) values (949, 'Bobette', 'Comben', null, 'bcrossfeldcg@google.de', 'transition efficient action-items', '101-28-5505', '69708 Roxbury Trail', 9, 72);
insert into comprador (comprador_id, nombre, apellido_paterno, apellido_materno, correo_electronico, resenia, rfc, direccion, pais_id, aval_id) values (950, 'Eleni', 'Smeal', 'Anglish', 'eanglishch@skyrock.com', 'reintermediate magnetic web services', '718-82-8429', '63553 Service Junction', 17, 221);
insert into comprador (comprador_id, nombre, apellido_paterno, apellido_materno, correo_electronico, resenia, rfc, direccion, pais_id, aval_id) values (951, 'Granger', 'Conn', 'Leighfield', 'gleighfieldci@networksolutions.com', 'transform bleeding-edge users', '850-97-5457', '25 Utah Lane', 16, 253);
insert into comprador (comprador_id, nombre, apellido_paterno, apellido_materno, correo_electronico, resenia, rfc, direccion, pais_id, aval_id) values (952, 'Sonja', 'Manuello', null, 'skeesmancj@comsenz.com', 'reinvent B2C initiatives', '160-35-9929', '730 Hanover Court', 10, 424);
insert into comprador (comprador_id, nombre, apellido_paterno, apellido_materno, correo_electronico, resenia, rfc, direccion, pais_id, aval_id) values (953, 'Channa', 'Archell', 'Ingram', 'cingramck@issuu.com', 'engage world-class interfaces', '712-88-7045', '6 Leroy Circle', 2, 19);
insert into comprador (comprador_id, nombre, apellido_paterno, apellido_materno, correo_electronico, resenia, rfc, direccion, pais_id, aval_id) values (954, 'Rollo', 'Vink', 'Clarricoates', 'rclarricoatescl@quantcast.com', 'brand rich ROI', '823-61-2419', '5764 Sauthoff Point', 8, 362);
insert into comprador (comprador_id, nombre, apellido_paterno, apellido_materno, correo_electronico, resenia, rfc, direccion, pais_id, aval_id) values (955, 'Lorie', 'Jeandon', 'Jeannel', 'ljeannelcm@shinystat.com', 'repurpose killer partnerships', '160-18-4409', '3505 Summerview Street', 9, 97);
insert into comprador (comprador_id, nombre, apellido_paterno, apellido_materno, correo_electronico, resenia, rfc, direccion, pais_id, aval_id) values (956, 'Jonas', 'Dankersley', 'Dalman', 'jdalmancn@unc.edu', 'enable rich initiatives', '676-66-1603', '2 Comanche Center', 5, 132);
insert into comprador (comprador_id, nombre, apellido_paterno, apellido_materno, correo_electronico, resenia, rfc, direccion, pais_id, aval_id) values (957, 'Gauthier', 'Toma', 'Davidovicz', 'gdavidoviczco@ucla.edu', 'reinvent collaborative deliverables', '895-94-7899', '53 Tennyson Plaza', 14, 70);
insert into comprador (comprador_id, nombre, apellido_paterno, apellido_materno, correo_electronico, resenia, rfc, direccion, pais_id, aval_id) values (958, 'Jennie', 'Olyet', null, 'jtebbitcp@admin.ch', 'scale killer mindshare', '599-05-9724', '083 Dennis Drive', 8, 337);
insert into comprador (comprador_id, nombre, apellido_paterno, apellido_materno, correo_electronico, resenia, rfc, direccion, pais_id, aval_id) values (959, 'Doroteya', 'Hessing', 'Ort', 'dortcq@wordpress.com', 'orchestrate cross-media functionalities', '162-96-6335', '33232 Delladonna Parkway', 18, 54);
insert into comprador (comprador_id, nombre, apellido_paterno, apellido_materno, correo_electronico, resenia, rfc, direccion, pais_id, aval_id) values (960, 'Tatum', 'Rochelle', 'Rochewell', 'trochewellcr@nbcnews.com', 'iterate holistic niches', '698-91-7744', '09207 Superior Park', 3, 22);
insert into comprador (comprador_id, nombre, apellido_paterno, apellido_materno, correo_electronico, resenia, rfc, direccion, pais_id, aval_id) values (961, 'Solly', 'Norquoy', 'Rawlyns', 'srawlynscs@xinhuanet.com', 'disintermediate interactive models', '410-86-1316', '4 Reinke Lane', 3, 22);
insert into comprador (comprador_id, nombre, apellido_paterno, apellido_materno, correo_electronico, resenia, rfc, direccion, pais_id, aval_id) values (962, 'Lemmie', 'Serot', null, 'lslingerct@drupal.org', 'embrace web-enabled technologies', '441-46-2806', '65085 Utah Pass', 17, 170);
insert into comprador (comprador_id, nombre, apellido_paterno, apellido_materno, correo_electronico, resenia, rfc, direccion, pais_id, aval_id) values (963, 'Mart', 'Angeau', 'Sicily', 'msicilycu@comcast.net', 'maximize enterprise communities', '790-05-9037', '9 Pearson Parkway', 3, 320);
insert into comprador (comprador_id, nombre, apellido_paterno, apellido_materno, correo_electronico, resenia, rfc, direccion, pais_id, aval_id) values (964, 'Abrahan', 'Ricardou', null, 'acogercv@edublogs.org', 'innovate best-of-breed users', '826-63-5402', '70 Beilfuss Point', 9, 157);
insert into comprador (comprador_id, nombre, apellido_paterno, apellido_materno, correo_electronico, resenia, rfc, direccion, pais_id, aval_id) values (965, 'Bordie', 'Riddles', 'Mechem', 'bmechemcw@sakura.ne.jp', 'evolve virtual methodologies', '431-19-7966', '337 Summerview Way', 13, 299);
insert into comprador (comprador_id, nombre, apellido_paterno, apellido_materno, correo_electronico, resenia, rfc, direccion, pais_id, aval_id) values (966, 'Theobald', 'Yurinov', 'Brian', 'tbriancx@naver.com', 'exploit mission-critical initiatives', '568-77-4081', '87561 Hovde Plaza', 12, 205);
insert into comprador (comprador_id, nombre, apellido_paterno, apellido_materno, correo_electronico, resenia, rfc, direccion, pais_id, aval_id) values (967, 'Freeman', 'Stammers', 'Emblen', 'femblency@bbc.co.uk', 'grow visionary vortals', '123-47-2517', '98 Morningstar Place', 12, 81);
insert into comprador (comprador_id, nombre, apellido_paterno, apellido_materno, correo_electronico, resenia, rfc, direccion, pais_id, aval_id) values (968, 'Antonetta', 'Ferryman', 'Harpin', 'aharpincz@feedburner.com', 'reintermediate next-generation infomediaries', '606-85-6439', '7 Quincy Plaza', 11, 461);
insert into comprador (comprador_id, nombre, apellido_paterno, apellido_materno, correo_electronico, resenia, rfc, direccion, pais_id, aval_id) values (969, 'Christina', 'Walenta', 'Jarad', 'cjaradd0@arizona.edu', 'exploit revolutionary portals', '230-11-5920', '2 Mosinee Hill', 2, 490);
insert into comprador (comprador_id, nombre, apellido_paterno, apellido_materno, correo_electronico, resenia, rfc, direccion, pais_id, aval_id) values (970, 'Harlie', 'Bexley', 'Woolacott', 'hwoolacottd1@weibo.com', 'reinvent cutting-edge supply-chains', '710-18-3960', '4 Valley Edge Avenue', 11, 114);
insert into comprador (comprador_id, nombre, apellido_paterno, apellido_materno, correo_electronico, resenia, rfc, direccion, pais_id, aval_id) values (971, 'Bellina', 'Jirus', 'Shillaker', 'bshillakerd2@state.gov', 'drive out-of-the-box web services', '574-82-3773', '55 Shoshone Point', 5, 416);
insert into comprador (comprador_id, nombre, apellido_paterno, apellido_materno, correo_electronico, resenia, rfc, direccion, pais_id, aval_id) values (972, 'Verne', 'Rodders', 'Guinery', 'vguineryd3@howstuffworks.com', 'deploy distributed ROI', '207-98-0864', '09439 Summerview Street', 5, 145);
insert into comprador (comprador_id, nombre, apellido_paterno, apellido_materno, correo_electronico, resenia, rfc, direccion, pais_id, aval_id) values (973, 'Virginie', 'Stack', 'MacEntee', 'vmacenteed4@over-blog.com', 'benchmark revolutionary content', '619-69-0921', '42108 Truax Way', 15, 394);
insert into comprador (comprador_id, nombre, apellido_paterno, apellido_materno, correo_electronico, resenia, rfc, direccion, pais_id, aval_id) values (974, 'Teresita', 'Grayshan', 'Robertis', 'trobertisd5@fda.gov', 'drive turn-key communities', '390-89-2680', '516 Nobel Center', 10, 57);
insert into comprador (comprador_id, nombre, apellido_paterno, apellido_materno, correo_electronico, resenia, rfc, direccion, pais_id, aval_id) values (975, 'Giselbert', 'Oland', 'Hackleton', 'ghackletond6@spiegel.de', 'embrace interactive web services', '269-93-7611', '13 Hauk Avenue', 10, 204);
insert into comprador (comprador_id, nombre, apellido_paterno, apellido_materno, correo_electronico, resenia, rfc, direccion, pais_id, aval_id) values (976, 'Jacki', 'Ropartz', 'Reignould', 'jreignouldd7@aboutads.info', 'empower cutting-edge methodologies', '796-33-5092', '81243 Vahlen Way', 16, 402);
insert into comprador (comprador_id, nombre, apellido_paterno, apellido_materno, correo_electronico, resenia, rfc, direccion, pais_id, aval_id) values (977, 'Lezlie', 'Viall', 'Shaddick', 'lshaddickd8@php.net', 'evolve visionary platforms', '327-78-4188', '1 Sachtjen Way', 5, 456);
insert into comprador (comprador_id, nombre, apellido_paterno, apellido_materno, correo_electronico, resenia, rfc, direccion, pais_id, aval_id) values (978, 'Ede', 'Zanini', 'Dillestone', 'edillestoned9@dailymotion.com', 'iterate synergistic technologies', '193-83-0737', '269 Crescent Oaks Road', 20, 180);
insert into comprador (comprador_id, nombre, apellido_paterno, apellido_materno, correo_electronico, resenia, rfc, direccion, pais_id, aval_id) values (979, 'Chad', 'Heinert', 'Tilston', 'ctilstonda@nymag.com', 'expedite rich portals', '564-56-1352', '17 Dorton Pass', 1, 143);
insert into comprador (comprador_id, nombre, apellido_paterno, apellido_materno, correo_electronico, resenia, rfc, direccion, pais_id, aval_id) values (980, 'Keefe', 'McAlees', 'Bridgstock', 'kbridgstockdb@ucoz.ru', 'monetize virtual web services', '516-49-4951', '6 Tennessee Street', 14, 99);
insert into comprador (comprador_id, nombre, apellido_paterno, apellido_materno, correo_electronico, resenia, rfc, direccion, pais_id, aval_id) values (981, 'Jordon', 'Kelner', null, 'jmushawedc@hc360.com', 'streamline cross-media markets', '803-17-3786', '16 Mallard Crossing', 15, 206);
insert into comprador (comprador_id, nombre, apellido_paterno, apellido_materno, correo_electronico, resenia, rfc, direccion, pais_id, aval_id) values (982, 'Rosetta', 'Volage', null, 'rroundtreedd@unc.edu', 'morph wireless users', '675-47-7512', '0 Lotheville Circle', 10, 300);
insert into comprador (comprador_id, nombre, apellido_paterno, apellido_materno, correo_electronico, resenia, rfc, direccion, pais_id, aval_id) values (983, 'Rosita', 'Dawber', 'Ixer', 'rixerde@studiopress.com', 'exploit scalable e-business', '224-20-9224', '0 Schlimgen Point', 11, 204);
insert into comprador (comprador_id, nombre, apellido_paterno, apellido_materno, correo_electronico, resenia, rfc, direccion, pais_id, aval_id) values (984, 'Diann', 'Dawks', 'Border', 'dborderdf@cargocollective.com', 'brand vertical communities', '394-28-2899', '63896 Raven Point', 15, 367);
insert into comprador (comprador_id, nombre, apellido_paterno, apellido_materno, correo_electronico, resenia, rfc, direccion, pais_id, aval_id) values (985, 'Alejandro', 'Barszczewski', 'Tedder', 'atedderdg@home.pl', 'unleash out-of-the-box ROI', '347-37-2199', '9340 Morrow Drive', 10, 380);
insert into comprador (comprador_id, nombre, apellido_paterno, apellido_materno, correo_electronico, resenia, rfc, direccion, pais_id, aval_id) values (986, 'Grazia', 'Gouldeby', 'Whitman', 'gwhitmandh@php.net', 'whiteboard integrated web services', '853-26-9098', '55 Carberry Circle', 6, 53);
insert into comprador (comprador_id, nombre, apellido_paterno, apellido_materno, correo_electronico, resenia, rfc, direccion, pais_id, aval_id) values (987, 'Serena', 'Fortnon', 'Eyam', 'seyamdi@tripod.com', 'synthesize enterprise solutions', '475-64-7438', '100 Badeau Avenue', 12, 141);
insert into comprador (comprador_id, nombre, apellido_paterno, apellido_materno, correo_electronico, resenia, rfc, direccion, pais_id, aval_id) values (988, 'Wren', 'Eastope', 'Andres', 'wandresdj@cornell.edu', 'orchestrate intuitive web services', '714-30-7893', '59 Cascade Parkway', 5, 122);
insert into comprador (comprador_id, nombre, apellido_paterno, apellido_materno, correo_electronico, resenia, rfc, direccion, pais_id, aval_id) values (989, 'Mattias', 'Goldes', 'Lagadu', 'mlagadudk@furl.net', 'harness cutting-edge portals', '480-31-7596', '60447 Melrose Alley', 20, 196);
insert into comprador (comprador_id, nombre, apellido_paterno, apellido_materno, correo_electronico, resenia, rfc, direccion, pais_id, aval_id) values (990, 'Rene', 'Martinez', 'Crutchley', 'rcrutchleydl@nymag.com', 'innovate integrated paradigms', '537-73-7282', '28682 Nova Court', 18, 249);
insert into comprador (comprador_id, nombre, apellido_paterno, apellido_materno, correo_electronico, resenia, rfc, direccion, pais_id, aval_id) values (991, 'Leonerd', 'Matonin', 'Ranyell', 'lranyelldm@php.net', 'incubate global e-business', '649-87-8711', '12788 Luster Drive', 20, 284);
insert into comprador (comprador_id, nombre, apellido_paterno, apellido_materno, correo_electronico, resenia, rfc, direccion, pais_id, aval_id) values (992, 'Violetta', 'Baxter', 'Roon', 'vroondn@is.gd', 'extend B2B eyeballs', '854-35-0978', '142 Forest Center', 19, 107);
insert into comprador (comprador_id, nombre, apellido_paterno, apellido_materno, correo_electronico, resenia, rfc, direccion, pais_id, aval_id) values (993, 'Rourke', 'Kops', 'Middleditch', 'rmiddleditchdo@elpais.com', 'brand integrated initiatives', '488-90-1155', '17 Pennsylvania Terrace', 7, 433);
insert into comprador (comprador_id, nombre, apellido_paterno, apellido_materno, correo_electronico, resenia, rfc, direccion, pais_id, aval_id) values (994, 'Koral', 'Lidden', 'Shafe', 'kshafedp@ft.com', 'architect leading-edge functionalities', '287-35-1278', '59130 Hanover Court', 7, 44);
insert into comprador (comprador_id, nombre, apellido_paterno, apellido_materno, correo_electronico, resenia, rfc, direccion, pais_id, aval_id) values (995, 'Brittani', 'Badsworth', 'Edmett', 'bedmettdq@opera.com', 'exploit global eyeballs', '620-66-0620', '788 Russell Pass', 3, 135);
insert into comprador (comprador_id, nombre, apellido_paterno, apellido_materno, correo_electronico, resenia, rfc, direccion, pais_id, aval_id) values (996, 'Milty', 'Ogborne', 'Kilian', 'mkiliandr@army.mil', 'strategize e-business systems', '374-26-5126', '3 Old Gate Pass', 4, 253);
insert into comprador (comprador_id, nombre, apellido_paterno, apellido_materno, correo_electronico, resenia, rfc, direccion, pais_id, aval_id) values (997, 'Arron', 'Aven', 'Pigford', 'apigfordds@drupal.org', 'target mission-critical mindshare', '236-35-3664', '7985 Lien Plaza', 20, 393);
insert into comprador (comprador_id, nombre, apellido_paterno, apellido_materno, correo_electronico, resenia, rfc, direccion, pais_id, aval_id) values (998, 'Hanni', 'Gallop', 'Durrans', 'hdurransdt@boston.com', 'aggregate cross-media partnerships', '850-42-4097', '357 Kensington Alley', 3, 358);
insert into comprador (comprador_id, nombre, apellido_paterno, apellido_materno, correo_electronico, resenia, rfc, direccion, pais_id, aval_id) values (999, 'Keenan', 'Byre', 'Tiffin', 'ktiffindu@bravesites.com', 'unleash virtual niches', '274-23-8496', '91381 Mifflin Park', 16, 9);
insert into comprador (comprador_id, nombre, apellido_paterno, apellido_materno, correo_electronico, resenia, rfc, direccion, pais_id, aval_id) values (1000, 'Lily', 'Shera', 'Haines', 'lhainesdv@devhub.com', 'utilize killer models', '895-74-9895', '27054 Dexter Avenue', 1, 25);



--SUBASTA
insert into subasta (subasta_id, fecha, direccion_internet, recaduacion_estimada) values (1, to_date('2019-11-12 06:21:44', 'YYYY-MM-DD HH24:MI:SS'), 'http://sitemeter.com', 838381);
insert into subasta (subasta_id, fecha, direccion_internet, recaduacion_estimada) values (2, to_date('2019-07-25 05:45:14', 'YYYY-MM-DD HH24:MI:SS'), 'http://ebay.co.uk', 175946);
insert into subasta (subasta_id, fecha, direccion_internet, recaduacion_estimada) values (3, to_date('2019-09-04 11:19:23', 'YYYY-MM-DD HH24:MI:SS'), 'http://about.com', 442355);
insert into subasta (subasta_id, fecha, direccion_internet, recaduacion_estimada) values (4, to_date('2020-04-24 14:51:45', 'YYYY-MM-DD HH24:MI:SS'), 'http://harvard.edu', 574316);
insert into subasta (subasta_id, fecha, direccion_internet, recaduacion_estimada) values (5, to_date('2019-11-04 16:37:05', 'YYYY-MM-DD HH24:MI:SS'), 'http://npr.org', 435652);
insert into subasta (subasta_id, fecha, direccion_internet, recaduacion_estimada) values (6, to_date('2020-02-02 21:46:11', 'YYYY-MM-DD HH24:MI:SS'), 'https://opera.com', 927172);
insert into subasta (subasta_id, fecha, direccion_internet, recaduacion_estimada) values (7, to_date('2020-01-18 13:28:50', 'YYYY-MM-DD HH24:MI:SS'), 'https://youtube.com', 233568);
insert into subasta (subasta_id, fecha, direccion_internet, recaduacion_estimada) values (8, to_date('2019-10-26 22:07:36', 'YYYY-MM-DD HH24:MI:SS'), 'https://dion.ne.jp', 614715);
insert into subasta (subasta_id, fecha, direccion_internet, recaduacion_estimada) values (9, to_date('2019-09-29 15:45:43', 'YYYY-MM-DD HH24:MI:SS'), 'http://ehow.com', 486971);
insert into subasta (subasta_id, fecha, direccion_internet, recaduacion_estimada) values (10, to_date('2020-05-01 13:16:11', 'YYYY-MM-DD HH24:MI:SS'), 'https://hexun.com', 900239);
insert into subasta (subasta_id, fecha, direccion_internet, recaduacion_estimada) values (11, to_date('2020-06-15 15:51:21', 'YYYY-MM-DD HH24:MI:SS'), 'https://trellian.com', 622674);
insert into subasta (subasta_id, fecha, direccion_internet, recaduacion_estimada) values (12, to_date('2020-03-23 02:04:32', 'YYYY-MM-DD HH24:MI:SS'), 'https://simplemachines.org', 980972);
insert into subasta (subasta_id, fecha, direccion_internet, recaduacion_estimada) values (13, to_date('2020-01-16 23:38:18', 'YYYY-MM-DD HH24:MI:SS'), 'http://eepurl.com', 655545);
insert into subasta (subasta_id, fecha, direccion_internet, recaduacion_estimada) values (14, to_date('2020-01-24 07:18:16', 'YYYY-MM-DD HH24:MI:SS'), 'https://sina.com.cn', 731519);
insert into subasta (subasta_id, fecha, direccion_internet, recaduacion_estimada) values (15, to_date('2019-11-16 04:19:41', 'YYYY-MM-DD HH24:MI:SS'), 'https://squarespace.com', 257138);
insert into subasta (subasta_id, fecha, direccion_internet, recaduacion_estimada) values (16, to_date('2019-09-09 05:57:42', 'YYYY-MM-DD HH24:MI:SS'), 'http://bloglovin.com', 400267);
insert into subasta (subasta_id, fecha, direccion_internet, recaduacion_estimada) values (17, to_date('2019-10-27 18:33:48', 'YYYY-MM-DD HH24:MI:SS'), 'http://huffingtonpost.com', 543465);
insert into subasta (subasta_id, fecha, direccion_internet, recaduacion_estimada) values (18, to_date('2019-08-04 11:27:53', 'YYYY-MM-DD HH24:MI:SS'), 'http://wp.com', 298425);
insert into subasta (subasta_id, fecha, direccion_internet, recaduacion_estimada) values (19, to_date('2019-11-22 16:46:31', 'YYYY-MM-DD HH24:MI:SS'), 'http://wikimedia.org', 573147);
insert into subasta (subasta_id, fecha, direccion_internet, recaduacion_estimada) values (20, to_date('2019-07-10 10:08:20', 'YYYY-MM-DD HH24:MI:SS'), 'https://eventbrite.com', 179992);
insert into subasta (subasta_id, fecha, direccion_internet, recaduacion_estimada) values (21, to_date('2020-04-12 09:40:32', 'YYYY-MM-DD HH24:MI:SS'), 'http://fema.gov', 38709);
insert into subasta (subasta_id, fecha, direccion_internet, recaduacion_estimada) values (22, to_date('2019-07-05 20:57:50', 'YYYY-MM-DD HH24:MI:SS'), 'http://wikimedia.org', 783741);
insert into subasta (subasta_id, fecha, direccion_internet, recaduacion_estimada) values (23, to_date('2020-06-10 14:08:33', 'YYYY-MM-DD HH24:MI:SS'), 'http://tripadvisor.com', 87780);
insert into subasta (subasta_id, fecha, direccion_internet, recaduacion_estimada) values (24, to_date('2020-01-17 04:27:35', 'YYYY-MM-DD HH24:MI:SS'), 'http://theguardian.com', 35484);
insert into subasta (subasta_id, fecha, direccion_internet, recaduacion_estimada) values (25, to_date('2019-12-07 19:47:35', 'YYYY-MM-DD HH24:MI:SS'), 'http://facebook.com', 927286);
insert into subasta (subasta_id, fecha, direccion_internet, recaduacion_estimada) values (26, to_date('2019-10-09 12:48:11', 'YYYY-MM-DD HH24:MI:SS'), 'http://elegantthemes.com', 227019);
insert into subasta (subasta_id, fecha, direccion_internet, recaduacion_estimada) values (27, to_date('2019-11-08 23:01:01', 'YYYY-MM-DD HH24:MI:SS'), 'http://mapy.cz', 472544);
insert into subasta (subasta_id, fecha, direccion_internet, recaduacion_estimada) values (28, to_date('2019-11-17 05:10:33', 'YYYY-MM-DD HH24:MI:SS'), 'https://globo.com', 128623);
insert into subasta (subasta_id, fecha, direccion_internet, recaduacion_estimada) values (29, to_date('2020-01-16 06:10:37', 'YYYY-MM-DD HH24:MI:SS'), 'https://nhs.uk', 825892);
insert into subasta (subasta_id, fecha, direccion_internet, recaduacion_estimada) values (30, to_date('2019-11-11 02:25:40', 'YYYY-MM-DD HH24:MI:SS'), 'https://princeton.edu', 308022);
insert into subasta (subasta_id, fecha, direccion_internet, recaduacion_estimada) values (31, to_date('2019-10-24 17:52:36', 'YYYY-MM-DD HH24:MI:SS'), 'http://google.com.hk', 497581);
insert into subasta (subasta_id, fecha, direccion_internet, recaduacion_estimada) values (32, to_date('2020-03-28 19:29:10', 'YYYY-MM-DD HH24:MI:SS'), 'https://smh.com.au', 131328);
insert into subasta (subasta_id, fecha, direccion_internet, recaduacion_estimada) values (33, to_date('2019-12-07 22:03:34', 'YYYY-MM-DD HH24:MI:SS'), 'https://desdev.cn', 608914);
insert into subasta (subasta_id, fecha, direccion_internet, recaduacion_estimada) values (34, to_date('2019-09-23 21:05:38', 'YYYY-MM-DD HH24:MI:SS'), 'http://thetimes.co.uk', 42675);
insert into subasta (subasta_id, fecha, direccion_internet, recaduacion_estimada) values (35, to_date('2020-04-18 00:20:02', 'YYYY-MM-DD HH24:MI:SS'), 'https://domainmarket.com', 646139);
insert into subasta (subasta_id, fecha, direccion_internet, recaduacion_estimada) values (36, to_date('2019-10-03 23:18:18', 'YYYY-MM-DD HH24:MI:SS'), 'https://posterous.com', 841225);
insert into subasta (subasta_id, fecha, direccion_internet, recaduacion_estimada) values (37, to_date('2020-04-04 16:30:02', 'YYYY-MM-DD HH24:MI:SS'), 'https://ehow.com', 405078);
insert into subasta (subasta_id, fecha, direccion_internet, recaduacion_estimada) values (38, to_date('2019-08-24 16:05:04', 'YYYY-MM-DD HH24:MI:SS'), 'http://cisco.com', 631942);
insert into subasta (subasta_id, fecha, direccion_internet, recaduacion_estimada) values (39, to_date('2019-10-20 19:08:54', 'YYYY-MM-DD HH24:MI:SS'), 'https://spotify.com', 733253);
insert into subasta (subasta_id, fecha, direccion_internet, recaduacion_estimada) values (40, to_date('2020-05-31 21:27:38', 'YYYY-MM-DD HH24:MI:SS'), 'https://g.co', 181767);
insert into subasta (subasta_id, fecha, direccion_internet, recaduacion_estimada) values (41, to_date('2019-08-08 17:48:28', 'YYYY-MM-DD HH24:MI:SS'), 'https://mozilla.org', 166662);
insert into subasta (subasta_id, fecha, direccion_internet, recaduacion_estimada) values (42, to_date('2020-04-01 18:15:19', 'YYYY-MM-DD HH24:MI:SS'), 'https://earthlink.net', 574684);
insert into subasta (subasta_id, fecha, direccion_internet, recaduacion_estimada) values (43, to_date('2019-12-18 09:52:58', 'YYYY-MM-DD HH24:MI:SS'), 'http://nasa.gov', 52023);
insert into subasta (subasta_id, fecha, direccion_internet, recaduacion_estimada) values (44, to_date('2020-05-27 10:06:41', 'YYYY-MM-DD HH24:MI:SS'), 'http://ustream.tv', 617713);
insert into subasta (subasta_id, fecha, direccion_internet, recaduacion_estimada) values (45, to_date('2020-02-10 07:16:14', 'YYYY-MM-DD HH24:MI:SS'), 'https://ehow.com', 593694);
insert into subasta (subasta_id, fecha, direccion_internet, recaduacion_estimada) values (46, to_date('2020-02-05 09:36:54', 'YYYY-MM-DD HH24:MI:SS'), 'http://pen.io', 887344);
insert into subasta (subasta_id, fecha, direccion_internet, recaduacion_estimada) values (47, to_date('2020-01-01 05:50:29', 'YYYY-MM-DD HH24:MI:SS'), 'https://bluehost.com', 275257);
insert into subasta (subasta_id, fecha, direccion_internet, recaduacion_estimada) values (48, to_date('2019-08-18 11:43:34', 'YYYY-MM-DD HH24:MI:SS'), 'http://vistaprint.com', 228301);
insert into subasta (subasta_id, fecha, direccion_internet, recaduacion_estimada) values (49, to_date('2020-01-25 15:06:55', 'YYYY-MM-DD HH24:MI:SS'), 'http://mac.com', 89921);
insert into subasta (subasta_id, fecha, direccion_internet, recaduacion_estimada) values (50, to_date('2019-10-26 19:17:32', 'YYYY-MM-DD HH24:MI:SS'), 'https://opera.com', 390680);
insert into subasta (subasta_id, fecha, direccion_internet, recaduacion_estimada) values (51, to_date('2019-08-20 08:20:03', 'YYYY-MM-DD HH24:MI:SS'), 'https://exblog.jp', 361156);
insert into subasta (subasta_id, fecha, direccion_internet, recaduacion_estimada) values (52, to_date('2020-05-26 16:36:28', 'YYYY-MM-DD HH24:MI:SS'), 'http://mozilla.org', 943515);
insert into subasta (subasta_id, fecha, direccion_internet, recaduacion_estimada) values (53, to_date('2020-06-11 03:38:58', 'YYYY-MM-DD HH24:MI:SS'), 'https://chron.com', 564232);
insert into subasta (subasta_id, fecha, direccion_internet, recaduacion_estimada) values (54, to_date('2019-07-25 14:54:17', 'YYYY-MM-DD HH24:MI:SS'), 'https://friendfeed.com', 995454);
insert into subasta (subasta_id, fecha, direccion_internet, recaduacion_estimada) values (55, to_date('2020-04-09 15:35:38', 'YYYY-MM-DD HH24:MI:SS'), 'https://tinyurl.com', 68715);
insert into subasta (subasta_id, fecha, direccion_internet, recaduacion_estimada) values (56, to_date('2020-03-18 17:38:33', 'YYYY-MM-DD HH24:MI:SS'), 'https://ehow.com', 788232);
insert into subasta (subasta_id, fecha, direccion_internet, recaduacion_estimada) values (57, to_date('2020-01-07 03:42:16', 'YYYY-MM-DD HH24:MI:SS'), 'http://cafepress.com', 459077);
insert into subasta (subasta_id, fecha, direccion_internet, recaduacion_estimada) values (58, to_date('2019-07-17 08:52:38', 'YYYY-MM-DD HH24:MI:SS'), 'http://engadget.com', 803922);
insert into subasta (subasta_id, fecha, direccion_internet, recaduacion_estimada) values (59, to_date('2020-02-10 00:42:04', 'YYYY-MM-DD HH24:MI:SS'), 'https://bizjournals.com', 186148);
insert into subasta (subasta_id, fecha, direccion_internet, recaduacion_estimada) values (60, to_date('2020-04-19 02:09:39', 'YYYY-MM-DD HH24:MI:SS'), 'http://pcworld.com', 387836);
insert into subasta (subasta_id, fecha, direccion_internet, recaduacion_estimada) values (61, to_date('2019-12-14 16:59:20', 'YYYY-MM-DD HH24:MI:SS'), 'https://bloglovin.com', 487641);
insert into subasta (subasta_id, fecha, direccion_internet, recaduacion_estimada) values (62, to_date('2019-09-23 10:35:07', 'YYYY-MM-DD HH24:MI:SS'), 'https://wunderground.com', 820879);
insert into subasta (subasta_id, fecha, direccion_internet, recaduacion_estimada) values (63, to_date('2020-02-18 21:11:54', 'YYYY-MM-DD HH24:MI:SS'), 'https://issuu.com', 152034);
insert into subasta (subasta_id, fecha, direccion_internet, recaduacion_estimada) values (64, to_date('2020-01-14 12:45:57', 'YYYY-MM-DD HH24:MI:SS'), 'https://hubpages.com', 601720);
insert into subasta (subasta_id, fecha, direccion_internet, recaduacion_estimada) values (65, to_date('2019-12-03 13:51:15', 'YYYY-MM-DD HH24:MI:SS'), 'http://fastcompany.com', 845661);
insert into subasta (subasta_id, fecha, direccion_internet, recaduacion_estimada) values (66, to_date('2020-06-04 03:46:44', 'YYYY-MM-DD HH24:MI:SS'), 'http://yelp.com', 685539);
insert into subasta (subasta_id, fecha, direccion_internet, recaduacion_estimada) values (67, to_date('2019-11-07 11:47:24', 'YYYY-MM-DD HH24:MI:SS'), 'http://nba.com', 218711);
insert into subasta (subasta_id, fecha, direccion_internet, recaduacion_estimada) values (68, to_date('2019-08-08 22:53:53', 'YYYY-MM-DD HH24:MI:SS'), 'http://msn.com', 651455);
insert into subasta (subasta_id, fecha, direccion_internet, recaduacion_estimada) values (69, to_date('2020-03-06 00:18:54', 'YYYY-MM-DD HH24:MI:SS'), 'https://comcast.net', 362869);
insert into subasta (subasta_id, fecha, direccion_internet, recaduacion_estimada) values (70, to_date('2019-11-06 17:08:36', 'YYYY-MM-DD HH24:MI:SS'), 'https://is.gd', 100813);
insert into subasta (subasta_id, fecha, direccion_internet, recaduacion_estimada) values (71, to_date('2020-02-16 11:12:02', 'YYYY-MM-DD HH24:MI:SS'), 'http://go.com', 320926);
insert into subasta (subasta_id, fecha, direccion_internet, recaduacion_estimada) values (72, to_date('2019-10-10 11:49:53', 'YYYY-MM-DD HH24:MI:SS'), 'https://businessinsider.com', 320662);
insert into subasta (subasta_id, fecha, direccion_internet, recaduacion_estimada) values (73, to_date('2020-01-03 07:30:38', 'YYYY-MM-DD HH24:MI:SS'), 'https://twitter.com', 281437);
insert into subasta (subasta_id, fecha, direccion_internet, recaduacion_estimada) values (74, to_date('2019-09-13 22:29:53', 'YYYY-MM-DD HH24:MI:SS'), 'http://list-manage.com', 881494);
insert into subasta (subasta_id, fecha, direccion_internet, recaduacion_estimada) values (75, to_date('2020-05-06 05:47:48', 'YYYY-MM-DD HH24:MI:SS'), 'http://ted.com', 55046);
insert into subasta (subasta_id, fecha, direccion_internet, recaduacion_estimada) values (76, to_date('2020-06-04 14:26:10', 'YYYY-MM-DD HH24:MI:SS'), 'https://msn.com', 530308);
insert into subasta (subasta_id, fecha, direccion_internet, recaduacion_estimada) values (77, to_date('2020-05-08 16:01:56', 'YYYY-MM-DD HH24:MI:SS'), 'http://networksolutions.com', 501317);
insert into subasta (subasta_id, fecha, direccion_internet, recaduacion_estimada) values (78, to_date('2020-02-16 09:39:10', 'YYYY-MM-DD HH24:MI:SS'), 'https://nature.com', 578368);
insert into subasta (subasta_id, fecha, direccion_internet, recaduacion_estimada) values (79, to_date('2019-09-18 12:28:30', 'YYYY-MM-DD HH24:MI:SS'), 'http://sfgate.com', 229774);
insert into subasta (subasta_id, fecha, direccion_internet, recaduacion_estimada) values (80, to_date('2019-09-27 00:33:04', 'YYYY-MM-DD HH24:MI:SS'), 'http://google.co.uk', 493878);
insert into subasta (subasta_id, fecha, direccion_internet, recaduacion_estimada) values (81, to_date('2019-10-21 19:14:40', 'YYYY-MM-DD HH24:MI:SS'), 'https://techcrunch.com', 154523);
insert into subasta (subasta_id, fecha, direccion_internet, recaduacion_estimada) values (82, to_date('2020-04-03 07:58:25', 'YYYY-MM-DD HH24:MI:SS'), 'https://howstuffworks.com', 347293);
insert into subasta (subasta_id, fecha, direccion_internet, recaduacion_estimada) values (83, to_date('2019-09-12 13:50:33', 'YYYY-MM-DD HH24:MI:SS'), 'https://tripadvisor.com', 580026);
insert into subasta (subasta_id, fecha, direccion_internet, recaduacion_estimada) values (84, to_date('2020-01-16 01:40:12', 'YYYY-MM-DD HH24:MI:SS'), 'https://tripod.com', 83705);
insert into subasta (subasta_id, fecha, direccion_internet, recaduacion_estimada) values (85, to_date('2019-09-26 04:20:24', 'YYYY-MM-DD HH24:MI:SS'), 'https://taobao.com', 511459);
insert into subasta (subasta_id, fecha, direccion_internet, recaduacion_estimada) values (86, to_date('2020-06-02 12:55:16', 'YYYY-MM-DD HH24:MI:SS'), 'https://home.pl', 382011);
insert into subasta (subasta_id, fecha, direccion_internet, recaduacion_estimada) values (87, to_date('2020-04-18 00:04:35', 'YYYY-MM-DD HH24:MI:SS'), 'http://toplist.cz', 181716);
insert into subasta (subasta_id, fecha, direccion_internet, recaduacion_estimada) values (88, to_date('2019-11-10 12:26:58', 'YYYY-MM-DD HH24:MI:SS'), 'http://wsj.com', 66118);
insert into subasta (subasta_id, fecha, direccion_internet, recaduacion_estimada) values (89, to_date('2019-12-02 23:29:06', 'YYYY-MM-DD HH24:MI:SS'), 'https://smugmug.com', 107464);
insert into subasta (subasta_id, fecha, direccion_internet, recaduacion_estimada) values (90, to_date('2020-06-06 22:24:54', 'YYYY-MM-DD HH24:MI:SS'), 'http://stumbleupon.com', 573493);
insert into subasta (subasta_id, fecha, direccion_internet, recaduacion_estimada) values (91, to_date('2019-09-14 09:30:32', 'YYYY-MM-DD HH24:MI:SS'), 'https://purevolume.com', 521097);
insert into subasta (subasta_id, fecha, direccion_internet, recaduacion_estimada) values (92, to_date('2020-05-07 02:58:27', 'YYYY-MM-DD HH24:MI:SS'), 'http://bluehost.com', 816006);
insert into subasta (subasta_id, fecha, direccion_internet, recaduacion_estimada) values (93, to_date('2019-10-19 23:30:06', 'YYYY-MM-DD HH24:MI:SS'), 'https://nytimes.com', 892788);
insert into subasta (subasta_id, fecha, direccion_internet, recaduacion_estimada) values (94, to_date('2019-07-10 20:01:56', 'YYYY-MM-DD HH24:MI:SS'), 'http://ed.gov', 569842);
insert into subasta (subasta_id, fecha, direccion_internet, recaduacion_estimada) values (95, to_date('2019-09-03 13:17:47', 'YYYY-MM-DD HH24:MI:SS'), 'https://rediff.com', 613345);
insert into subasta (subasta_id, fecha, direccion_internet, recaduacion_estimada) values (96, to_date('2020-05-27 08:58:37', 'YYYY-MM-DD HH24:MI:SS'), 'http://posterous.com', 409405);
insert into subasta (subasta_id, fecha, direccion_internet, recaduacion_estimada) values (97, to_date('2019-07-19 07:01:34', 'YYYY-MM-DD HH24:MI:SS'), 'http://posterous.com', 81256);
insert into subasta (subasta_id, fecha, direccion_internet, recaduacion_estimada) values (98, to_date('2019-10-23 07:33:53', 'YYYY-MM-DD HH24:MI:SS'), 'http://taobao.com', 854112);
insert into subasta (subasta_id, fecha, direccion_internet, recaduacion_estimada) values (99, to_date('2020-02-09 04:34:12', 'YYYY-MM-DD HH24:MI:SS'), 'https://mit.edu', 40063);
insert into subasta (subasta_id, fecha, direccion_internet, recaduacion_estimada) values (100, to_date('2019-07-21 08:26:54', 'YYYY-MM-DD HH24:MI:SS'), 'https://phoca.cz', 765472);
--status_objeto
insert into status_objeto (status_objeto_id, clave, descripcion) values (1, 'ST00', 'Disponible');
insert into status_objeto (status_objeto_id, clave, descripcion) values (2, 'ST01', 'Vendido');
insert into status_objeto (status_objeto_id, clave, descripcion) values (3, 'ST02', 'En Subasta');
--OBJETO
insert into objeto (objeto_id, nombre, descripcion, precio_inicial, codigo_barras, fecha_status, tipo_objeto, propietario_objeto_id, subasta_id, status_objeto_id) values (1, 'Y-Solowarm', 'implement enterprise e-business', 963426, 1000, '2019-07-03 14:59:07', 1, null, 43, 3);
insert into objeto (objeto_id, nombre, descripcion, precio_inicial, codigo_barras, fecha_status, tipo_objeto, propietario_objeto_id, subasta_id, status_objeto_id) values (2, 'Holdlamis', 'iterate cross-platform action-items', 485155, 1001, '2020-01-09 17:19:48', 1, null, 44, 1);
insert into objeto (objeto_id, nombre, descripcion, precio_inicial, codigo_barras, fecha_status, tipo_objeto, propietario_objeto_id, subasta_id, status_objeto_id) values (3, 'Y-Solowarm', 'monetize end-to-end experiences', 83502, 1002, '2019-10-29 17:18:44', 1, null, 8, 2);
insert into objeto (objeto_id, nombre, descripcion, precio_inicial, codigo_barras, fecha_status, tipo_objeto, propietario_objeto_id, subasta_id, status_objeto_id) values (4, 'Cardify', 'revolutionize 24/7 e-services', 23694, 1003, '2020-01-19 03:45:19', 1, null, 62, 1);
insert into objeto (objeto_id, nombre, descripcion, precio_inicial, codigo_barras, fecha_status, tipo_objeto, propietario_objeto_id, subasta_id, status_objeto_id) values (5, 'Zoolab', 'brand turn-key infomediaries', 166141, 1004, '2019-06-29 15:25:17', 1, 61, 85, 2);
insert into objeto (objeto_id, nombre, descripcion, precio_inicial, codigo_barras, fecha_status, tipo_objeto, propietario_objeto_id, subasta_id, status_objeto_id) values (6, 'Viva', 'drive best-of-breed networks', 249554, 1005, '2020-01-10 09:50:13', 1, null, 40, 2);
insert into objeto (objeto_id, nombre, descripcion, precio_inicial, codigo_barras, fecha_status, tipo_objeto, propietario_objeto_id, subasta_id, status_objeto_id) values (7, 'Andalax', 'transform out-of-the-box eyeballs', 986990, 1006, '2019-09-19 18:51:55', 1, null, 46, 3);
insert into objeto (objeto_id, nombre, descripcion, precio_inicial, codigo_barras, fecha_status, tipo_objeto, propietario_objeto_id, subasta_id, status_objeto_id) values (8, 'Fintone', 'iterate distributed convergence', 787900, 1007, '2019-09-27 23:59:33', 1, 811, 34, 3);
insert into objeto (objeto_id, nombre, descripcion, precio_inicial, codigo_barras, fecha_status, tipo_objeto, propietario_objeto_id, subasta_id, status_objeto_id) values (9, 'Transcof', 'deploy bricks-and-clicks bandwidth', 860890, 1008, '2020-03-12 16:11:44', 1, null, 19, 3);
insert into objeto (objeto_id, nombre, descripcion, precio_inicial, codigo_barras, fecha_status, tipo_objeto, propietario_objeto_id, subasta_id, status_objeto_id) values (10, 'Latlux', 'implement cross-media bandwidth', 871521, 1009, '2020-05-01 05:09:42', 1, null, 52, 3);
insert into objeto (objeto_id, nombre, descripcion, precio_inicial, codigo_barras, fecha_status, tipo_objeto, propietario_objeto_id, subasta_id, status_objeto_id) values (11, 'Matsoft', 'repurpose rich solutions', 256670, 1010, '2020-04-07 21:14:42', 1, null, 34, 1);
insert into objeto (objeto_id, nombre, descripcion, precio_inicial, codigo_barras, fecha_status, tipo_objeto, propietario_objeto_id, subasta_id, status_objeto_id) values (12, 'Hatity', 'aggregate clicks-and-mortar niches', 172172, 1011, '2020-04-01 23:41:37', 1, null, 34, 2);
insert into objeto (objeto_id, nombre, descripcion, precio_inicial, codigo_barras, fecha_status, tipo_objeto, propietario_objeto_id, subasta_id, status_objeto_id) values (13, 'Redhold', 'seize extensible technologies', 403328, 1012, '2019-10-15 02:48:07', 1, null, 55, 3);
insert into objeto (objeto_id, nombre, descripcion, precio_inicial, codigo_barras, fecha_status, tipo_objeto, propietario_objeto_id, subasta_id, status_objeto_id) values (14, 'Y-Solowarm', 'engage back-end e-services', 127203, 1013, '2020-06-12 06:27:34', 1, null, 3, 2);
insert into objeto (objeto_id, nombre, descripcion, precio_inicial, codigo_barras, fecha_status, tipo_objeto, propietario_objeto_id, subasta_id, status_objeto_id) values (15, 'Sonsing', 'incubate dot-com infomediaries', 487146, 1014, '2020-01-21 00:05:08', 1, null, 86, 2);
insert into objeto (objeto_id, nombre, descripcion, precio_inicial, codigo_barras, fecha_status, tipo_objeto, propietario_objeto_id, subasta_id, status_objeto_id) values (16, 'Flowdesk', 'envisioneer end-to-end portals', 742711, 1015, '2020-03-08 05:17:14', 1, null, 97, 3);
insert into objeto (objeto_id, nombre, descripcion, precio_inicial, codigo_barras, fecha_status, tipo_objeto, propietario_objeto_id, subasta_id, status_objeto_id) values (17, 'Bigtax', 'leverage e-business methodologies', 288986, 1016, '2019-08-08 10:51:20', 1, null, 19, 1);
insert into objeto (objeto_id, nombre, descripcion, precio_inicial, codigo_barras, fecha_status, tipo_objeto, propietario_objeto_id, subasta_id, status_objeto_id) values (18, 'Flowdesk', 'matrix enterprise paradigms', 181299, 1017, '2019-10-31 18:13:40', 1, null, 15, 1);
insert into objeto (objeto_id, nombre, descripcion, precio_inicial, codigo_barras, fecha_status, tipo_objeto, propietario_objeto_id, subasta_id, status_objeto_id) values (19, 'Bytecard', 'scale customized infrastructures', 765092, 1018, '2019-12-07 11:09:18', 1, null, 11, 3);
insert into objeto (objeto_id, nombre, descripcion, precio_inicial, codigo_barras, fecha_status, tipo_objeto, propietario_objeto_id, subasta_id, status_objeto_id) values (20, 'Bitchip', 'orchestrate bleeding-edge functionalities', 62679, 1019, '2019-08-06 22:17:19', 1, null, 2, 3);
insert into objeto (objeto_id, nombre, descripcion, precio_inicial, codigo_barras, fecha_status, tipo_objeto, propietario_objeto_id, subasta_id, status_objeto_id) values (21, 'Tampflex', 'evolve impactful vortals', 69780, 1020, '2019-08-20 08:36:46', 1, null, 14, 3);
insert into objeto (objeto_id, nombre, descripcion, precio_inicial, codigo_barras, fecha_status, tipo_objeto, propietario_objeto_id, subasta_id, status_objeto_id) values (22, 'Tempsoft', 'innovate vertical deliverables', 633119, 1021, '2019-11-30 08:44:11', 1, 518, 34, 2);
insert into objeto (objeto_id, nombre, descripcion, precio_inicial, codigo_barras, fecha_status, tipo_objeto, propietario_objeto_id, subasta_id, status_objeto_id) values (23, 'Zathin', 'redefine best-of-breed schemas', 929791, 1022, '2019-09-14 08:46:22', 1, null, 94, 1);
insert into objeto (objeto_id, nombre, descripcion, precio_inicial, codigo_barras, fecha_status, tipo_objeto, propietario_objeto_id, subasta_id, status_objeto_id) values (24, 'Cardify', 'deliver turn-key eyeballs', 807392, 1023, '2019-08-18 14:59:51', 1, 767, 58, 3);
insert into objeto (objeto_id, nombre, descripcion, precio_inicial, codigo_barras, fecha_status, tipo_objeto, propietario_objeto_id, subasta_id, status_objeto_id) values (25, 'Matsoft', 'orchestrate cutting-edge platforms', 401218, 1024, '2019-08-28 00:31:30', 1, null, 64, 3);
insert into objeto (objeto_id, nombre, descripcion, precio_inicial, codigo_barras, fecha_status, tipo_objeto, propietario_objeto_id, subasta_id, status_objeto_id) values (26, 'Stronghold', 'maximize cutting-edge communities', 945146, 1025, '2020-03-04 13:17:13', 1, null, 67, 3);
insert into objeto (objeto_id, nombre, descripcion, precio_inicial, codigo_barras, fecha_status, tipo_objeto, propietario_objeto_id, subasta_id, status_objeto_id) values (27, 'Job', 'deploy synergistic infrastructures', 697736, 1026, '2020-03-06 11:16:05', 1, null, 30, 2);
insert into objeto (objeto_id, nombre, descripcion, precio_inicial, codigo_barras, fecha_status, tipo_objeto, propietario_objeto_id, subasta_id, status_objeto_id) values (28, 'Andalax', 'generate holistic action-items', 427133, 1027, '2019-07-06 08:57:09', 1, null, 44, 2);
insert into objeto (objeto_id, nombre, descripcion, precio_inicial, codigo_barras, fecha_status, tipo_objeto, propietario_objeto_id, subasta_id, status_objeto_id) values (29, 'Tempsoft', 'e-enable plug-and-play metrics', 899555, 1028, '2019-10-25 20:53:17', 1, null, 25, 3);
insert into objeto (objeto_id, nombre, descripcion, precio_inicial, codigo_barras, fecha_status, tipo_objeto, propietario_objeto_id, subasta_id, status_objeto_id) values (30, 'Solarbreeze', 'aggregate proactive methodologies', 282666, 1029, '2020-04-28 19:39:43', 1, null, 47, 3);
insert into objeto (objeto_id, nombre, descripcion, precio_inicial, codigo_barras, fecha_status, tipo_objeto, propietario_objeto_id, subasta_id, status_objeto_id) values (31, 'Asoka', 'repurpose enterprise vortals', 228709, 1030, '2019-08-11 04:38:44', 1, null, 54, 2);
insert into objeto (objeto_id, nombre, descripcion, precio_inicial, codigo_barras, fecha_status, tipo_objeto, propietario_objeto_id, subasta_id, status_objeto_id) values (32, 'Zathin', 'drive cutting-edge portals', 774482, 1031, '2020-03-29 05:06:16', 1, null, 88, 1);
insert into objeto (objeto_id, nombre, descripcion, precio_inicial, codigo_barras, fecha_status, tipo_objeto, propietario_objeto_id, subasta_id, status_objeto_id) values (33, 'Quo Lux', 'orchestrate user-centric e-business', 904960, 1032, '2020-03-30 19:48:15', 1, null, 62, 1);
insert into objeto (objeto_id, nombre, descripcion, precio_inicial, codigo_barras, fecha_status, tipo_objeto, propietario_objeto_id, subasta_id, status_objeto_id) values (34, 'Mat Lam Tam', 'incubate next-generation applications', 320373, 1033, '2019-09-28 19:43:23', 1, null, 37, 3);
insert into objeto (objeto_id, nombre, descripcion, precio_inicial, codigo_barras, fecha_status, tipo_objeto, propietario_objeto_id, subasta_id, status_objeto_id) values (35, 'Transcof', 'repurpose bricks-and-clicks methodologies', 789140, 1034, '2020-04-21 13:56:59', 1, null, 76, 2);
insert into objeto (objeto_id, nombre, descripcion, precio_inicial, codigo_barras, fecha_status, tipo_objeto, propietario_objeto_id, subasta_id, status_objeto_id) values (36, 'Transcof', 'harness end-to-end methodologies', 773870, 1035, '2019-08-15 02:42:18', 1, null, 32, 1);
insert into objeto (objeto_id, nombre, descripcion, precio_inicial, codigo_barras, fecha_status, tipo_objeto, propietario_objeto_id, subasta_id, status_objeto_id) values (37, 'Zathin', 'maximize plug-and-play communities', 740230, 1036, '2020-05-10 08:31:39', 1, null, 5, 2);
insert into objeto (objeto_id, nombre, descripcion, precio_inicial, codigo_barras, fecha_status, tipo_objeto, propietario_objeto_id, subasta_id, status_objeto_id) values (38, 'Zaam-Dox', 'reintermediate seamless metrics', 771876, 1037, '2019-11-19 08:03:00', 1, null, 39, 3);
insert into objeto (objeto_id, nombre, descripcion, precio_inicial, codigo_barras, fecha_status, tipo_objeto, propietario_objeto_id, subasta_id, status_objeto_id) values (39, 'Otcom', 'empower bricks-and-clicks action-items', 913291, 1038, '2019-11-22 17:59:02', 1, null, 57, 1);
insert into objeto (objeto_id, nombre, descripcion, precio_inicial, codigo_barras, fecha_status, tipo_objeto, propietario_objeto_id, subasta_id, status_objeto_id) values (40, 'Fix San', 'harness one-to-one e-markets', 380951, 1039, '2019-08-14 18:38:10', 1, null, 48, 1);
insert into objeto (objeto_id, nombre, descripcion, precio_inicial, codigo_barras, fecha_status, tipo_objeto, propietario_objeto_id, subasta_id, status_objeto_id) values (41, 'Quo Lux', 'drive rich paradigms', 314610, 1040, '2020-04-06 16:34:25', 1, null, 53, 2);
insert into objeto (objeto_id, nombre, descripcion, precio_inicial, codigo_barras, fecha_status, tipo_objeto, propietario_objeto_id, subasta_id, status_objeto_id) values (42, 'Hatity', 'reintermediate revolutionary vortals', 694682, 1041, '2020-02-19 07:08:53', 1, null, 64, 1);
insert into objeto (objeto_id, nombre, descripcion, precio_inicial, codigo_barras, fecha_status, tipo_objeto, propietario_objeto_id, subasta_id, status_objeto_id) values (43, 'Redhold', 'grow next-generation applications', 596085, 1042, '2020-04-09 13:44:49', 1, null, 14, 2);
insert into objeto (objeto_id, nombre, descripcion, precio_inicial, codigo_barras, fecha_status, tipo_objeto, propietario_objeto_id, subasta_id, status_objeto_id) values (44, 'Veribet', 'implement cross-platform solutions', 78984, 1043, '2019-10-28 21:00:43', 1, null, 73, 2);
insert into objeto (objeto_id, nombre, descripcion, precio_inicial, codigo_barras, fecha_status, tipo_objeto, propietario_objeto_id, subasta_id, status_objeto_id) values (45, 'Matsoft', 'whiteboard proactive convergence', 407517, 1044, '2020-04-03 17:35:07', 1, null, 15, 3);
insert into objeto (objeto_id, nombre, descripcion, precio_inicial, codigo_barras, fecha_status, tipo_objeto, propietario_objeto_id, subasta_id, status_objeto_id) values (46, 'Zoolab', 'empower mission-critical applications', 491084, 1045, '2019-07-16 00:43:59', 1, null, 33, 1);
insert into objeto (objeto_id, nombre, descripcion, precio_inicial, codigo_barras, fecha_status, tipo_objeto, propietario_objeto_id, subasta_id, status_objeto_id) values (47, 'Otcom', 'evolve viral paradigms', 260368, 1046, '2019-09-22 23:57:38', 1, null, 25, 2);
insert into objeto (objeto_id, nombre, descripcion, precio_inicial, codigo_barras, fecha_status, tipo_objeto, propietario_objeto_id, subasta_id, status_objeto_id) values (48, 'Span', 'optimize wireless web services', 206580, 1047, '2019-10-09 14:38:40', 1, null, 5, 2);
insert into objeto (objeto_id, nombre, descripcion, precio_inicial, codigo_barras, fecha_status, tipo_objeto, propietario_objeto_id, subasta_id, status_objeto_id) values (49, 'Biodex', 'grow visionary eyeballs', 997939, 1048, '2019-09-19 00:51:24', 1, null, 31, 2);
insert into objeto (objeto_id, nombre, descripcion, precio_inicial, codigo_barras, fecha_status, tipo_objeto, propietario_objeto_id, subasta_id, status_objeto_id) values (50, 'Keylex', 'exploit intuitive convergence', 552731, 1049, '2019-09-09 19:59:23', 1, null, 80, 3);
insert into objeto (objeto_id, nombre, descripcion, precio_inicial, codigo_barras, fecha_status, tipo_objeto, propietario_objeto_id, subasta_id, status_objeto_id) values (51, 'Zamit', 'morph wireless mindshare', 196051, 1050, '2020-01-08 11:27:08', 1, null, 82, 2);
insert into objeto (objeto_id, nombre, descripcion, precio_inicial, codigo_barras, fecha_status, tipo_objeto, propietario_objeto_id, subasta_id, status_objeto_id) values (52, 'Tres-Zap', 'expedite transparent mindshare', 660748, 1051, '2020-05-26 21:36:48', 1, null, 98, 2);
insert into objeto (objeto_id, nombre, descripcion, precio_inicial, codigo_barras, fecha_status, tipo_objeto, propietario_objeto_id, subasta_id, status_objeto_id) values (53, 'Temp', 'transform web-enabled relationships', 491821, 1052, '2020-06-04 15:24:56', 1, null, 51, 3);
insert into objeto (objeto_id, nombre, descripcion, precio_inicial, codigo_barras, fecha_status, tipo_objeto, propietario_objeto_id, subasta_id, status_objeto_id) values (54, 'Zoolab', 'cultivate killer e-commerce', 516788, 1053, '2020-03-11 20:29:04', 1, null, 1, 3);
insert into objeto (objeto_id, nombre, descripcion, precio_inicial, codigo_barras, fecha_status, tipo_objeto, propietario_objeto_id, subasta_id, status_objeto_id) values (55, 'Flowdesk', 'visualize scalable paradigms', 526216, 1054, '2019-09-10 21:10:26', 1, null, 59, 1);
insert into objeto (objeto_id, nombre, descripcion, precio_inicial, codigo_barras, fecha_status, tipo_objeto, propietario_objeto_id, subasta_id, status_objeto_id) values (56, 'Otcom', 'reintermediate user-centric e-commerce', 447842, 1055, '2019-08-17 22:02:05', 1, null, 46, 1);
insert into objeto (objeto_id, nombre, descripcion, precio_inicial, codigo_barras, fecha_status, tipo_objeto, propietario_objeto_id, subasta_id, status_objeto_id) values (57, 'Bitwolf', 'strategize revolutionary e-services', 442195, 1056, '2019-11-08 12:31:58', 1, null, 4, 1);
insert into objeto (objeto_id, nombre, descripcion, precio_inicial, codigo_barras, fecha_status, tipo_objeto, propietario_objeto_id, subasta_id, status_objeto_id) values (58, 'Zoolab', 'e-enable collaborative solutions', 773214, 1057, '2020-01-21 02:58:16', 1, null, 62, 2);
insert into objeto (objeto_id, nombre, descripcion, precio_inicial, codigo_barras, fecha_status, tipo_objeto, propietario_objeto_id, subasta_id, status_objeto_id) values (59, 'Veribet', 'mesh virtual web-readiness', 568314, 1058, '2019-07-08 19:23:33', 1, null, 47, 2);
insert into objeto (objeto_id, nombre, descripcion, precio_inicial, codigo_barras, fecha_status, tipo_objeto, propietario_objeto_id, subasta_id, status_objeto_id) values (60, 'Zontrax', 'reintermediate dynamic technologies', 23335, 1059, '2019-12-16 18:32:45', 1, null, 31, 3);
insert into objeto (objeto_id, nombre, descripcion, precio_inicial, codigo_barras, fecha_status, tipo_objeto, propietario_objeto_id, subasta_id, status_objeto_id) values (61, 'Tampflex', 'embrace strategic e-markets', 825200, 1060, '2020-05-12 01:30:41', 1, null, 97, 1);
insert into objeto (objeto_id, nombre, descripcion, precio_inicial, codigo_barras, fecha_status, tipo_objeto, propietario_objeto_id, subasta_id, status_objeto_id) values (62, 'Otcom', 'productize extensible web services', 322128, 1061, '2019-11-18 19:35:14', 1, null, 64, 1);
insert into objeto (objeto_id, nombre, descripcion, precio_inicial, codigo_barras, fecha_status, tipo_objeto, propietario_objeto_id, subasta_id, status_objeto_id) values (63, 'Vagram', 'deploy global markets', 395025, 1062, '2019-11-07 12:16:43', 1, null, 52, 2);
insert into objeto (objeto_id, nombre, descripcion, precio_inicial, codigo_barras, fecha_status, tipo_objeto, propietario_objeto_id, subasta_id, status_objeto_id) values (64, 'Aerified', 'engage vertical synergies', 717751, 1063, '2020-05-01 17:32:02', 1, null, 45, 3);
insert into objeto (objeto_id, nombre, descripcion, precio_inicial, codigo_barras, fecha_status, tipo_objeto, propietario_objeto_id, subasta_id, status_objeto_id) values (65, 'Prodder', 'synergize ubiquitous relationships', 315161, 1064, '2019-12-15 03:49:09', 1, null, 33, 2);
insert into objeto (objeto_id, nombre, descripcion, precio_inicial, codigo_barras, fecha_status, tipo_objeto, propietario_objeto_id, subasta_id, status_objeto_id) values (66, 'Temp', 'visualize B2C e-commerce', 176519, 1065, '2019-12-01 02:00:09', 1, null, 99, 2);
insert into objeto (objeto_id, nombre, descripcion, precio_inicial, codigo_barras, fecha_status, tipo_objeto, propietario_objeto_id, subasta_id, status_objeto_id) values (67, 'Aerified', 'revolutionize clicks-and-mortar supply-chains', 363612, 1066, '2019-07-09 22:59:14', 1, null, 82, 1);
insert into objeto (objeto_id, nombre, descripcion, precio_inicial, codigo_barras, fecha_status, tipo_objeto, propietario_objeto_id, subasta_id, status_objeto_id) values (68, 'Wrapsafe', 'iterate best-of-breed action-items', 309378, 1067, '2020-01-18 17:08:00', 1, null, 11, 2);
insert into objeto (objeto_id, nombre, descripcion, precio_inicial, codigo_barras, fecha_status, tipo_objeto, propietario_objeto_id, subasta_id, status_objeto_id) values (69, 'Zamit', 'facilitate world-class mindshare', 974647, 1068, '2019-06-25 20:43:29', 1, null, 53, 1);
insert into objeto (objeto_id, nombre, descripcion, precio_inicial, codigo_barras, fecha_status, tipo_objeto, propietario_objeto_id, subasta_id, status_objeto_id) values (70, 'Sonair', 'brand frictionless bandwidth', 541581, 1069, '2019-12-05 18:33:33', 1, 73, 72, 3);
insert into objeto (objeto_id, nombre, descripcion, precio_inicial, codigo_barras, fecha_status, tipo_objeto, propietario_objeto_id, subasta_id, status_objeto_id) values (71, 'Zaam-Dox', 'synthesize sticky e-markets', 518572, 1070, '2020-01-25 19:50:03', 1, null, 50, 2);
insert into objeto (objeto_id, nombre, descripcion, precio_inicial, codigo_barras, fecha_status, tipo_objeto, propietario_objeto_id, subasta_id, status_objeto_id) values (72, 'Pannier', 'aggregate B2B e-services', 906408, 1071, '2020-02-08 04:08:02', 1, 52, 4, 2);
insert into objeto (objeto_id, nombre, descripcion, precio_inicial, codigo_barras, fecha_status, tipo_objeto, propietario_objeto_id, subasta_id, status_objeto_id) values (73, 'Treeflex', 'matrix scalable web-readiness', 712843, 1072, '2020-03-26 08:54:33', 1, null, 29, 1);
insert into objeto (objeto_id, nombre, descripcion, precio_inicial, codigo_barras, fecha_status, tipo_objeto, propietario_objeto_id, subasta_id, status_objeto_id) values (74, 'Y-find', 'architect scalable networks', 712051, 1073, '2019-12-18 11:54:48', 1, null, 88, 3);
insert into objeto (objeto_id, nombre, descripcion, precio_inicial, codigo_barras, fecha_status, tipo_objeto, propietario_objeto_id, subasta_id, status_objeto_id) values (75, 'Matsoft', 'matrix robust experiences', 93814, 1074, '2019-09-27 12:20:47', 1, null, 55, 2);
insert into objeto (objeto_id, nombre, descripcion, precio_inicial, codigo_barras, fecha_status, tipo_objeto, propietario_objeto_id, subasta_id, status_objeto_id) values (76, 'Lotstring', 'disintermediate cross-platform e-markets', 116783, 1075, '2019-11-22 23:27:24', 1, null, 57, 2);
insert into objeto (objeto_id, nombre, descripcion, precio_inicial, codigo_barras, fecha_status, tipo_objeto, propietario_objeto_id, subasta_id, status_objeto_id) values (77, 'Latlux', 'whiteboard robust ROI', 929347, 1076, '2020-03-15 09:17:39', 1, null, 83, 1);
insert into objeto (objeto_id, nombre, descripcion, precio_inicial, codigo_barras, fecha_status, tipo_objeto, propietario_objeto_id, subasta_id, status_objeto_id) values (78, 'Bamity', 'reintermediate holistic partnerships', 603779, 1077, '2020-03-14 03:44:00', 1, null, 54, 1);
insert into objeto (objeto_id, nombre, descripcion, precio_inicial, codigo_barras, fecha_status, tipo_objeto, propietario_objeto_id, subasta_id, status_objeto_id) values (79, 'Toughjoyfax', 'revolutionize clicks-and-mortar systems', 282217, 1078, '2019-08-04 01:15:41', 1, null, 34, 1);
insert into objeto (objeto_id, nombre, descripcion, precio_inicial, codigo_barras, fecha_status, tipo_objeto, propietario_objeto_id, subasta_id, status_objeto_id) values (80, 'Overhold', 'facilitate visionary e-commerce', 75205, 1079, '2019-11-16 12:27:49', 1, null, 12, 3);
insert into objeto (objeto_id, nombre, descripcion, precio_inicial, codigo_barras, fecha_status, tipo_objeto, propietario_objeto_id, subasta_id, status_objeto_id) values (81, 'Matsoft', 'exploit B2C convergence', 573015, 1080, '2020-03-26 10:32:42', 1, null, 80, 2);
insert into objeto (objeto_id, nombre, descripcion, precio_inicial, codigo_barras, fecha_status, tipo_objeto, propietario_objeto_id, subasta_id, status_objeto_id) values (82, 'Hatity', 'envisioneer granular experiences', 343575, 1081, '2019-12-07 21:03:24', 1, null, 78, 3);
insert into objeto (objeto_id, nombre, descripcion, precio_inicial, codigo_barras, fecha_status, tipo_objeto, propietario_objeto_id, subasta_id, status_objeto_id) values (83, 'Zoolab', 'synthesize virtual technologies', 904190, 1082, '2019-12-15 06:14:47', 1, null, 77, 1);
insert into objeto (objeto_id, nombre, descripcion, precio_inicial, codigo_barras, fecha_status, tipo_objeto, propietario_objeto_id, subasta_id, status_objeto_id) values (84, 'Sonsing', 'facilitate holistic synergies', 264203, 1083, '2020-03-14 02:25:44', 1, null, 20, 3);
insert into objeto (objeto_id, nombre, descripcion, precio_inicial, codigo_barras, fecha_status, tipo_objeto, propietario_objeto_id, subasta_id, status_objeto_id) values (85, 'Solarbreeze', 'expedite front-end communities', 164442, 1084, '2019-10-04 18:03:04', 1, null, 49, 2);
insert into objeto (objeto_id, nombre, descripcion, precio_inicial, codigo_barras, fecha_status, tipo_objeto, propietario_objeto_id, subasta_id, status_objeto_id) values (86, 'Vagram', 'monetize seamless bandwidth', 866034, 1085, '2020-06-14 02:37:16', 1, 859, 82, 1);
insert into objeto (objeto_id, nombre, descripcion, precio_inicial, codigo_barras, fecha_status, tipo_objeto, propietario_objeto_id, subasta_id, status_objeto_id) values (87, 'Transcof', 'implement killer systems', 543200, 1086, '2020-06-03 17:49:33', 1, null, 46, 2);
insert into objeto (objeto_id, nombre, descripcion, precio_inicial, codigo_barras, fecha_status, tipo_objeto, propietario_objeto_id, subasta_id, status_objeto_id) values (88, 'Overhold', 'engage bleeding-edge deliverables', 360420, 1087, '2019-09-02 16:32:56', 1, 584, 44, 2);
insert into objeto (objeto_id, nombre, descripcion, precio_inicial, codigo_barras, fecha_status, tipo_objeto, propietario_objeto_id, subasta_id, status_objeto_id) values (89, 'Lotlux', 'empower 24/365 infrastructures', 59214, 1088, '2020-02-17 19:56:26', 1, null, 86, 2);
insert into objeto (objeto_id, nombre, descripcion, precio_inicial, codigo_barras, fecha_status, tipo_objeto, propietario_objeto_id, subasta_id, status_objeto_id) values (90, 'Namfix', 'envisioneer back-end supply-chains', 292600, 1089, '2019-09-01 08:55:30', 1, null, 54, 1);
insert into objeto (objeto_id, nombre, descripcion, precio_inicial, codigo_barras, fecha_status, tipo_objeto, propietario_objeto_id, subasta_id, status_objeto_id) values (91, 'Prodder', 'optimize cutting-edge ROI', 98786, 1090, '2019-08-03 05:36:38', 1, null, 66, 1);
insert into objeto (objeto_id, nombre, descripcion, precio_inicial, codigo_barras, fecha_status, tipo_objeto, propietario_objeto_id, subasta_id, status_objeto_id) values (92, 'Quo Lux', 'engineer 24/7 action-items', 415035, 1091, '2020-03-17 15:14:46', 1, null, 54, 2);
insert into objeto (objeto_id, nombre, descripcion, precio_inicial, codigo_barras, fecha_status, tipo_objeto, propietario_objeto_id, subasta_id, status_objeto_id) values (93, 'Domainer', 'engineer front-end platforms', 648232, 1092, '2019-07-06 12:36:57', 1, null, 92, 3);
insert into objeto (objeto_id, nombre, descripcion, precio_inicial, codigo_barras, fecha_status, tipo_objeto, propietario_objeto_id, subasta_id, status_objeto_id) values (94, 'Ronstring', 'repurpose bricks-and-clicks e-business', 763676, 1093, '2019-11-20 17:35:32', 1, null, 17, 2);
insert into objeto (objeto_id, nombre, descripcion, precio_inicial, codigo_barras, fecha_status, tipo_objeto, propietario_objeto_id, subasta_id, status_objeto_id) values (95, 'Zoolab', 'evolve robust synergies', 935407, 1094, '2019-12-25 15:43:04', 1, null, 53, 2);
insert into objeto (objeto_id, nombre, descripcion, precio_inicial, codigo_barras, fecha_status, tipo_objeto, propietario_objeto_id, subasta_id, status_objeto_id) values (96, 'Vagram', 'deploy web-enabled e-business', 250573, 1095, '2019-12-21 00:42:40', 1, null, 92, 2);
insert into objeto (objeto_id, nombre, descripcion, precio_inicial, codigo_barras, fecha_status, tipo_objeto, propietario_objeto_id, subasta_id, status_objeto_id) values (97, 'Overhold', 'innovate value-added applications', 64518, 1096, '2020-03-21 13:22:18', 1, null, 68, 1);
insert into objeto (objeto_id, nombre, descripcion, precio_inicial, codigo_barras, fecha_status, tipo_objeto, propietario_objeto_id, subasta_id, status_objeto_id) values (98, 'Transcof', 'productize open-source convergence', 803077, 1097, '2019-06-24 03:58:07', 1, null, 49, 3);
insert into objeto (objeto_id, nombre, descripcion, precio_inicial, codigo_barras, fecha_status, tipo_objeto, propietario_objeto_id, subasta_id, status_objeto_id) values (99, 'Subin', 'incubate real-time users', 48122, 1098, '2019-06-28 10:30:02', 1, null, 95, 3);
insert into objeto (objeto_id, nombre, descripcion, precio_inicial, codigo_barras, fecha_status, tipo_objeto, propietario_objeto_id, subasta_id, status_objeto_id) values (100, 'Domainer', 'synthesize world-class mindshare', 623355, 1099, '2020-04-22 04:28:32', 1, null, 49, 1);
insert into objeto (objeto_id, nombre, descripcion, precio_inicial, codigo_barras, fecha_status, tipo_objeto, propietario_objeto_id, subasta_id, status_objeto_id) values (101, 'Regrant', 'productize wireless technologies', 14463, 1101, '2020-02-16 00:48:05', 2, null, 12, 1);
insert into objeto (objeto_id, nombre, descripcion, precio_inicial, codigo_barras, fecha_status, tipo_objeto, propietario_objeto_id, subasta_id, status_objeto_id) values (102, 'Solarbreeze', 'grow 24/7 partnerships', 366888, 1102, '2020-03-14 11:58:44', 2, null, 26, 2);
insert into objeto (objeto_id, nombre, descripcion, precio_inicial, codigo_barras, fecha_status, tipo_objeto, propietario_objeto_id, subasta_id, status_objeto_id) values (103, 'Zontrax', 'enhance dot-com web services', 300792, 1103, '2019-10-25 07:18:24', 2, null, 33, 3);
insert into objeto (objeto_id, nombre, descripcion, precio_inicial, codigo_barras, fecha_status, tipo_objeto, propietario_objeto_id, subasta_id, status_objeto_id) values (104, 'Transcof', 'incentivize extensible applications', 638395, 1104, '2019-09-11 17:02:55', 2, null, 96, 2);
insert into objeto (objeto_id, nombre, descripcion, precio_inicial, codigo_barras, fecha_status, tipo_objeto, propietario_objeto_id, subasta_id, status_objeto_id) values (105, 'Trippledex', 'scale wireless e-services', 121473, 1105, '2019-09-12 19:55:32', 2, null, 71, 3);
insert into objeto (objeto_id, nombre, descripcion, precio_inicial, codigo_barras, fecha_status, tipo_objeto, propietario_objeto_id, subasta_id, status_objeto_id) values (106, 'Rank', 'deliver impactful action-items', 786637, 1106, '2020-02-28 23:05:34', 2, 7, 87, 1);
insert into objeto (objeto_id, nombre, descripcion, precio_inicial, codigo_barras, fecha_status, tipo_objeto, propietario_objeto_id, subasta_id, status_objeto_id) values (107, 'Regrant', 'evolve compelling schemas', 302175, 1107, '2020-02-29 18:31:01', 2, 231, 47, 1);
insert into objeto (objeto_id, nombre, descripcion, precio_inicial, codigo_barras, fecha_status, tipo_objeto, propietario_objeto_id, subasta_id, status_objeto_id) values (108, 'Fintone', 'enhance intuitive functionalities', 28436, 1108, '2020-06-19 03:58:00', 2, null, 64, 2);
insert into objeto (objeto_id, nombre, descripcion, precio_inicial, codigo_barras, fecha_status, tipo_objeto, propietario_objeto_id, subasta_id, status_objeto_id) values (109, 'Alphazap', 'envisioneer B2B deliverables', 750650, 1109, '2019-08-16 00:13:49', 2, null, 6, 2);
insert into objeto (objeto_id, nombre, descripcion, precio_inicial, codigo_barras, fecha_status, tipo_objeto, propietario_objeto_id, subasta_id, status_objeto_id) values (110, 'Tresom', 'engage synergistic applications', 537671, 1110, '2020-06-14 23:03:18', 2, null, 60, 3);
insert into objeto (objeto_id, nombre, descripcion, precio_inicial, codigo_barras, fecha_status, tipo_objeto, propietario_objeto_id, subasta_id, status_objeto_id) values (111, 'Solarbreeze', 'iterate one-to-one relationships', 166714, 1111, '2020-04-08 06:55:10', 2, null, 42, 3);
insert into objeto (objeto_id, nombre, descripcion, precio_inicial, codigo_barras, fecha_status, tipo_objeto, propietario_objeto_id, subasta_id, status_objeto_id) values (112, 'Job', 'incentivize enterprise systems', 373246, 1112, '2020-02-15 06:58:05', 2, 367, 59, 2);
insert into objeto (objeto_id, nombre, descripcion, precio_inicial, codigo_barras, fecha_status, tipo_objeto, propietario_objeto_id, subasta_id, status_objeto_id) values (113, 'Tres-Zap', 'disintermediate dynamic channels', 35951, 1113, '2019-08-12 00:01:18', 2, null, 20, 3);
insert into objeto (objeto_id, nombre, descripcion, precio_inicial, codigo_barras, fecha_status, tipo_objeto, propietario_objeto_id, subasta_id, status_objeto_id) values (114, 'Alpha', 'cultivate bricks-and-clicks users', 129127, 1114, '2020-03-15 11:17:22', 2, null, 33, 3);
insert into objeto (objeto_id, nombre, descripcion, precio_inicial, codigo_barras, fecha_status, tipo_objeto, propietario_objeto_id, subasta_id, status_objeto_id) values (115, 'Regrant', 'enable synergistic applications', 605503, 1115, '2019-09-04 03:15:25', 2, null, 63, 2);
insert into objeto (objeto_id, nombre, descripcion, precio_inicial, codigo_barras, fecha_status, tipo_objeto, propietario_objeto_id, subasta_id, status_objeto_id) values (116, 'Mat Lam Tam', 'syndicate out-of-the-box schemas', 704184, 1116, '2019-10-23 22:25:20', 2, null, 21, 1);
insert into objeto (objeto_id, nombre, descripcion, precio_inicial, codigo_barras, fecha_status, tipo_objeto, propietario_objeto_id, subasta_id, status_objeto_id) values (117, 'Wrapsafe', 'leverage turn-key solutions', 208278, 1117, '2019-09-09 16:27:16', 2, 944, 52, 1);
insert into objeto (objeto_id, nombre, descripcion, precio_inicial, codigo_barras, fecha_status, tipo_objeto, propietario_objeto_id, subasta_id, status_objeto_id) values (118, 'Lotlux', 'innovate value-added users', 140722, 1118, '2020-03-28 06:51:41', 2, null, 76, 2);
insert into objeto (objeto_id, nombre, descripcion, precio_inicial, codigo_barras, fecha_status, tipo_objeto, propietario_objeto_id, subasta_id, status_objeto_id) values (119, 'Asoka', 'scale plug-and-play web-readiness', 827383, 1119, '2019-07-20 20:22:32', 2, null, 88, 3);
insert into objeto (objeto_id, nombre, descripcion, precio_inicial, codigo_barras, fecha_status, tipo_objeto, propietario_objeto_id, subasta_id, status_objeto_id) values (120, 'Voltsillam', 'benchmark seamless methodologies', 491500, 1120, '2020-05-27 19:22:47', 2, null, 91, 3);
insert into objeto (objeto_id, nombre, descripcion, precio_inicial, codigo_barras, fecha_status, tipo_objeto, propietario_objeto_id, subasta_id, status_objeto_id) values (121, 'Mat Lam Tam', 'reinvent dynamic technologies', 924431, 1121, '2020-01-15 11:55:32', 2, null, 54, 1);
insert into objeto (objeto_id, nombre, descripcion, precio_inicial, codigo_barras, fecha_status, tipo_objeto, propietario_objeto_id, subasta_id, status_objeto_id) values (122, 'Hatity', 'empower granular infomediaries', 642766, 1122, '2019-08-14 07:33:50', 2, null, 16, 2);
insert into objeto (objeto_id, nombre, descripcion, precio_inicial, codigo_barras, fecha_status, tipo_objeto, propietario_objeto_id, subasta_id, status_objeto_id) values (123, 'Daltfresh', 'optimize virtual users', 204490, 1123, '2019-10-10 11:07:22', 2, null, 97, 2);
insert into objeto (objeto_id, nombre, descripcion, precio_inicial, codigo_barras, fecha_status, tipo_objeto, propietario_objeto_id, subasta_id, status_objeto_id) values (124, 'Cookley', 'benchmark holistic applications', 98360, 1124, '2019-10-29 23:09:03', 2, null, 38, 1);
insert into objeto (objeto_id, nombre, descripcion, precio_inicial, codigo_barras, fecha_status, tipo_objeto, propietario_objeto_id, subasta_id, status_objeto_id) values (125, 'Pannier', 'synthesize front-end content', 191517, 1125, '2020-04-14 03:28:53', 2, null, 36, 1);
insert into objeto (objeto_id, nombre, descripcion, precio_inicial, codigo_barras, fecha_status, tipo_objeto, propietario_objeto_id, subasta_id, status_objeto_id) values (126, 'Regrant', 'iterate bricks-and-clicks schemas', 522800, 1126, '2019-12-29 07:07:22', 2, null, 57, 1);
insert into objeto (objeto_id, nombre, descripcion, precio_inicial, codigo_barras, fecha_status, tipo_objeto, propietario_objeto_id, subasta_id, status_objeto_id) values (127, 'Wrapsafe', 'visualize B2C convergence', 849048, 1127, '2019-10-13 01:15:34', 2, null, 17, 1);
insert into objeto (objeto_id, nombre, descripcion, precio_inicial, codigo_barras, fecha_status, tipo_objeto, propietario_objeto_id, subasta_id, status_objeto_id) values (128, 'Kanlam', 'enhance scalable functionalities', 145027, 1128, '2019-08-17 17:57:54', 2, null, 47, 1);
insert into objeto (objeto_id, nombre, descripcion, precio_inicial, codigo_barras, fecha_status, tipo_objeto, propietario_objeto_id, subasta_id, status_objeto_id) values (129, 'Cardguard', 'extend best-of-breed eyeballs', 669313, 1129, '2020-06-19 12:14:34', 2, null, 25, 2);
insert into objeto (objeto_id, nombre, descripcion, precio_inicial, codigo_barras, fecha_status, tipo_objeto, propietario_objeto_id, subasta_id, status_objeto_id) values (130, 'Sonsing', 'empower end-to-end models', 93874, 1130, '2019-12-15 12:14:52', 2, 774, 21, 2);
insert into objeto (objeto_id, nombre, descripcion, precio_inicial, codigo_barras, fecha_status, tipo_objeto, propietario_objeto_id, subasta_id, status_objeto_id) values (131, 'Zamit', 'revolutionize holistic functionalities', 113490, 1131, '2020-03-01 01:39:15', 2, null, 34, 2);
insert into objeto (objeto_id, nombre, descripcion, precio_inicial, codigo_barras, fecha_status, tipo_objeto, propietario_objeto_id, subasta_id, status_objeto_id) values (132, 'Lotstring', 'generate clicks-and-mortar action-items', 293847, 1132, '2019-12-21 23:15:57', 2, null, 17, 1);
insert into objeto (objeto_id, nombre, descripcion, precio_inicial, codigo_barras, fecha_status, tipo_objeto, propietario_objeto_id, subasta_id, status_objeto_id) values (133, 'Ventosanzap', 'engage cross-platform metrics', 238789, 1133, '2019-11-03 12:23:14', 2, null, 45, 3);
insert into objeto (objeto_id, nombre, descripcion, precio_inicial, codigo_barras, fecha_status, tipo_objeto, propietario_objeto_id, subasta_id, status_objeto_id) values (134, 'Solarbreeze', 'whiteboard B2B action-items', 84178, 1134, '2020-03-19 11:36:30', 2, 647, 2, 2);
insert into objeto (objeto_id, nombre, descripcion, precio_inicial, codigo_barras, fecha_status, tipo_objeto, propietario_objeto_id, subasta_id, status_objeto_id) values (135, 'Greenlam', 'expedite bricks-and-clicks experiences', 615828, 1135, '2020-01-04 21:47:47', 2, null, 89, 3);
insert into objeto (objeto_id, nombre, descripcion, precio_inicial, codigo_barras, fecha_status, tipo_objeto, propietario_objeto_id, subasta_id, status_objeto_id) values (136, 'Daltfresh', 'envisioneer wireless architectures', 687045, 1136, '2019-11-24 08:04:53', 2, null, 36, 1);
insert into objeto (objeto_id, nombre, descripcion, precio_inicial, codigo_barras, fecha_status, tipo_objeto, propietario_objeto_id, subasta_id, status_objeto_id) values (137, 'Vagram', 'transition frictionless relationships', 490965, 1137, '2020-02-11 02:44:52', 2, null, 87, 3);
insert into objeto (objeto_id, nombre, descripcion, precio_inicial, codigo_barras, fecha_status, tipo_objeto, propietario_objeto_id, subasta_id, status_objeto_id) values (138, 'Greenlam', 'recontextualize B2B relationships', 923158, 1138, '2019-10-09 21:09:30', 2, null, 91, 1);
insert into objeto (objeto_id, nombre, descripcion, precio_inicial, codigo_barras, fecha_status, tipo_objeto, propietario_objeto_id, subasta_id, status_objeto_id) values (139, 'Asoka', 'synergize 24/7 schemas', 618393, 1139, '2019-07-23 19:37:30', 2, null, 5, 3);
insert into objeto (objeto_id, nombre, descripcion, precio_inicial, codigo_barras, fecha_status, tipo_objeto, propietario_objeto_id, subasta_id, status_objeto_id) values (140, 'Otcom', 'extend extensible networks', 106233, 1140, '2019-08-17 11:41:22', 2, null, 14, 1);
insert into objeto (objeto_id, nombre, descripcion, precio_inicial, codigo_barras, fecha_status, tipo_objeto, propietario_objeto_id, subasta_id, status_objeto_id) values (141, 'Wrapsafe', 'expedite proactive synergies', 519120, 1141, '2019-08-04 02:13:37', 2, null, 81, 2);
insert into objeto (objeto_id, nombre, descripcion, precio_inicial, codigo_barras, fecha_status, tipo_objeto, propietario_objeto_id, subasta_id, status_objeto_id) values (142, 'Trippledex', 'synergize strategic experiences', 803039, 1142, '2019-12-25 00:02:29', 2, null, 1, 3);
insert into objeto (objeto_id, nombre, descripcion, precio_inicial, codigo_barras, fecha_status, tipo_objeto, propietario_objeto_id, subasta_id, status_objeto_id) values (143, 'Overhold', 'evolve proactive partnerships', 949345, 1143, '2020-02-09 09:50:43', 2, null, 68, 2);
insert into objeto (objeto_id, nombre, descripcion, precio_inicial, codigo_barras, fecha_status, tipo_objeto, propietario_objeto_id, subasta_id, status_objeto_id) values (144, 'Duobam', 'drive web-enabled functionalities', 291688, 1144, '2019-08-03 19:32:45', 2, null, 62, 3);
insert into objeto (objeto_id, nombre, descripcion, precio_inicial, codigo_barras, fecha_status, tipo_objeto, propietario_objeto_id, subasta_id, status_objeto_id) values (145, 'Konklab', 'leverage synergistic content', 708076, 1145, '2020-04-13 19:21:17', 2, null, 44, 1);
insert into objeto (objeto_id, nombre, descripcion, precio_inicial, codigo_barras, fecha_status, tipo_objeto, propietario_objeto_id, subasta_id, status_objeto_id) values (146, 'Bigtax', 'incubate turn-key eyeballs', 544826, 1146, '2019-06-27 09:42:09', 2, null, 53, 1);
insert into objeto (objeto_id, nombre, descripcion, precio_inicial, codigo_barras, fecha_status, tipo_objeto, propietario_objeto_id, subasta_id, status_objeto_id) values (147, 'Zontrax', 'target strategic synergies', 979578, 1147, '2019-12-15 04:09:24', 2, null, 87, 2);
insert into objeto (objeto_id, nombre, descripcion, precio_inicial, codigo_barras, fecha_status, tipo_objeto, propietario_objeto_id, subasta_id, status_objeto_id) values (148, 'Fixflex', 'expedite leading-edge communities', 808954, 1148, '2019-10-19 04:32:49', 2, null, 61, 3);
insert into objeto (objeto_id, nombre, descripcion, precio_inicial, codigo_barras, fecha_status, tipo_objeto, propietario_objeto_id, subasta_id, status_objeto_id) values (149, 'Lotstring', 'iterate value-added action-items', 300355, 1149, '2020-02-20 19:17:32', 2, null, 43, 3);
insert into objeto (objeto_id, nombre, descripcion, precio_inicial, codigo_barras, fecha_status, tipo_objeto, propietario_objeto_id, subasta_id, status_objeto_id) values (150, 'Keylex', 'aggregate back-end portals', 13255, 1150, '2019-10-31 01:56:24', 2, null, 49, 2);
insert into objeto (objeto_id, nombre, descripcion, precio_inicial, codigo_barras, fecha_status, tipo_objeto, propietario_objeto_id, subasta_id, status_objeto_id) values (151, 'Overhold', 'expedite magnetic portals', 754401, 1151, '2020-06-09 15:09:13', 2, null, 61, 2);
insert into objeto (objeto_id, nombre, descripcion, precio_inicial, codigo_barras, fecha_status, tipo_objeto, propietario_objeto_id, subasta_id, status_objeto_id) values (152, 'Zontrax', 'grow efficient applications', 140384, 1152, '2019-09-19 12:42:44', 2, null, 9, 1);
insert into objeto (objeto_id, nombre, descripcion, precio_inicial, codigo_barras, fecha_status, tipo_objeto, propietario_objeto_id, subasta_id, status_objeto_id) values (153, 'Home Ing', 'engineer mission-critical metrics', 269239, 1153, '2019-07-29 11:50:55', 2, null, 61, 1);
insert into objeto (objeto_id, nombre, descripcion, precio_inicial, codigo_barras, fecha_status, tipo_objeto, propietario_objeto_id, subasta_id, status_objeto_id) values (154, 'Stringtough', 'brand one-to-one initiatives', 21356, 1154, '2020-01-17 06:03:26', 2, null, 60, 2);
insert into objeto (objeto_id, nombre, descripcion, precio_inicial, codigo_barras, fecha_status, tipo_objeto, propietario_objeto_id, subasta_id, status_objeto_id) values (155, 'Bytecard', 'strategize e-business e-tailers', 291756, 1155, '2020-01-30 01:00:52', 2, null, 44, 3);
insert into objeto (objeto_id, nombre, descripcion, precio_inicial, codigo_barras, fecha_status, tipo_objeto, propietario_objeto_id, subasta_id, status_objeto_id) values (156, 'Sub-Ex', 'optimize viral supply-chains', 569764, 1156, '2019-09-14 21:44:17', 2, null, 8, 2);
insert into objeto (objeto_id, nombre, descripcion, precio_inicial, codigo_barras, fecha_status, tipo_objeto, propietario_objeto_id, subasta_id, status_objeto_id) values (157, 'Hatity', 'enable end-to-end methodologies', 857248, 1157, '2019-06-30 19:36:02', 2, null, 51, 3);
insert into objeto (objeto_id, nombre, descripcion, precio_inicial, codigo_barras, fecha_status, tipo_objeto, propietario_objeto_id, subasta_id, status_objeto_id) values (158, 'Sonair', 'engage global initiatives', 492958, 1158, '2020-03-19 19:15:26', 2, null, 3, 2);
insert into objeto (objeto_id, nombre, descripcion, precio_inicial, codigo_barras, fecha_status, tipo_objeto, propietario_objeto_id, subasta_id, status_objeto_id) values (159, 'Cardguard', 'envisioneer rich markets', 146755, 1159, '2019-09-28 13:51:57', 2, null, 16, 1);
insert into objeto (objeto_id, nombre, descripcion, precio_inicial, codigo_barras, fecha_status, tipo_objeto, propietario_objeto_id, subasta_id, status_objeto_id) values (160, 'Voltsillam', 'implement vertical e-tailers', 811029, 1160, '2019-10-19 16:18:29', 2, null, 24, 1);
insert into objeto (objeto_id, nombre, descripcion, precio_inicial, codigo_barras, fecha_status, tipo_objeto, propietario_objeto_id, subasta_id, status_objeto_id) values (161, 'Fix San', 'expedite bricks-and-clicks solutions', 825690, 1161, '2020-03-12 11:04:13', 2, null, 96, 1);
insert into objeto (objeto_id, nombre, descripcion, precio_inicial, codigo_barras, fecha_status, tipo_objeto, propietario_objeto_id, subasta_id, status_objeto_id) values (162, 'Temp', 'reinvent impactful systems', 871021, 1162, '2019-07-07 13:26:39', 2, null, 76, 2);
insert into objeto (objeto_id, nombre, descripcion, precio_inicial, codigo_barras, fecha_status, tipo_objeto, propietario_objeto_id, subasta_id, status_objeto_id) values (163, 'Tin', 'syndicate interactive initiatives', 132197, 1163, '2020-02-21 21:32:48', 2, null, 70, 1);
insert into objeto (objeto_id, nombre, descripcion, precio_inicial, codigo_barras, fecha_status, tipo_objeto, propietario_objeto_id, subasta_id, status_objeto_id) values (164, 'Sonair', 'scale strategic interfaces', 838945, 1164, '2019-11-24 04:32:26', 2, null, 63, 1);
insert into objeto (objeto_id, nombre, descripcion, precio_inicial, codigo_barras, fecha_status, tipo_objeto, propietario_objeto_id, subasta_id, status_objeto_id) values (165, 'Temp', 'benchmark cross-platform mindshare', 100061, 1165, '2020-06-13 23:32:09', 2, null, 4, 3);
insert into objeto (objeto_id, nombre, descripcion, precio_inicial, codigo_barras, fecha_status, tipo_objeto, propietario_objeto_id, subasta_id, status_objeto_id) values (166, 'Fixflex', 'mesh best-of-breed methodologies', 80103, 1166, '2020-05-23 05:18:47', 2, null, 91, 2);
insert into objeto (objeto_id, nombre, descripcion, precio_inicial, codigo_barras, fecha_status, tipo_objeto, propietario_objeto_id, subasta_id, status_objeto_id) values (167, 'Kanlam', 'utilize back-end schemas', 449129, 1167, '2019-07-30 09:15:52', 2, null, 50, 3);
insert into objeto (objeto_id, nombre, descripcion, precio_inicial, codigo_barras, fecha_status, tipo_objeto, propietario_objeto_id, subasta_id, status_objeto_id) values (168, 'Bitchip', 'exploit seamless channels', 730852, 1168, '2019-09-14 01:19:43', 2, null, 28, 3);
insert into objeto (objeto_id, nombre, descripcion, precio_inicial, codigo_barras, fecha_status, tipo_objeto, propietario_objeto_id, subasta_id, status_objeto_id) values (169, 'Flowdesk', 'harness dot-com infrastructures', 343684, 1169, '2020-04-19 02:17:11', 2, 211, 44, 1);
insert into objeto (objeto_id, nombre, descripcion, precio_inicial, codigo_barras, fecha_status, tipo_objeto, propietario_objeto_id, subasta_id, status_objeto_id) values (170, 'Namfix', 'deliver open-source markets', 453488, 1170, '2019-11-30 08:43:09', 2, null, 17, 2);
insert into objeto (objeto_id, nombre, descripcion, precio_inicial, codigo_barras, fecha_status, tipo_objeto, propietario_objeto_id, subasta_id, status_objeto_id) values (171, 'Quo Lux', 'scale B2B eyeballs', 802798, 1171, '2020-04-15 03:35:32', 2, null, 56, 3);
insert into objeto (objeto_id, nombre, descripcion, precio_inicial, codigo_barras, fecha_status, tipo_objeto, propietario_objeto_id, subasta_id, status_objeto_id) values (172, 'Daltfresh', 'facilitate impactful functionalities', 808179, 1172, '2019-10-27 03:29:34', 2, null, 49, 3);
insert into objeto (objeto_id, nombre, descripcion, precio_inicial, codigo_barras, fecha_status, tipo_objeto, propietario_objeto_id, subasta_id, status_objeto_id) values (173, 'Stringtough', 'mesh value-added communities', 879172, 1173, '2020-04-07 06:53:06', 2, null, 75, 2);
insert into objeto (objeto_id, nombre, descripcion, precio_inicial, codigo_barras, fecha_status, tipo_objeto, propietario_objeto_id, subasta_id, status_objeto_id) values (174, 'Voyatouch', 'target interactive interfaces', 804264, 1174, '2019-10-06 19:25:56', 2, null, 78, 2);
insert into objeto (objeto_id, nombre, descripcion, precio_inicial, codigo_barras, fecha_status, tipo_objeto, propietario_objeto_id, subasta_id, status_objeto_id) values (175, 'Tresom', 'reintermediate efficient channels', 908386, 1175, '2019-06-25 04:38:11', 2, 379, 7, 2);
insert into objeto (objeto_id, nombre, descripcion, precio_inicial, codigo_barras, fecha_status, tipo_objeto, propietario_objeto_id, subasta_id, status_objeto_id) values (176, 'Andalax', 'target granular metrics', 870113, 1176, '2020-04-18 11:47:48', 2, 201, 15, 1);
insert into objeto (objeto_id, nombre, descripcion, precio_inicial, codigo_barras, fecha_status, tipo_objeto, propietario_objeto_id, subasta_id, status_objeto_id) values (177, 'Bigtax', 'innovate bleeding-edge e-business', 549245, 1177, '2019-12-28 04:05:22', 2, null, 21, 2);
insert into objeto (objeto_id, nombre, descripcion, precio_inicial, codigo_barras, fecha_status, tipo_objeto, propietario_objeto_id, subasta_id, status_objeto_id) values (178, 'Kanlam', 'aggregate best-of-breed e-tailers', 576256, 1178, '2020-03-06 14:42:20', 2, null, 42, 1);
insert into objeto (objeto_id, nombre, descripcion, precio_inicial, codigo_barras, fecha_status, tipo_objeto, propietario_objeto_id, subasta_id, status_objeto_id) values (179, 'Otcom', 'e-enable innovative markets', 961181, 1179, '2019-09-26 10:47:15', 2, null, 23, 3);
insert into objeto (objeto_id, nombre, descripcion, precio_inicial, codigo_barras, fecha_status, tipo_objeto, propietario_objeto_id, subasta_id, status_objeto_id) values (180, 'Subin', 'grow innovative convergence', 203144, 1180, '2019-09-17 15:06:49', 2, null, 29, 2);
insert into objeto (objeto_id, nombre, descripcion, precio_inicial, codigo_barras, fecha_status, tipo_objeto, propietario_objeto_id, subasta_id, status_objeto_id) values (181, 'Sonair', 'visualize user-centric communities', 252742, 1181, '2019-12-03 04:27:47', 2, 361, 28, 1);
insert into objeto (objeto_id, nombre, descripcion, precio_inicial, codigo_barras, fecha_status, tipo_objeto, propietario_objeto_id, subasta_id, status_objeto_id) values (182, 'Trippledex', 'enhance open-source paradigms', 130611, 1182, '2020-06-12 20:05:37', 2, null, 25, 1);
insert into objeto (objeto_id, nombre, descripcion, precio_inicial, codigo_barras, fecha_status, tipo_objeto, propietario_objeto_id, subasta_id, status_objeto_id) values (183, 'Fix San', 'architect leading-edge markets', 211668, 1183, '2019-12-06 14:59:37', 2, null, 87, 3);
insert into objeto (objeto_id, nombre, descripcion, precio_inicial, codigo_barras, fecha_status, tipo_objeto, propietario_objeto_id, subasta_id, status_objeto_id) values (184, 'Prodder', 'iterate cross-platform supply-chains', 25505, 1184, '2020-01-26 12:31:50', 2, 836, 48, 1);
insert into objeto (objeto_id, nombre, descripcion, precio_inicial, codigo_barras, fecha_status, tipo_objeto, propietario_objeto_id, subasta_id, status_objeto_id) values (185, 'Tampflex', 'matrix cutting-edge e-tailers', 226708, 1185, '2020-04-08 08:20:18', 2, null, 17, 2);
insert into objeto (objeto_id, nombre, descripcion, precio_inicial, codigo_barras, fecha_status, tipo_objeto, propietario_objeto_id, subasta_id, status_objeto_id) values (186, 'Cardify', 'target visionary e-business', 69225, 1186, '2020-05-20 10:07:07', 2, null, 87, 2);
insert into objeto (objeto_id, nombre, descripcion, precio_inicial, codigo_barras, fecha_status, tipo_objeto, propietario_objeto_id, subasta_id, status_objeto_id) values (187, 'Cookley', 'aggregate mission-critical infomediaries', 772649, 1187, '2019-10-27 06:22:03', 2, null, 97, 3);
insert into objeto (objeto_id, nombre, descripcion, precio_inicial, codigo_barras, fecha_status, tipo_objeto, propietario_objeto_id, subasta_id, status_objeto_id) values (188, 'Lotlux', 'scale value-added platforms', 371190, 1188, '2020-05-24 06:43:55', 2, null, 45, 1);
insert into objeto (objeto_id, nombre, descripcion, precio_inicial, codigo_barras, fecha_status, tipo_objeto, propietario_objeto_id, subasta_id, status_objeto_id) values (189, 'Cardify', 'visualize world-class infomediaries', 43531, 1189, '2020-06-10 20:56:46', 2, 85, 38, 2);
insert into objeto (objeto_id, nombre, descripcion, precio_inicial, codigo_barras, fecha_status, tipo_objeto, propietario_objeto_id, subasta_id, status_objeto_id) values (190, 'Redhold', 'engineer one-to-one eyeballs', 945994, 1190, '2019-10-02 17:21:36', 2, null, 84, 3);
insert into objeto (objeto_id, nombre, descripcion, precio_inicial, codigo_barras, fecha_status, tipo_objeto, propietario_objeto_id, subasta_id, status_objeto_id) values (191, 'Tresom', 'target scalable initiatives', 486597, 1191, '2019-11-30 04:30:48', 2, 710, 41, 2);
insert into objeto (objeto_id, nombre, descripcion, precio_inicial, codigo_barras, fecha_status, tipo_objeto, propietario_objeto_id, subasta_id, status_objeto_id) values (192, 'Alpha', 'envisioneer turn-key users', 479740, 1192, '2020-01-23 22:39:43', 2, 861, 2, 3);
insert into objeto (objeto_id, nombre, descripcion, precio_inicial, codigo_barras, fecha_status, tipo_objeto, propietario_objeto_id, subasta_id, status_objeto_id) values (193, 'Quo Lux', 'embrace revolutionary content', 957444, 1193, '2020-01-20 16:06:17', 2, null, 76, 2);
insert into objeto (objeto_id, nombre, descripcion, precio_inicial, codigo_barras, fecha_status, tipo_objeto, propietario_objeto_id, subasta_id, status_objeto_id) values (194, 'Rank', 'envisioneer turn-key e-services', 301673, 1194, '2019-10-29 21:53:39', 2, null, 46, 3);
insert into objeto (objeto_id, nombre, descripcion, precio_inicial, codigo_barras, fecha_status, tipo_objeto, propietario_objeto_id, subasta_id, status_objeto_id) values (195, 'Sonsing', 'redefine open-source paradigms', 909228, 1195, '2019-09-13 13:37:34', 2, null, 72, 1);
insert into objeto (objeto_id, nombre, descripcion, precio_inicial, codigo_barras, fecha_status, tipo_objeto, propietario_objeto_id, subasta_id, status_objeto_id) values (196, 'Fixflex', 'incubate visionary models', 944727, 1196, '2019-11-11 00:32:37', 2, null, 61, 2);
insert into objeto (objeto_id, nombre, descripcion, precio_inicial, codigo_barras, fecha_status, tipo_objeto, propietario_objeto_id, subasta_id, status_objeto_id) values (197, 'Flowdesk', 'reintermediate out-of-the-box deliverables', 841811, 1197, '2019-12-05 12:33:33', 2, null, 69, 2);
insert into objeto (objeto_id, nombre, descripcion, precio_inicial, codigo_barras, fecha_status, tipo_objeto, propietario_objeto_id, subasta_id, status_objeto_id) values (198, 'Regrant', 'benchmark B2C applications', 994229, 1198, '2019-08-18 18:27:46', 2, null, 79, 1);
insert into objeto (objeto_id, nombre, descripcion, precio_inicial, codigo_barras, fecha_status, tipo_objeto, propietario_objeto_id, subasta_id, status_objeto_id) values (199, 'Cookley', 'exploit dynamic deliverables', 606011, 1199, '2020-03-09 01:09:42', 2, null, 63, 2);
insert into objeto (objeto_id, nombre, descripcion, precio_inicial, codigo_barras, fecha_status, tipo_objeto, propietario_objeto_id, subasta_id, status_objeto_id) values (200, 'Aerified', 'benchmark proactive convergence', 474291, 1200, '2019-08-04 17:02:44', 2, null, 46, 2);
insert into objeto (objeto_id, nombre, descripcion, precio_inicial, codigo_barras, fecha_status, tipo_objeto, propietario_objeto_id, subasta_id, status_objeto_id) values (201, 'Voltsillam', 'morph scalable technologies', 734791, 1201, '2019-11-03 06:37:25', 3, null, 28, 3);
insert into objeto (objeto_id, nombre, descripcion, precio_inicial, codigo_barras, fecha_status, tipo_objeto, propietario_objeto_id, subasta_id, status_objeto_id) values (202, 'Matsoft', 'synergize out-of-the-box functionalities', 425859, 1202, '2019-08-11 04:13:00', 3, 951, 61, 1);
insert into objeto (objeto_id, nombre, descripcion, precio_inicial, codigo_barras, fecha_status, tipo_objeto, propietario_objeto_id, subasta_id, status_objeto_id) values (203, 'Ronstring', 'deliver plug-and-play networks', 59416, 1203, '2019-07-17 01:04:08', 3, null, 34, 1);
insert into objeto (objeto_id, nombre, descripcion, precio_inicial, codigo_barras, fecha_status, tipo_objeto, propietario_objeto_id, subasta_id, status_objeto_id) values (204, 'Daltfresh', 'recontextualize bricks-and-clicks networks', 877829, 1204, '2020-02-01 22:11:39', 3, null, 39, 1);
insert into objeto (objeto_id, nombre, descripcion, precio_inicial, codigo_barras, fecha_status, tipo_objeto, propietario_objeto_id, subasta_id, status_objeto_id) values (205, 'Tampflex', 'extend wireless e-tailers', 792479, 1205, '2020-06-11 09:00:16', 3, null, 99, 3);
insert into objeto (objeto_id, nombre, descripcion, precio_inicial, codigo_barras, fecha_status, tipo_objeto, propietario_objeto_id, subasta_id, status_objeto_id) values (206, 'Fixflex', 'implement mission-critical relationships', 33488, 1206, '2020-03-22 09:10:48', 3, null, 23, 1);
insert into objeto (objeto_id, nombre, descripcion, precio_inicial, codigo_barras, fecha_status, tipo_objeto, propietario_objeto_id, subasta_id, status_objeto_id) values (207, 'Temp', 'synthesize wireless e-markets', 335600, 1207, '2020-03-05 18:35:01', 3, null, 3, 3);
insert into objeto (objeto_id, nombre, descripcion, precio_inicial, codigo_barras, fecha_status, tipo_objeto, propietario_objeto_id, subasta_id, status_objeto_id) values (208, 'Konklab', 'implement sticky content', 31645, 1208, '2019-07-07 08:30:17', 3, null, 79, 2);
insert into objeto (objeto_id, nombre, descripcion, precio_inicial, codigo_barras, fecha_status, tipo_objeto, propietario_objeto_id, subasta_id, status_objeto_id) values (209, 'Andalax', 'mesh synergistic convergence', 518624, 1209, '2020-01-26 00:41:44', 3, null, 89, 1);
insert into objeto (objeto_id, nombre, descripcion, precio_inicial, codigo_barras, fecha_status, tipo_objeto, propietario_objeto_id, subasta_id, status_objeto_id) values (210, 'Keylex', 'implement plug-and-play platforms', 324361, 1210, '2020-01-25 09:35:04', 3, null, 98, 3);
insert into objeto (objeto_id, nombre, descripcion, precio_inicial, codigo_barras, fecha_status, tipo_objeto, propietario_objeto_id, subasta_id, status_objeto_id) values (211, 'Veribet', 'deliver one-to-one architectures', 13488, 1211, '2019-09-29 01:12:35', 3, null, 98, 2);
insert into objeto (objeto_id, nombre, descripcion, precio_inicial, codigo_barras, fecha_status, tipo_objeto, propietario_objeto_id, subasta_id, status_objeto_id) values (212, 'Temp', 'facilitate rich technologies', 978506, 1212, '2020-03-27 07:57:33', 3, null, 27, 3);
insert into objeto (objeto_id, nombre, descripcion, precio_inicial, codigo_barras, fecha_status, tipo_objeto, propietario_objeto_id, subasta_id, status_objeto_id) values (213, 'Solarbreeze', 'scale leading-edge communities', 817847, 1213, '2019-08-13 23:51:44', 3, null, 80, 2);
insert into objeto (objeto_id, nombre, descripcion, precio_inicial, codigo_barras, fecha_status, tipo_objeto, propietario_objeto_id, subasta_id, status_objeto_id) values (214, 'Ventosanzap', 'productize one-to-one platforms', 27316, 1214, '2019-07-15 15:23:26', 3, null, 69, 2);
insert into objeto (objeto_id, nombre, descripcion, precio_inicial, codigo_barras, fecha_status, tipo_objeto, propietario_objeto_id, subasta_id, status_objeto_id) values (215, 'Bytecard', 'grow front-end channels', 944750, 1215, '2020-05-21 20:28:03', 3, null, 19, 3);
insert into objeto (objeto_id, nombre, descripcion, precio_inicial, codigo_barras, fecha_status, tipo_objeto, propietario_objeto_id, subasta_id, status_objeto_id) values (216, 'Sub-Ex', 'implement magnetic infrastructures', 756740, 1216, '2020-01-31 13:40:10', 3, null, 47, 3);
insert into objeto (objeto_id, nombre, descripcion, precio_inicial, codigo_barras, fecha_status, tipo_objeto, propietario_objeto_id, subasta_id, status_objeto_id) values (217, 'Toughjoyfax', 'orchestrate magnetic e-markets', 407996, 1217, '2019-12-29 20:15:21', 3, null, 64, 3);
insert into objeto (objeto_id, nombre, descripcion, precio_inicial, codigo_barras, fecha_status, tipo_objeto, propietario_objeto_id, subasta_id, status_objeto_id) values (218, 'Sub-Ex', 'empower innovative models', 145349, 1218, '2020-05-31 20:42:48', 3, null, 39, 2);
insert into objeto (objeto_id, nombre, descripcion, precio_inicial, codigo_barras, fecha_status, tipo_objeto, propietario_objeto_id, subasta_id, status_objeto_id) values (219, 'Subin', 'transition distributed networks', 830093, 1219, '2020-05-13 03:10:01', 3, null, 54, 1);
insert into objeto (objeto_id, nombre, descripcion, precio_inicial, codigo_barras, fecha_status, tipo_objeto, propietario_objeto_id, subasta_id, status_objeto_id) values (220, 'Fixflex', 'deploy bleeding-edge experiences', 19701, 1220, '2019-06-20 21:06:40', 3, null, 71, 3);
insert into objeto (objeto_id, nombre, descripcion, precio_inicial, codigo_barras, fecha_status, tipo_objeto, propietario_objeto_id, subasta_id, status_objeto_id) values (221, 'Gembucket', 'benchmark interactive initiatives', 664613, 1221, '2020-01-22 07:01:31', 3, null, 68, 1);
insert into objeto (objeto_id, nombre, descripcion, precio_inicial, codigo_barras, fecha_status, tipo_objeto, propietario_objeto_id, subasta_id, status_objeto_id) values (222, 'Kanlam', 'brand next-generation solutions', 785257, 1222, '2020-01-06 12:16:40', 3, null, 91, 3);
insert into objeto (objeto_id, nombre, descripcion, precio_inicial, codigo_barras, fecha_status, tipo_objeto, propietario_objeto_id, subasta_id, status_objeto_id) values (223, 'Bytecard', 'repurpose e-business models', 936803, 1223, '2020-02-25 03:12:31', 3, null, 45, 3);
insert into objeto (objeto_id, nombre, descripcion, precio_inicial, codigo_barras, fecha_status, tipo_objeto, propietario_objeto_id, subasta_id, status_objeto_id) values (224, 'Viva', 'architect efficient solutions', 634345, 1224, '2019-11-23 20:53:49', 3, null, 74, 3);
insert into objeto (objeto_id, nombre, descripcion, precio_inicial, codigo_barras, fecha_status, tipo_objeto, propietario_objeto_id, subasta_id, status_objeto_id) values (225, 'Hatity', 'engage web-enabled platforms', 499852, 1225, '2020-05-25 15:46:41', 3, null, 45, 1);
insert into objeto (objeto_id, nombre, descripcion, precio_inicial, codigo_barras, fecha_status, tipo_objeto, propietario_objeto_id, subasta_id, status_objeto_id) values (226, 'Pannier', 'exploit value-added deliverables', 659245, 1226, '2020-06-05 05:09:14', 3, null, 7, 2);
insert into objeto (objeto_id, nombre, descripcion, precio_inicial, codigo_barras, fecha_status, tipo_objeto, propietario_objeto_id, subasta_id, status_objeto_id) values (227, 'Veribet', 'reintermediate intuitive methodologies', 248031, 1227, '2019-07-15 17:47:48', 3, null, 44, 2);
insert into objeto (objeto_id, nombre, descripcion, precio_inicial, codigo_barras, fecha_status, tipo_objeto, propietario_objeto_id, subasta_id, status_objeto_id) values (228, 'Quo Lux', 'e-enable leading-edge infrastructures', 32892, 1228, '2019-08-09 19:44:16', 3, null, 11, 3);
insert into objeto (objeto_id, nombre, descripcion, precio_inicial, codigo_barras, fecha_status, tipo_objeto, propietario_objeto_id, subasta_id, status_objeto_id) values (229, 'Tresom', 'implement efficient channels', 371598, 1229, '2019-11-01 10:46:05', 3, null, 90, 1);
insert into objeto (objeto_id, nombre, descripcion, precio_inicial, codigo_barras, fecha_status, tipo_objeto, propietario_objeto_id, subasta_id, status_objeto_id) values (230, 'Fintone', 'revolutionize mission-critical interfaces', 294853, 1230, '2020-02-11 01:36:10', 3, null, 48, 1);
insert into objeto (objeto_id, nombre, descripcion, precio_inicial, codigo_barras, fecha_status, tipo_objeto, propietario_objeto_id, subasta_id, status_objeto_id) values (231, 'Hatity', 'enhance customized systems', 625509, 1231, '2019-12-13 20:14:51', 3, null, 36, 1);
insert into objeto (objeto_id, nombre, descripcion, precio_inicial, codigo_barras, fecha_status, tipo_objeto, propietario_objeto_id, subasta_id, status_objeto_id) values (232, 'Y-find', 'strategize impactful web services', 934484, 1232, '2019-07-23 19:30:26', 3, null, 25, 3);
insert into objeto (objeto_id, nombre, descripcion, precio_inicial, codigo_barras, fecha_status, tipo_objeto, propietario_objeto_id, subasta_id, status_objeto_id) values (233, 'Biodex', 'mesh mission-critical experiences', 459190, 1233, '2019-12-11 02:09:44', 3, null, 53, 1);
insert into objeto (objeto_id, nombre, descripcion, precio_inicial, codigo_barras, fecha_status, tipo_objeto, propietario_objeto_id, subasta_id, status_objeto_id) values (234, 'Holdlamis', 'revolutionize user-centric deliverables', 141832, 1234, '2019-12-02 04:26:51', 3, null, 39, 3);
insert into objeto (objeto_id, nombre, descripcion, precio_inicial, codigo_barras, fecha_status, tipo_objeto, propietario_objeto_id, subasta_id, status_objeto_id) values (235, 'Zamit', 'cultivate collaborative infomediaries', 427559, 1235, '2019-10-21 08:11:01', 3, null, 38, 3);
insert into objeto (objeto_id, nombre, descripcion, precio_inicial, codigo_barras, fecha_status, tipo_objeto, propietario_objeto_id, subasta_id, status_objeto_id) values (236, 'Kanlam', 'implement seamless vortals', 983214, 1236, '2019-12-09 09:25:05', 3, null, 74, 2);
insert into objeto (objeto_id, nombre, descripcion, precio_inicial, codigo_barras, fecha_status, tipo_objeto, propietario_objeto_id, subasta_id, status_objeto_id) values (237, 'Mat Lam Tam', 'engage bricks-and-clicks systems', 921747, 1237, '2019-11-24 17:09:31', 3, null, 33, 1);
insert into objeto (objeto_id, nombre, descripcion, precio_inicial, codigo_barras, fecha_status, tipo_objeto, propietario_objeto_id, subasta_id, status_objeto_id) values (238, 'Veribet', 'engineer extensible web services', 805337, 1238, '2020-04-18 15:37:38', 3, null, 47, 1);
insert into objeto (objeto_id, nombre, descripcion, precio_inicial, codigo_barras, fecha_status, tipo_objeto, propietario_objeto_id, subasta_id, status_objeto_id) values (239, 'Fintone', 'streamline open-source mindshare', 812087, 1239, '2019-12-11 11:20:41', 3, null, 82, 2);
insert into objeto (objeto_id, nombre, descripcion, precio_inicial, codigo_barras, fecha_status, tipo_objeto, propietario_objeto_id, subasta_id, status_objeto_id) values (240, 'Trippledex', 'innovate frictionless vortals', 166504, 1240, '2019-07-28 23:29:21', 3, null, 30, 3);
insert into objeto (objeto_id, nombre, descripcion, precio_inicial, codigo_barras, fecha_status, tipo_objeto, propietario_objeto_id, subasta_id, status_objeto_id) values (241, 'Zamit', 'reintermediate revolutionary platforms', 90396, 1241, '2020-05-31 09:20:29', 3, null, 64, 2);
insert into objeto (objeto_id, nombre, descripcion, precio_inicial, codigo_barras, fecha_status, tipo_objeto, propietario_objeto_id, subasta_id, status_objeto_id) values (242, 'Gembucket', 'cultivate proactive methodologies', 906896, 1242, '2020-05-13 13:14:39', 3, null, 54, 2);
insert into objeto (objeto_id, nombre, descripcion, precio_inicial, codigo_barras, fecha_status, tipo_objeto, propietario_objeto_id, subasta_id, status_objeto_id) values (243, 'Span', 'transform seamless interfaces', 619059, 1243, '2019-11-22 23:04:14', 3, null, 38, 3);
insert into objeto (objeto_id, nombre, descripcion, precio_inicial, codigo_barras, fecha_status, tipo_objeto, propietario_objeto_id, subasta_id, status_objeto_id) values (244, 'Domainer', 'monetize impactful relationships', 548805, 1244, '2019-09-25 21:11:32', 3, null, 93, 1);
insert into objeto (objeto_id, nombre, descripcion, precio_inicial, codigo_barras, fecha_status, tipo_objeto, propietario_objeto_id, subasta_id, status_objeto_id) values (245, 'It', 'facilitate sticky action-items', 520979, 1245, '2020-02-01 08:03:34', 3, null, 77, 3);
insert into objeto (objeto_id, nombre, descripcion, precio_inicial, codigo_barras, fecha_status, tipo_objeto, propietario_objeto_id, subasta_id, status_objeto_id) values (246, 'Cookley', 'transition virtual content', 592137, 1246, '2019-12-29 22:27:47', 3, null, 24, 1);
insert into objeto (objeto_id, nombre, descripcion, precio_inicial, codigo_barras, fecha_status, tipo_objeto, propietario_objeto_id, subasta_id, status_objeto_id) values (247, 'Viva', 'engage out-of-the-box channels', 429356, 1247, '2019-11-19 15:00:14', 3, null, 79, 1);
insert into objeto (objeto_id, nombre, descripcion, precio_inicial, codigo_barras, fecha_status, tipo_objeto, propietario_objeto_id, subasta_id, status_objeto_id) values (248, 'Gembucket', 'transform clicks-and-mortar solutions', 786166, 1248, '2020-03-13 01:45:09', 3, null, 10, 3);
insert into objeto (objeto_id, nombre, descripcion, precio_inicial, codigo_barras, fecha_status, tipo_objeto, propietario_objeto_id, subasta_id, status_objeto_id) values (249, 'Daltfresh', 'visualize collaborative platforms', 821723, 1249, '2019-09-16 16:46:34', 3, null, 38, 2);
insert into objeto (objeto_id, nombre, descripcion, precio_inicial, codigo_barras, fecha_status, tipo_objeto, propietario_objeto_id, subasta_id, status_objeto_id) values (250, 'Keylex', 'repurpose clicks-and-mortar infomediaries', 219963, 1250, '2020-04-10 22:24:11', 3, null, 42, 2);
insert into objeto (objeto_id, nombre, descripcion, precio_inicial, codigo_barras, fecha_status, tipo_objeto, propietario_objeto_id, subasta_id, status_objeto_id) values (251, 'Overhold', 'monetize bricks-and-clicks infomediaries', 91292, 1251, '2019-12-19 19:08:58', 3, null, 77, 2);
insert into objeto (objeto_id, nombre, descripcion, precio_inicial, codigo_barras, fecha_status, tipo_objeto, propietario_objeto_id, subasta_id, status_objeto_id) values (252, 'Lotstring', 'transition integrated web-readiness', 218762, 1252, '2019-11-28 12:19:28', 3, null, 70, 3);
insert into objeto (objeto_id, nombre, descripcion, precio_inicial, codigo_barras, fecha_status, tipo_objeto, propietario_objeto_id, subasta_id, status_objeto_id) values (253, 'Keylex', 'envisioneer interactive users', 537221, 1253, '2019-09-23 22:14:36', 3, null, 41, 2);
insert into objeto (objeto_id, nombre, descripcion, precio_inicial, codigo_barras, fecha_status, tipo_objeto, propietario_objeto_id, subasta_id, status_objeto_id) values (254, 'Duobam', 'whiteboard scalable initiatives', 805363, 1254, '2020-01-18 16:03:41', 3, null, 28, 2);
insert into objeto (objeto_id, nombre, descripcion, precio_inicial, codigo_barras, fecha_status, tipo_objeto, propietario_objeto_id, subasta_id, status_objeto_id) values (255, 'Transcof', 'innovate cutting-edge web-readiness', 310452, 1255, '2020-01-23 04:44:32', 3, null, 10, 1);
insert into objeto (objeto_id, nombre, descripcion, precio_inicial, codigo_barras, fecha_status, tipo_objeto, propietario_objeto_id, subasta_id, status_objeto_id) values (256, 'Bamity', 'deliver plug-and-play technologies', 766768, 1256, '2020-02-02 22:46:39', 3, null, 6, 3);
insert into objeto (objeto_id, nombre, descripcion, precio_inicial, codigo_barras, fecha_status, tipo_objeto, propietario_objeto_id, subasta_id, status_objeto_id) values (257, 'Treeflex', 'embrace user-centric interfaces', 488002, 1257, '2019-12-14 05:59:03', 3, null, 55, 2);
insert into objeto (objeto_id, nombre, descripcion, precio_inicial, codigo_barras, fecha_status, tipo_objeto, propietario_objeto_id, subasta_id, status_objeto_id) values (258, 'Zamit', 'recontextualize synergistic convergence', 305369, 1258, '2020-05-15 02:29:51', 3, 632, 65, 2);
insert into objeto (objeto_id, nombre, descripcion, precio_inicial, codigo_barras, fecha_status, tipo_objeto, propietario_objeto_id, subasta_id, status_objeto_id) values (259, 'Otcom', 'streamline wireless technologies', 268532, 1259, '2020-05-11 06:53:25', 3, null, 33, 2);
insert into objeto (objeto_id, nombre, descripcion, precio_inicial, codigo_barras, fecha_status, tipo_objeto, propietario_objeto_id, subasta_id, status_objeto_id) values (260, 'Fix San', 'strategize sticky methodologies', 414040, 1260, '2019-11-09 23:19:34', 3, null, 97, 1);
insert into objeto (objeto_id, nombre, descripcion, precio_inicial, codigo_barras, fecha_status, tipo_objeto, propietario_objeto_id, subasta_id, status_objeto_id) values (261, 'Flowdesk', 'disintermediate global action-items', 352771, 1261, '2019-08-17 16:57:23', 3, null, 51, 2);
insert into objeto (objeto_id, nombre, descripcion, precio_inicial, codigo_barras, fecha_status, tipo_objeto, propietario_objeto_id, subasta_id, status_objeto_id) values (262, 'Fintone', 'facilitate end-to-end action-items', 302459, 1262, '2020-05-04 13:59:40', 3, null, 85, 3);
insert into objeto (objeto_id, nombre, descripcion, precio_inicial, codigo_barras, fecha_status, tipo_objeto, propietario_objeto_id, subasta_id, status_objeto_id) values (263, 'Treeflex', 'recontextualize plug-and-play content', 765330, 1263, '2019-07-16 08:29:51', 3, null, 35, 3);
insert into objeto (objeto_id, nombre, descripcion, precio_inicial, codigo_barras, fecha_status, tipo_objeto, propietario_objeto_id, subasta_id, status_objeto_id) values (264, 'Tresom', 'exploit intuitive supply-chains', 54477, 1264, '2019-11-30 12:04:31', 3, 700, 52, 1);
insert into objeto (objeto_id, nombre, descripcion, precio_inicial, codigo_barras, fecha_status, tipo_objeto, propietario_objeto_id, subasta_id, status_objeto_id) values (265, 'Gembucket', 'leverage sexy interfaces', 236222, 1265, '2020-03-13 01:23:08', 3, null, 85, 2);
insert into objeto (objeto_id, nombre, descripcion, precio_inicial, codigo_barras, fecha_status, tipo_objeto, propietario_objeto_id, subasta_id, status_objeto_id) values (266, 'Solarbreeze', 'exploit global initiatives', 564659, 1266, '2019-07-14 01:48:25', 3, null, 74, 1);
insert into objeto (objeto_id, nombre, descripcion, precio_inicial, codigo_barras, fecha_status, tipo_objeto, propietario_objeto_id, subasta_id, status_objeto_id) values (267, 'Cookley', 'target synergistic portals', 488683, 1267, '2019-12-03 02:59:51', 3, null, 5, 2);
insert into objeto (objeto_id, nombre, descripcion, precio_inicial, codigo_barras, fecha_status, tipo_objeto, propietario_objeto_id, subasta_id, status_objeto_id) values (268, 'Job', 'engineer front-end paradigms', 832323, 1268, '2020-05-16 23:25:46', 3, null, 85, 3);
insert into objeto (objeto_id, nombre, descripcion, precio_inicial, codigo_barras, fecha_status, tipo_objeto, propietario_objeto_id, subasta_id, status_objeto_id) values (269, 'Transcof', 'aggregate ubiquitous architectures', 474725, 1269, '2020-01-31 01:26:44', 3, null, 80, 1);
insert into objeto (objeto_id, nombre, descripcion, precio_inicial, codigo_barras, fecha_status, tipo_objeto, propietario_objeto_id, subasta_id, status_objeto_id) values (270, 'Zoolab', 'leverage bleeding-edge solutions', 884953, 1270, '2020-01-07 15:26:23', 3, null, 94, 3);
insert into objeto (objeto_id, nombre, descripcion, precio_inicial, codigo_barras, fecha_status, tipo_objeto, propietario_objeto_id, subasta_id, status_objeto_id) values (271, 'Zontrax', 'aggregate one-to-one solutions', 961511, 1271, '2019-12-28 04:58:08', 3, null, 94, 1);
insert into objeto (objeto_id, nombre, descripcion, precio_inicial, codigo_barras, fecha_status, tipo_objeto, propietario_objeto_id, subasta_id, status_objeto_id) values (272, 'Opela', 'leverage innovative interfaces', 547995, 1272, '2019-07-29 02:23:31', 3, null, 81, 2);
insert into objeto (objeto_id, nombre, descripcion, precio_inicial, codigo_barras, fecha_status, tipo_objeto, propietario_objeto_id, subasta_id, status_objeto_id) values (273, 'Lotstring', 'synthesize enterprise interfaces', 573271, 1273, '2020-03-29 14:39:06', 3, null, 21, 2);
insert into objeto (objeto_id, nombre, descripcion, precio_inicial, codigo_barras, fecha_status, tipo_objeto, propietario_objeto_id, subasta_id, status_objeto_id) values (274, 'Bamity', 'scale sexy functionalities', 301405, 1274, '2020-01-07 05:23:07', 3, null, 31, 3);
insert into objeto (objeto_id, nombre, descripcion, precio_inicial, codigo_barras, fecha_status, tipo_objeto, propietario_objeto_id, subasta_id, status_objeto_id) values (275, 'Bitchip', 'scale leading-edge action-items', 582332, 1275, '2020-05-17 06:06:08', 3, null, 22, 2);
insert into objeto (objeto_id, nombre, descripcion, precio_inicial, codigo_barras, fecha_status, tipo_objeto, propietario_objeto_id, subasta_id, status_objeto_id) values (276, 'Opela', 'enhance web-enabled ROI', 189137, 1276, '2019-11-26 18:33:09', 3, null, 84, 1);
insert into objeto (objeto_id, nombre, descripcion, precio_inicial, codigo_barras, fecha_status, tipo_objeto, propietario_objeto_id, subasta_id, status_objeto_id) values (277, 'Mat Lam Tam', 'enable plug-and-play content', 717831, 1277, '2020-02-13 08:09:40', 3, null, 5, 1);
insert into objeto (objeto_id, nombre, descripcion, precio_inicial, codigo_barras, fecha_status, tipo_objeto, propietario_objeto_id, subasta_id, status_objeto_id) values (278, 'Span', 'morph strategic platforms', 770478, 1278, '2020-04-19 21:52:28', 3, 658, 89, 2);
insert into objeto (objeto_id, nombre, descripcion, precio_inicial, codigo_barras, fecha_status, tipo_objeto, propietario_objeto_id, subasta_id, status_objeto_id) values (279, 'Aerified', 'monetize turn-key functionalities', 481060, 1279, '2020-04-09 10:35:25', 3, null, 9, 3);
insert into objeto (objeto_id, nombre, descripcion, precio_inicial, codigo_barras, fecha_status, tipo_objeto, propietario_objeto_id, subasta_id, status_objeto_id) values (280, 'Gembucket', 'expedite revolutionary methodologies', 484890, 1280, '2020-04-02 20:16:33', 3, null, 73, 3);
insert into objeto (objeto_id, nombre, descripcion, precio_inicial, codigo_barras, fecha_status, tipo_objeto, propietario_objeto_id, subasta_id, status_objeto_id) values (281, 'Flexidy', 'enable next-generation e-commerce', 241127, 1281, '2020-01-14 11:32:19', 3, null, 3, 2);
insert into objeto (objeto_id, nombre, descripcion, precio_inicial, codigo_barras, fecha_status, tipo_objeto, propietario_objeto_id, subasta_id, status_objeto_id) values (282, 'Bigtax', 'innovate back-end interfaces', 540291, 1282, '2019-10-26 15:28:29', 3, null, 72, 1);
insert into objeto (objeto_id, nombre, descripcion, precio_inicial, codigo_barras, fecha_status, tipo_objeto, propietario_objeto_id, subasta_id, status_objeto_id) values (283, 'Duobam', 'innovate next-generation niches', 24354, 1283, '2020-06-17 13:26:46', 3, null, 1, 3);
insert into objeto (objeto_id, nombre, descripcion, precio_inicial, codigo_barras, fecha_status, tipo_objeto, propietario_objeto_id, subasta_id, status_objeto_id) values (284, 'Voltsillam', 'synthesize rich web services', 785865, 1284, '2019-08-27 21:51:43', 3, null, 78, 3);
insert into objeto (objeto_id, nombre, descripcion, precio_inicial, codigo_barras, fecha_status, tipo_objeto, propietario_objeto_id, subasta_id, status_objeto_id) values (285, 'Bitwolf', 'optimize enterprise web services', 771527, 1285, '2020-01-16 06:29:30', 3, null, 19, 2);
insert into objeto (objeto_id, nombre, descripcion, precio_inicial, codigo_barras, fecha_status, tipo_objeto, propietario_objeto_id, subasta_id, status_objeto_id) values (286, 'Redhold', 'monetize efficient bandwidth', 124945, 1286, '2020-01-14 05:18:10', 3, null, 73, 2);
insert into objeto (objeto_id, nombre, descripcion, precio_inicial, codigo_barras, fecha_status, tipo_objeto, propietario_objeto_id, subasta_id, status_objeto_id) values (287, 'Bigtax', 'whiteboard end-to-end functionalities', 532969, 1287, '2020-02-05 19:36:49', 3, null, 91, 2);
insert into objeto (objeto_id, nombre, descripcion, precio_inicial, codigo_barras, fecha_status, tipo_objeto, propietario_objeto_id, subasta_id, status_objeto_id) values (288, 'Opela', 'iterate vertical web services', 798914, 1288, '2019-12-13 15:28:26', 3, null, 4, 2);
insert into objeto (objeto_id, nombre, descripcion, precio_inicial, codigo_barras, fecha_status, tipo_objeto, propietario_objeto_id, subasta_id, status_objeto_id) values (289, 'Konklux', 'maximize killer infrastructures', 971571, 1289, '2020-03-08 15:19:17', 3, null, 75, 2);
insert into objeto (objeto_id, nombre, descripcion, precio_inicial, codigo_barras, fecha_status, tipo_objeto, propietario_objeto_id, subasta_id, status_objeto_id) values (290, 'Voltsillam', 'revolutionize front-end ROI', 440620, 1290, '2020-05-29 03:06:47', 3, null, 20, 2);
insert into objeto (objeto_id, nombre, descripcion, precio_inicial, codigo_barras, fecha_status, tipo_objeto, propietario_objeto_id, subasta_id, status_objeto_id) values (291, 'Redhold', 'reintermediate bleeding-edge platforms', 449682, 1291, '2019-12-29 04:32:30', 3, null, 41, 1);
insert into objeto (objeto_id, nombre, descripcion, precio_inicial, codigo_barras, fecha_status, tipo_objeto, propietario_objeto_id, subasta_id, status_objeto_id) values (292, 'Mat Lam Tam', 'evolve bricks-and-clicks vortals', 72399, 1292, '2020-03-04 21:28:55', 3, null, 89, 3);
insert into objeto (objeto_id, nombre, descripcion, precio_inicial, codigo_barras, fecha_status, tipo_objeto, propietario_objeto_id, subasta_id, status_objeto_id) values (293, 'Otcom', 'target real-time experiences', 575057, 1293, '2020-01-20 09:33:11', 3, null, 71, 2);
insert into objeto (objeto_id, nombre, descripcion, precio_inicial, codigo_barras, fecha_status, tipo_objeto, propietario_objeto_id, subasta_id, status_objeto_id) values (294, 'Overhold', 'integrate sexy interfaces', 146684, 1294, '2019-08-17 04:05:42', 3, null, 43, 1);
insert into objeto (objeto_id, nombre, descripcion, precio_inicial, codigo_barras, fecha_status, tipo_objeto, propietario_objeto_id, subasta_id, status_objeto_id) values (295, 'Zathin', 'maximize global technologies', 427852, 1295, '2020-02-27 13:18:55', 3, null, 28, 3);
insert into objeto (objeto_id, nombre, descripcion, precio_inicial, codigo_barras, fecha_status, tipo_objeto, propietario_objeto_id, subasta_id, status_objeto_id) values (296, 'Zoolab', 'morph transparent convergence', 134865, 1296, '2019-09-19 06:34:01', 3, null, 59, 2);
insert into objeto (objeto_id, nombre, descripcion, precio_inicial, codigo_barras, fecha_status, tipo_objeto, propietario_objeto_id, subasta_id, status_objeto_id) values (297, 'Flowdesk', 'deploy B2C experiences', 882153, 1297, '2019-07-08 11:05:15', 3, null, 59, 3);
insert into objeto (objeto_id, nombre, descripcion, precio_inicial, codigo_barras, fecha_status, tipo_objeto, propietario_objeto_id, subasta_id, status_objeto_id) values (298, 'Pannier', 'integrate revolutionary schemas', 951113, 1298, '2019-10-02 10:44:49', 3, null, 4, 1);
insert into objeto (objeto_id, nombre, descripcion, precio_inicial, codigo_barras, fecha_status, tipo_objeto, propietario_objeto_id, subasta_id, status_objeto_id) values (299, 'Holdlamis', 'strategize collaborative vortals', 658451, 1299, '2019-12-13 21:57:28', 3, null, 14, 1);
insert into objeto (objeto_id, nombre, descripcion, precio_inicial, codigo_barras, fecha_status, tipo_objeto, propietario_objeto_id, subasta_id, status_objeto_id) values (300, 'Y-find', 'morph holistic convergence', 913104, 1300, '2020-06-14 20:21:12', 3, null, 53, 2);
--HACIENDA
insert into hacienda (objeto_id, nombre, extension_km_2, direccion) values (1, 'Toughjoyfax', 856161.48, '53931 High Crossing Parkway');
insert into hacienda (objeto_id, nombre, extension_km_2, direccion) values (2, 'Bitchip', 889392.33, '4915 Veith Road');
insert into hacienda (objeto_id, nombre, extension_km_2, direccion) values (3, 'Ronstring', 6847.67, '49 Glendale Way');
insert into hacienda (objeto_id, nombre, extension_km_2, direccion) values (4, 'It', 3844.13, '55522 Ludington Drive');
insert into hacienda (objeto_id, nombre, extension_km_2, direccion) values (5, 'Vagram', 960273.34, '057 Stoughton Plaza');
insert into hacienda (objeto_id, nombre, extension_km_2, direccion) values (6, 'Cardguard', 552566.91, '47 Victoria Point');
insert into hacienda (objeto_id, nombre, extension_km_2, direccion) values (7, 'Zontrax', 499750.33, '09 Dorton Park');
insert into hacienda (objeto_id, nombre, extension_km_2, direccion) values (8, 'Ronstring', 186492.79, '7589 Dovetail Court');
insert into hacienda (objeto_id, nombre, extension_km_2, direccion) values (9, 'Duobam', 870981.83, '48 Thackeray Lane');
insert into hacienda (objeto_id, nombre, extension_km_2, direccion) values (10, 'Treeflex', 56572.42, '3263 Springview Street');
insert into hacienda (objeto_id, nombre, extension_km_2, direccion) values (11, 'Fix San', 215072.14, '759 Cottonwood Place');
insert into hacienda (objeto_id, nombre, extension_km_2, direccion) values (12, 'Latlux', 596481.74, '75 Grasskamp Circle');
insert into hacienda (objeto_id, nombre, extension_km_2, direccion) values (13, 'Holdlamis', 972990.1, '956 Coolidge Trail');
insert into hacienda (objeto_id, nombre, extension_km_2, direccion) values (14, 'Lotstring', 716904.05, '2528 Moose Parkway');
insert into hacienda (objeto_id, nombre, extension_km_2, direccion) values (15, 'Matsoft', 606885.2, '3592 Arkansas Way');
insert into hacienda (objeto_id, nombre, extension_km_2, direccion) values (16, 'Konklab', 127623.97, '6284 Trailsway Place');
insert into hacienda (objeto_id, nombre, extension_km_2, direccion) values (17, 'Tampflex', 261827.42, '958 Gina Hill');
insert into hacienda (objeto_id, nombre, extension_km_2, direccion) values (18, 'Biodex', 491497.61, '3946 Truax Street');
insert into hacienda (objeto_id, nombre, extension_km_2, direccion) values (19, 'Alpha', 747294.96, '487 Del Mar Lane');
insert into hacienda (objeto_id, nombre, extension_km_2, direccion) values (20, 'It', 130356.62, '8 Division Crossing');
insert into hacienda (objeto_id, nombre, extension_km_2, direccion) values (21, 'Y-Solowarm', 553348.13, '7 Gateway Street');
insert into hacienda (objeto_id, nombre, extension_km_2, direccion) values (22, 'Alphazap', 96501.63, '7 Sutherland Alley');
insert into hacienda (objeto_id, nombre, extension_km_2, direccion) values (23, 'Bitwolf', 790419.44, '33665 Mariners Cove Road');
insert into hacienda (objeto_id, nombre, extension_km_2, direccion) values (24, 'Hatity', 687788.0, '16923 Manley Plaza');
insert into hacienda (objeto_id, nombre, extension_km_2, direccion) values (25, 'Pannier', 20577.09, '0 Troy Alley');
insert into hacienda (objeto_id, nombre, extension_km_2, direccion) values (26, 'Zaam-Dox', 874487.7, '8 Sunnyside Alley');
insert into hacienda (objeto_id, nombre, extension_km_2, direccion) values (27, 'Redhold', 903266.73, '9 Vernon Lane');
insert into hacienda (objeto_id, nombre, extension_km_2, direccion) values (28, 'Tempsoft', 575520.91, '65 Dixon Point');
insert into hacienda (objeto_id, nombre, extension_km_2, direccion) values (29, 'Fintone', 120325.18, '0 Anhalt Way');
insert into hacienda (objeto_id, nombre, extension_km_2, direccion) values (30, 'Home Ing', 583944.19, '20864 Fisk Point');
insert into hacienda (objeto_id, nombre, extension_km_2, direccion) values (31, 'Lotstring', 11588.3, '74769 Valley Edge Alley');
insert into hacienda (objeto_id, nombre, extension_km_2, direccion) values (32, 'Tres-Zap', 486773.89, '887 Annamark Park');
insert into hacienda (objeto_id, nombre, extension_km_2, direccion) values (33, 'Cookley', 734889.19, '856 Butterfield Circle');
insert into hacienda (objeto_id, nombre, extension_km_2, direccion) values (34, 'Transcof', 681660.84, '424 Nelson Circle');
insert into hacienda (objeto_id, nombre, extension_km_2, direccion) values (35, 'Sonair', 101290.46, '96175 Aberg Park');
insert into hacienda (objeto_id, nombre, extension_km_2, direccion) values (36, 'Namfix', 196296.48, '193 Maywood Crossing');
insert into hacienda (objeto_id, nombre, extension_km_2, direccion) values (37, 'Hatity', 348578.79, '207 Pawling Way');
insert into hacienda (objeto_id, nombre, extension_km_2, direccion) values (38, 'Sub-Ex', 977688.22, '4 Sunnyside Parkway');
insert into hacienda (objeto_id, nombre, extension_km_2, direccion) values (39, 'Flowdesk', 485600.99, '7 Caliangt Way');
insert into hacienda (objeto_id, nombre, extension_km_2, direccion) values (40, 'Tresom', 467842.96, '9677 Division Junction');
insert into hacienda (objeto_id, nombre, extension_km_2, direccion) values (41, 'Matsoft', 255295.12, '33 Troy Alley');
insert into hacienda (objeto_id, nombre, extension_km_2, direccion) values (42, 'Flowdesk', 820601.14, '25 Monument Hill');
insert into hacienda (objeto_id, nombre, extension_km_2, direccion) values (43, 'Bitwolf', 86396.65, '179 Rusk Court');
insert into hacienda (objeto_id, nombre, extension_km_2, direccion) values (44, 'Alpha', 176891.08, '741 Emmet Lane');
insert into hacienda (objeto_id, nombre, extension_km_2, direccion) values (45, 'Redhold', 271983.99, '88 Troy Plaza');
insert into hacienda (objeto_id, nombre, extension_km_2, direccion) values (46, 'Fintone', 495402.99, '502 Roxbury Terrace');
insert into hacienda (objeto_id, nombre, extension_km_2, direccion) values (47, 'Cardguard', 344730.66, '1 Oak Terrace');
insert into hacienda (objeto_id, nombre, extension_km_2, direccion) values (48, 'Bamity', 313586.12, '47385 Ludington Center');
insert into hacienda (objeto_id, nombre, extension_km_2, direccion) values (49, 'Kanlam', 101114.94, '5664 Kenwood Crossing');
insert into hacienda (objeto_id, nombre, extension_km_2, direccion) values (50, 'Daltfresh', 666221.81, '38201 Melody Drive');
insert into hacienda (objeto_id, nombre, extension_km_2, direccion) values (51, 'Tampflex', 577375.37, '599 Crownhardt Terrace');
insert into hacienda (objeto_id, nombre, extension_km_2, direccion) values (52, 'Andalax', 56104.56, '71092 Lerdahl Terrace');
insert into hacienda (objeto_id, nombre, extension_km_2, direccion) values (53, 'Mat Lam Tam', 232768.6, '35 Monica Trail');
insert into hacienda (objeto_id, nombre, extension_km_2, direccion) values (54, 'Fintone', 789645.76, '84782 Mifflin Park');
insert into hacienda (objeto_id, nombre, extension_km_2, direccion) values (55, 'Konklab', 926938.44, '1 Mallory Crossing');
insert into hacienda (objeto_id, nombre, extension_km_2, direccion) values (56, 'Y-Solowarm', 518582.68, '35 Kropf Avenue');
insert into hacienda (objeto_id, nombre, extension_km_2, direccion) values (57, 'Lotlux', 540124.56, '9 Green Park');
insert into hacienda (objeto_id, nombre, extension_km_2, direccion) values (58, 'Tres-Zap', 512198.39, '4 Dayton Place');
insert into hacienda (objeto_id, nombre, extension_km_2, direccion) values (59, 'Tin', 696658.17, '00815 Jana Pass');
insert into hacienda (objeto_id, nombre, extension_km_2, direccion) values (60, 'Cardguard', 807203.37, '45024 Kingsford Center');
insert into hacienda (objeto_id, nombre, extension_km_2, direccion) values (61, 'Lotstring', 634463.18, '74 Surrey Trail');
insert into hacienda (objeto_id, nombre, extension_km_2, direccion) values (62, 'Konklab', 832459.59, '759 Hollow Ridge Pass');
insert into hacienda (objeto_id, nombre, extension_km_2, direccion) values (63, 'Y-find', 456372.1, '114 Browning Park');
insert into hacienda (objeto_id, nombre, extension_km_2, direccion) values (64, 'Temp', 523592.39, '8029 Loftsgordon Crossing');
insert into hacienda (objeto_id, nombre, extension_km_2, direccion) values (65, 'Pannier', 781470.21, '679 Browning Way');
insert into hacienda (objeto_id, nombre, extension_km_2, direccion) values (66, 'Lotlux', 249772.66, '55570 Elka Junction');
insert into hacienda (objeto_id, nombre, extension_km_2, direccion) values (67, 'Bitwolf', 148732.09, '37 Maple Wood Plaza');
insert into hacienda (objeto_id, nombre, extension_km_2, direccion) values (68, 'Sonsing', 19804.63, '6 Helena Drive');
insert into hacienda (objeto_id, nombre, extension_km_2, direccion) values (69, 'Tres-Zap', 469669.06, '87811 Sundown Street');
insert into hacienda (objeto_id, nombre, extension_km_2, direccion) values (70, 'Pannier', 778598.96, '13768 Northview Parkway');
insert into hacienda (objeto_id, nombre, extension_km_2, direccion) values (71, 'Ronstring', 322946.94, '72 Warrior Road');
insert into hacienda (objeto_id, nombre, extension_km_2, direccion) values (72, 'It', 477642.04, '8 Forest Dale Park');
insert into hacienda (objeto_id, nombre, extension_km_2, direccion) values (73, 'Pannier', 574299.95, '42 Rieder Parkway');
insert into hacienda (objeto_id, nombre, extension_km_2, direccion) values (74, 'Zamit', 772605.0, '0 5th Terrace');
insert into hacienda (objeto_id, nombre, extension_km_2, direccion) values (75, 'Tresom', 538975.23, '951 Carioca Trail');
insert into hacienda (objeto_id, nombre, extension_km_2, direccion) values (76, 'Temp', 344731.86, '7 Cottonwood Street');
insert into hacienda (objeto_id, nombre, extension_km_2, direccion) values (77, 'Sonair', 827910.88, '30698 Bashford Point');
insert into hacienda (objeto_id, nombre, extension_km_2, direccion) values (78, 'Sub-Ex', 814202.86, '92646 Westport Parkway');
insert into hacienda (objeto_id, nombre, extension_km_2, direccion) values (79, 'Otcom', 370294.13, '8 Susan Court');
insert into hacienda (objeto_id, nombre, extension_km_2, direccion) values (80, 'Kanlam', 363218.84, '15 Portage Street');
insert into hacienda (objeto_id, nombre, extension_km_2, direccion) values (81, 'Cardguard', 80215.8, '7780 Surrey Place');
insert into hacienda (objeto_id, nombre, extension_km_2, direccion) values (82, 'Toughjoyfax', 303285.59, '4 Lyons Plaza');
insert into hacienda (objeto_id, nombre, extension_km_2, direccion) values (83, 'Bamity', 598867.18, '4731 Jana Pass');
insert into hacienda (objeto_id, nombre, extension_km_2, direccion) values (84, 'Temp', 97729.12, '21 Bartelt Terrace');
insert into hacienda (objeto_id, nombre, extension_km_2, direccion) values (85, 'Stringtough', 195906.86, '82 Loftsgordon Center');
insert into hacienda (objeto_id, nombre, extension_km_2, direccion) values (86, 'Zoolab', 269614.28, '7 Rockefeller Pass');
insert into hacienda (objeto_id, nombre, extension_km_2, direccion) values (87, 'Ronstring', 90322.02, '589 Autumn Leaf Court');
insert into hacienda (objeto_id, nombre, extension_km_2, direccion) values (88, 'Home Ing', 526711.22, '2923 Almo Junction');
insert into hacienda (objeto_id, nombre, extension_km_2, direccion) values (89, 'Hatity', 50836.21, '42 Weeping Birch Lane');
insert into hacienda (objeto_id, nombre, extension_km_2, direccion) values (90, 'Zoolab', 938234.48, '97 Mcbride Road');
insert into hacienda (objeto_id, nombre, extension_km_2, direccion) values (91, 'Rank', 498992.89, '7797 Russell Street');
insert into hacienda (objeto_id, nombre, extension_km_2, direccion) values (92, 'Viva', 884319.09, '32 Donald Circle');
insert into hacienda (objeto_id, nombre, extension_km_2, direccion) values (93, 'Tempsoft', 117072.9, '8541 Gale Lane');
insert into hacienda (objeto_id, nombre, extension_km_2, direccion) values (94, 'Vagram', 285851.14, '55852 Rieder Park');
insert into hacienda (objeto_id, nombre, extension_km_2, direccion) values (95, 'Bamity', 415219.1, '928 Moose Trail');
insert into hacienda (objeto_id, nombre, extension_km_2, direccion) values (96, 'Y-Solowarm', 647167.06, '4507 Mayfield Road');
insert into hacienda (objeto_id, nombre, extension_km_2, direccion) values (97, 'Lotstring', 394056.03, '4946 Quincy Terrace');
insert into hacienda (objeto_id, nombre, extension_km_2, direccion) values (98, 'Quo Lux', 3155.97, '35 Chinook Court');
insert into hacienda (objeto_id, nombre, extension_km_2, direccion) values (99, 'Tin', 272348.44, '8 Clove Lane');
insert into hacienda (objeto_id, nombre, extension_km_2, direccion) values (100, 'Sonair', 897462.98, '1920 American Ash Road');
--ACTIVIDAD HACIENDA 
insert into actividad_hacienda (objeto_id, actividad_id) values (1, 6);
insert into actividad_hacienda (objeto_id, actividad_id) values (2, 3);
insert into actividad_hacienda (objeto_id, actividad_id) values (3, 7);
insert into actividad_hacienda (objeto_id, actividad_id) values (4, 5);
insert into actividad_hacienda (objeto_id, actividad_id) values (5, 5);
insert into actividad_hacienda (objeto_id, actividad_id) values (6, 5);
insert into actividad_hacienda (objeto_id, actividad_id) values (7, 3);
insert into actividad_hacienda (objeto_id, actividad_id) values (8, 2);
insert into actividad_hacienda (objeto_id, actividad_id) values (9, 3);
insert into actividad_hacienda (objeto_id, actividad_id) values (10, 6);
insert into actividad_hacienda (objeto_id, actividad_id) values (11, 2);
insert into actividad_hacienda (objeto_id, actividad_id) values (12, 1);
insert into actividad_hacienda (objeto_id, actividad_id) values (13, 6);
insert into actividad_hacienda (objeto_id, actividad_id) values (14, 6);
insert into actividad_hacienda (objeto_id, actividad_id) values (15, 6);
insert into actividad_hacienda (objeto_id, actividad_id) values (16, 2);
insert into actividad_hacienda (objeto_id, actividad_id) values (17, 5);
insert into actividad_hacienda (objeto_id, actividad_id) values (18, 5);
insert into actividad_hacienda (objeto_id, actividad_id) values (19, 2);
insert into actividad_hacienda (objeto_id, actividad_id) values (20, 7);
insert into actividad_hacienda (objeto_id, actividad_id) values (21, 2);
insert into actividad_hacienda (objeto_id, actividad_id) values (22, 4);
insert into actividad_hacienda (objeto_id, actividad_id) values (23, 6);
insert into actividad_hacienda (objeto_id, actividad_id) values (24, 7);
insert into actividad_hacienda (objeto_id, actividad_id) values (25, 2);
insert into actividad_hacienda (objeto_id, actividad_id) values (26, 4);
insert into actividad_hacienda (objeto_id, actividad_id) values (27, 4);
insert into actividad_hacienda (objeto_id, actividad_id) values (28, 3);
insert into actividad_hacienda (objeto_id, actividad_id) values (29, 4);
insert into actividad_hacienda (objeto_id, actividad_id) values (30, 6);
insert into actividad_hacienda (objeto_id, actividad_id) values (31, 6);
insert into actividad_hacienda (objeto_id, actividad_id) values (32, 3);
insert into actividad_hacienda (objeto_id, actividad_id) values (33, 3);
insert into actividad_hacienda (objeto_id, actividad_id) values (34, 7);
insert into actividad_hacienda (objeto_id, actividad_id) values (35, 1);
insert into actividad_hacienda (objeto_id, actividad_id) values (36, 1);
insert into actividad_hacienda (objeto_id, actividad_id) values (37, 6);
insert into actividad_hacienda (objeto_id, actividad_id) values (38, 6);
insert into actividad_hacienda (objeto_id, actividad_id) values (39, 1);
insert into actividad_hacienda (objeto_id, actividad_id) values (40, 1);
insert into actividad_hacienda (objeto_id, actividad_id) values (41, 6);
insert into actividad_hacienda (objeto_id, actividad_id) values (42, 3);
insert into actividad_hacienda (objeto_id, actividad_id) values (43, 5);
insert into actividad_hacienda (objeto_id, actividad_id) values (44, 5);
insert into actividad_hacienda (objeto_id, actividad_id) values (45, 1);
insert into actividad_hacienda (objeto_id, actividad_id) values (46, 2);
insert into actividad_hacienda (objeto_id, actividad_id) values (47, 7);
insert into actividad_hacienda (objeto_id, actividad_id) values (48, 7);
insert into actividad_hacienda (objeto_id, actividad_id) values (49, 2);
insert into actividad_hacienda (objeto_id, actividad_id) values (50, 5);
insert into actividad_hacienda (objeto_id, actividad_id) values (51, 3);
insert into actividad_hacienda (objeto_id, actividad_id) values (52, 6);
insert into actividad_hacienda (objeto_id, actividad_id) values (53, 3);
insert into actividad_hacienda (objeto_id, actividad_id) values (54, 2);
insert into actividad_hacienda (objeto_id, actividad_id) values (55, 4);
insert into actividad_hacienda (objeto_id, actividad_id) values (56, 5);
insert into actividad_hacienda (objeto_id, actividad_id) values (57, 3);
insert into actividad_hacienda (objeto_id, actividad_id) values (58, 5);
insert into actividad_hacienda (objeto_id, actividad_id) values (59, 5);
insert into actividad_hacienda (objeto_id, actividad_id) values (60, 7);
insert into actividad_hacienda (objeto_id, actividad_id) values (61, 7);
insert into actividad_hacienda (objeto_id, actividad_id) values (62, 2);
insert into actividad_hacienda (objeto_id, actividad_id) values (63, 2);
insert into actividad_hacienda (objeto_id, actividad_id) values (64, 5);
insert into actividad_hacienda (objeto_id, actividad_id) values (65, 2);
insert into actividad_hacienda (objeto_id, actividad_id) values (66, 2);
insert into actividad_hacienda (objeto_id, actividad_id) values (67, 3);
insert into actividad_hacienda (objeto_id, actividad_id) values (68, 5);
insert into actividad_hacienda (objeto_id, actividad_id) values (69, 1);
insert into actividad_hacienda (objeto_id, actividad_id) values (70, 6);
insert into actividad_hacienda (objeto_id, actividad_id) values (71, 3);
insert into actividad_hacienda (objeto_id, actividad_id) values (72, 2);
insert into actividad_hacienda (objeto_id, actividad_id) values (73, 6);
insert into actividad_hacienda (objeto_id, actividad_id) values (74, 1);
insert into actividad_hacienda (objeto_id, actividad_id) values (75, 5);
insert into actividad_hacienda (objeto_id, actividad_id) values (76, 6);
insert into actividad_hacienda (objeto_id, actividad_id) values (77, 6);
insert into actividad_hacienda (objeto_id, actividad_id) values (78, 2);
insert into actividad_hacienda (objeto_id, actividad_id) values (79, 7);
insert into actividad_hacienda (objeto_id, actividad_id) values (80, 6);
insert into actividad_hacienda (objeto_id, actividad_id) values (81, 7);
insert into actividad_hacienda (objeto_id, actividad_id) values (82, 6);
insert into actividad_hacienda (objeto_id, actividad_id) values (83, 7);
insert into actividad_hacienda (objeto_id, actividad_id) values (84, 4);
insert into actividad_hacienda (objeto_id, actividad_id) values (85, 4);
insert into actividad_hacienda (objeto_id, actividad_id) values (86, 7);
insert into actividad_hacienda (objeto_id, actividad_id) values (87, 5);
insert into actividad_hacienda (objeto_id, actividad_id) values (88, 1);
insert into actividad_hacienda (objeto_id, actividad_id) values (89, 1);
insert into actividad_hacienda (objeto_id, actividad_id) values (90, 2);
insert into actividad_hacienda (objeto_id, actividad_id) values (91, 4);
insert into actividad_hacienda (objeto_id, actividad_id) values (92, 5);
insert into actividad_hacienda (objeto_id, actividad_id) values (93, 4);
insert into actividad_hacienda (objeto_id, actividad_id) values (94, 2);
insert into actividad_hacienda (objeto_id, actividad_id) values (95, 2);
insert into actividad_hacienda (objeto_id, actividad_id) values (96, 1);
insert into actividad_hacienda (objeto_id, actividad_id) values (97, 6);
insert into actividad_hacienda (objeto_id, actividad_id) values (98, 3);
insert into actividad_hacienda (objeto_id, actividad_id) values (99, 1);
insert into actividad_hacienda (objeto_id, actividad_id) values (100, 4);
--MARCA
insert into marca (marca_id, nombre) values (1, 'ford');
insert into marca (marca_id, nombre) values (2, 'chevrolet');
insert into marca (marca_id, nombre) values (3, 'nissan');
insert into marca (marca_id, nombre) values (4, 'mazda');
insert into marca (marca_id, nombre) values (5, 'cooper');
insert into marca (marca_id, nombre) values (6, 'hundai');
insert into marca (marca_id, nombre) values (7, 'elecktra');
insert into marca (marca_id, nombre) values (8, 'fiat');
insert into marca (marca_id, nombre) values (9, 'ibiza');
insert into marca (marca_id, nombre) values (10, 'mercedes');
--MODELO
insert into modelo (modelo_id, nombre, marca_id) values (1, 'Mat Lam Tam', 6);
insert into modelo (modelo_id, nombre, marca_id) values (2, 'Ronstring', 9);
insert into modelo (modelo_id, nombre, marca_id) values (3, 'Konklab', 3);
insert into modelo (modelo_id, nombre, marca_id) values (4, 'Tempsoft', 10);
insert into modelo (modelo_id, nombre, marca_id) values (5, 'Prodder', 2);
insert into modelo (modelo_id, nombre, marca_id) values (6, 'Flexidy', 3);
insert into modelo (modelo_id, nombre, marca_id) values (7, 'Redhold', 2);
insert into modelo (modelo_id, nombre, marca_id) values (8, 'Stim', 9);
insert into modelo (modelo_id, nombre, marca_id) values (9, 'Tampflex', 2);
insert into modelo (modelo_id, nombre, marca_id) values (10, 'Sub-Ex', 1);
insert into modelo (modelo_id, nombre, marca_id) values (11, 'Bamity', 7);
insert into modelo (modelo_id, nombre, marca_id) values (12, 'Tin', 8);
insert into modelo (modelo_id, nombre, marca_id) values (13, 'Viva', 8);
insert into modelo (modelo_id, nombre, marca_id) values (14, 'Lotlux', 10);
insert into modelo (modelo_id, nombre, marca_id) values (15, 'Ventosanzap', 4);
insert into modelo (modelo_id, nombre, marca_id) values (16, 'Lotstring', 2);
insert into modelo (modelo_id, nombre, marca_id) values (17, 'Tresom', 10);
insert into modelo (modelo_id, nombre, marca_id) values (18, 'Matsoft', 9);
insert into modelo (modelo_id, nombre, marca_id) values (19, 'Vagram', 7);
insert into modelo (modelo_id, nombre, marca_id) values (20, 'Konklux', 7);
insert into modelo (modelo_id, nombre, marca_id) values (21, 'Duobam', 3);
insert into modelo (modelo_id, nombre, marca_id) values (22, 'Matsoft', 6);
insert into modelo (modelo_id, nombre, marca_id) values (23, 'Redhold', 6);
insert into modelo (modelo_id, nombre, marca_id) values (24, 'Transcof', 4);
insert into modelo (modelo_id, nombre, marca_id) values (25, 'Zamit', 7);
insert into modelo (modelo_id, nombre, marca_id) values (26, 'Treeflex', 8);
insert into modelo (modelo_id, nombre, marca_id) values (27, 'Voyatouch', 8);
insert into modelo (modelo_id, nombre, marca_id) values (28, 'Stringtough', 5);
insert into modelo (modelo_id, nombre, marca_id) values (29, 'Bitwolf', 3);
insert into modelo (modelo_id, nombre, marca_id) values (30, 'Veribet', 4);
--AUTO
insert into auto (objeto_id, anio, num_serie, no_cilindros, modelo_id) values (101, 2001, '358-54-6762', 7, 12);
insert into auto (objeto_id, anio, num_serie, no_cilindros, modelo_id) values (102, 2005, '145-14-0367', 2, 20);
insert into auto (objeto_id, anio, num_serie, no_cilindros, modelo_id) values (103, 1994, '615-13-8113', 3, 4);
insert into auto (objeto_id, anio, num_serie, no_cilindros, modelo_id) values (104, 1998, '297-95-0080', 3, 26);
insert into auto (objeto_id, anio, num_serie, no_cilindros, modelo_id) values (105, 2006, '580-27-7139', 4, 24);
insert into auto (objeto_id, anio, num_serie, no_cilindros, modelo_id) values (106, 1985, '575-30-9899', 7, 23);
insert into auto (objeto_id, anio, num_serie, no_cilindros, modelo_id) values (107, 1999, '772-70-1509', 3, 21);
insert into auto (objeto_id, anio, num_serie, no_cilindros, modelo_id) values (108, 1992, '855-30-5356', 3, 6);
insert into auto (objeto_id, anio, num_serie, no_cilindros, modelo_id) values (109, 1987, '227-55-2495', 1, 25);
insert into auto (objeto_id, anio, num_serie, no_cilindros, modelo_id) values (110, 2008, '530-52-4642', 1, 4);
insert into auto (objeto_id, anio, num_serie, no_cilindros, modelo_id) values (111, 2012, '338-74-5829', 6, 2);
insert into auto (objeto_id, anio, num_serie, no_cilindros, modelo_id) values (112, 2007, '717-47-3235', 4, 4);
insert into auto (objeto_id, anio, num_serie, no_cilindros, modelo_id) values (113, 2008, '727-40-4771', 2, 11);
insert into auto (objeto_id, anio, num_serie, no_cilindros, modelo_id) values (114, 1995, '689-91-7219', 8, 15);
insert into auto (objeto_id, anio, num_serie, no_cilindros, modelo_id) values (115, 2004, '310-31-6432', 2, 8);
insert into auto (objeto_id, anio, num_serie, no_cilindros, modelo_id) values (116, 2005, '619-99-6599', 7, 12);
insert into auto (objeto_id, anio, num_serie, no_cilindros, modelo_id) values (117, 1995, '582-12-2946', 4, 5);
insert into auto (objeto_id, anio, num_serie, no_cilindros, modelo_id) values (118, 1995, '180-87-6362', 7, 28);
insert into auto (objeto_id, anio, num_serie, no_cilindros, modelo_id) values (119, 2006, '318-59-8348', 2, 11);
insert into auto (objeto_id, anio, num_serie, no_cilindros, modelo_id) values (120, 2010, '897-09-9433', 2, 19);
insert into auto (objeto_id, anio, num_serie, no_cilindros, modelo_id) values (121, 1996, '756-62-3702', 3, 18);
insert into auto (objeto_id, anio, num_serie, no_cilindros, modelo_id) values (122, 1987, '839-02-3825', 1, 30);
insert into auto (objeto_id, anio, num_serie, no_cilindros, modelo_id) values (123, 2009, '681-90-8457', 8, 15);
insert into auto (objeto_id, anio, num_serie, no_cilindros, modelo_id) values (124, 1968, '412-79-2830', 4, 8);
insert into auto (objeto_id, anio, num_serie, no_cilindros, modelo_id) values (125, 2011, '700-25-8045', 2, 15);
insert into auto (objeto_id, anio, num_serie, no_cilindros, modelo_id) values (126, 1970, '579-18-7376', 2, 5);
insert into auto (objeto_id, anio, num_serie, no_cilindros, modelo_id) values (127, 1997, '216-84-7205', 3, 4);
insert into auto (objeto_id, anio, num_serie, no_cilindros, modelo_id) values (128, 2005, '763-29-2407', 2, 18);
insert into auto (objeto_id, anio, num_serie, no_cilindros, modelo_id) values (129, 1985, '145-13-8420', 3, 11);
insert into auto (objeto_id, anio, num_serie, no_cilindros, modelo_id) values (130, 1998, '560-87-6767', 6, 6);
insert into auto (objeto_id, anio, num_serie, no_cilindros, modelo_id) values (131, 1988, '830-88-7608', 2, 4);
insert into auto (objeto_id, anio, num_serie, no_cilindros, modelo_id) values (132, 1994, '466-05-0462', 7, 11);
insert into auto (objeto_id, anio, num_serie, no_cilindros, modelo_id) values (133, 2004, '649-64-3019', 6, 20);
insert into auto (objeto_id, anio, num_serie, no_cilindros, modelo_id) values (134, 1994, '542-69-0401', 8, 19);
insert into auto (objeto_id, anio, num_serie, no_cilindros, modelo_id) values (135, 2001, '114-48-0524', 6, 27);
insert into auto (objeto_id, anio, num_serie, no_cilindros, modelo_id) values (136, 2003, '560-57-3247', 3, 12);
insert into auto (objeto_id, anio, num_serie, no_cilindros, modelo_id) values (137, 2004, '721-31-3224', 8, 11);
insert into auto (objeto_id, anio, num_serie, no_cilindros, modelo_id) values (138, 2007, '687-97-6295', 1, 13);
insert into auto (objeto_id, anio, num_serie, no_cilindros, modelo_id) values (139, 2005, '746-29-1887', 4, 14);
insert into auto (objeto_id, anio, num_serie, no_cilindros, modelo_id) values (140, 1985, '214-47-3292', 3, 15);
insert into auto (objeto_id, anio, num_serie, no_cilindros, modelo_id) values (141, 1995, '656-70-5893', 7, 14);
insert into auto (objeto_id, anio, num_serie, no_cilindros, modelo_id) values (142, 1972, '179-11-8522', 2, 15);
insert into auto (objeto_id, anio, num_serie, no_cilindros, modelo_id) values (143, 2001, '100-04-0023', 4, 2);
insert into auto (objeto_id, anio, num_serie, no_cilindros, modelo_id) values (144, 2006, '278-10-1381', 5, 11);
insert into auto (objeto_id, anio, num_serie, no_cilindros, modelo_id) values (145, 2012, '231-85-0949', 3, 4);
insert into auto (objeto_id, anio, num_serie, no_cilindros, modelo_id) values (146, 1992, '481-45-9419', 2, 19);
insert into auto (objeto_id, anio, num_serie, no_cilindros, modelo_id) values (147, 1996, '444-11-8062', 4, 22);
insert into auto (objeto_id, anio, num_serie, no_cilindros, modelo_id) values (148, 2011, '346-57-1896', 5, 2);
insert into auto (objeto_id, anio, num_serie, no_cilindros, modelo_id) values (149, 1987, '730-72-2884', 3, 6);
insert into auto (objeto_id, anio, num_serie, no_cilindros, modelo_id) values (150, 2007, '871-64-1410', 1, 26);
insert into auto (objeto_id, anio, num_serie, no_cilindros, modelo_id) values (151, 1998, '628-34-9361', 8, 17);
insert into auto (objeto_id, anio, num_serie, no_cilindros, modelo_id) values (152, 1993, '465-95-1054', 1, 9);
insert into auto (objeto_id, anio, num_serie, no_cilindros, modelo_id) values (153, 2006, '670-02-6736', 7, 16);
insert into auto (objeto_id, anio, num_serie, no_cilindros, modelo_id) values (154, 2010, '708-77-8580', 6, 17);
insert into auto (objeto_id, anio, num_serie, no_cilindros, modelo_id) values (155, 2006, '369-83-3790', 5, 13);
insert into auto (objeto_id, anio, num_serie, no_cilindros, modelo_id) values (156, 1999, '763-67-9531', 3, 16);
insert into auto (objeto_id, anio, num_serie, no_cilindros, modelo_id) values (157, 2000, '565-25-5186', 7, 23);
insert into auto (objeto_id, anio, num_serie, no_cilindros, modelo_id) values (158, 1992, '604-27-0804', 6, 21);
insert into auto (objeto_id, anio, num_serie, no_cilindros, modelo_id) values (159, 2006, '409-43-5882', 6, 14);
insert into auto (objeto_id, anio, num_serie, no_cilindros, modelo_id) values (160, 2001, '546-32-5321', 1, 29);
insert into auto (objeto_id, anio, num_serie, no_cilindros, modelo_id) values (161, 1995, '567-93-7597', 7, 12);
insert into auto (objeto_id, anio, num_serie, no_cilindros, modelo_id) values (162, 1990, '245-22-1691', 3, 13);
insert into auto (objeto_id, anio, num_serie, no_cilindros, modelo_id) values (163, 2003, '800-62-4345', 1, 29);
insert into auto (objeto_id, anio, num_serie, no_cilindros, modelo_id) values (164, 1986, '726-40-0417', 5, 12);
insert into auto (objeto_id, anio, num_serie, no_cilindros, modelo_id) values (165, 2009, '753-88-6977', 3, 14);
insert into auto (objeto_id, anio, num_serie, no_cilindros, modelo_id) values (166, 1995, '568-92-7459', 6, 30);
insert into auto (objeto_id, anio, num_serie, no_cilindros, modelo_id) values (167, 1989, '258-13-0058', 7, 9);
insert into auto (objeto_id, anio, num_serie, no_cilindros, modelo_id) values (168, 1996, '563-38-0620', 4, 6);
insert into auto (objeto_id, anio, num_serie, no_cilindros, modelo_id) values (169, 2004, '563-65-3229', 3, 24);
insert into auto (objeto_id, anio, num_serie, no_cilindros, modelo_id) values (170, 2008, '302-40-5074', 4, 10);
insert into auto (objeto_id, anio, num_serie, no_cilindros, modelo_id) values (171, 2000, '795-50-8749', 3, 20);
insert into auto (objeto_id, anio, num_serie, no_cilindros, modelo_id) values (172, 2003, '502-36-0062', 4, 15);
insert into auto (objeto_id, anio, num_serie, no_cilindros, modelo_id) values (173, 2009, '378-11-0469', 8, 14);
insert into auto (objeto_id, anio, num_serie, no_cilindros, modelo_id) values (174, 2003, '239-39-3932', 7, 30);
insert into auto (objeto_id, anio, num_serie, no_cilindros, modelo_id) values (175, 2006, '579-83-9381', 3, 5);
insert into auto (objeto_id, anio, num_serie, no_cilindros, modelo_id) values (176, 2012, '357-78-3951', 1, 7);
insert into auto (objeto_id, anio, num_serie, no_cilindros, modelo_id) values (177, 1995, '446-63-3140', 3, 8);
insert into auto (objeto_id, anio, num_serie, no_cilindros, modelo_id) values (178, 2006, '443-93-1084', 2, 6);
insert into auto (objeto_id, anio, num_serie, no_cilindros, modelo_id) values (179, 2011, '187-87-0623', 8, 29);
insert into auto (objeto_id, anio, num_serie, no_cilindros, modelo_id) values (180, 1986, '216-45-2237', 5, 30);
insert into auto (objeto_id, anio, num_serie, no_cilindros, modelo_id) values (181, 1993, '325-99-7940', 6, 7);
insert into auto (objeto_id, anio, num_serie, no_cilindros, modelo_id) values (182, 2005, '140-81-0455', 8, 15);
insert into auto (objeto_id, anio, num_serie, no_cilindros, modelo_id) values (183, 2006, '831-80-6913', 5, 3);
insert into auto (objeto_id, anio, num_serie, no_cilindros, modelo_id) values (184, 1994, '568-87-5964', 6, 16);
insert into auto (objeto_id, anio, num_serie, no_cilindros, modelo_id) values (185, 2007, '212-88-1416', 2, 3);
insert into auto (objeto_id, anio, num_serie, no_cilindros, modelo_id) values (186, 1992, '733-46-1886', 1, 4);
insert into auto (objeto_id, anio, num_serie, no_cilindros, modelo_id) values (187, 2003, '475-72-8233', 7, 24);
insert into auto (objeto_id, anio, num_serie, no_cilindros, modelo_id) values (188, 1993, '539-34-8839', 3, 16);
insert into auto (objeto_id, anio, num_serie, no_cilindros, modelo_id) values (189, 2009, '113-76-4659', 7, 28);
insert into auto (objeto_id, anio, num_serie, no_cilindros, modelo_id) values (190, 1970, '677-30-9503', 4, 26);
insert into auto (objeto_id, anio, num_serie, no_cilindros, modelo_id) values (191, 1993, '359-80-9852', 7, 28);
insert into auto (objeto_id, anio, num_serie, no_cilindros, modelo_id) values (192, 2011, '868-63-2806', 2, 3);
insert into auto (objeto_id, anio, num_serie, no_cilindros, modelo_id) values (193, 2006, '556-46-7842', 1, 21);
insert into auto (objeto_id, anio, num_serie, no_cilindros, modelo_id) values (194, 2004, '617-38-4683', 4, 5);
insert into auto (objeto_id, anio, num_serie, no_cilindros, modelo_id) values (195, 2010, '526-58-8787', 8, 21);
insert into auto (objeto_id, anio, num_serie, no_cilindros, modelo_id) values (196, 2003, '801-99-7722', 7, 21);
insert into auto (objeto_id, anio, num_serie, no_cilindros, modelo_id) values (197, 1992, '841-93-0335', 1, 29);
insert into auto (objeto_id, anio, num_serie, no_cilindros, modelo_id) values (198, 2012, '252-26-2585', 5, 27);
insert into auto (objeto_id, anio, num_serie, no_cilindros, modelo_id) values (199, 2001, '770-97-3451', 2, 26);
insert into auto (objeto_id, anio, num_serie, no_cilindros, modelo_id) values (200, 2011, '868-85-8268', 2, 24);
--BANCO
insert into banco (banco_id, clave, descripcion, nombre) values (1, 'GR', 'target cross-platform initiatives', 'Solarbreeze');
insert into banco (banco_id, clave, descripcion, nombre) values (2, 'CS', 'benchmark leading-edge niches', 'Fix San');
insert into banco (banco_id, clave, descripcion, nombre) values (3, 'ET', 'envisioneer open-source supply-chains', 'Regrant');
insert into banco (banco_id, clave, descripcion, nombre) values (4, 'FR', 'architect open-source bandwidth', 'Gembucket');
insert into banco (banco_id, clave, descripcion, nombre) values (5, 'AF', 'whiteboard magnetic eyeballs', 'Holdlamis');
insert into banco (banco_id, clave, descripcion, nombre) values (6, 'PT', 'benchmark turn-key e-tailers', 'Otcom');
insert into banco (banco_id, clave, descripcion, nombre) values (7, 'QA', 'seize web-enabled partnerships', 'Alphazap');
insert into banco (banco_id, clave, descripcion, nombre) values (8, 'US', 'empower dynamic niches', 'Tres-Zap');
insert into banco (banco_id, clave, descripcion, nombre) values (9, 'PH', 'extend value-added mindshare', 'Kanlam');
insert into banco (banco_id, clave, descripcion, nombre) values (10, 'CN', 'visualize out-of-the-box web-readiness', 'Home Ing');
--CASA
insert into casa (objeto_id, latitud, longitud, direccion, caracteristicas) values (201, 21.63, 53.99, '7 Gina Junction', 'optimize bricks-and-clicks portals');
insert into casa (objeto_id, latitud, longitud, direccion, caracteristicas) values (202, 6.61, 50.62, '86 Orin Pass', 'architect B2B relationships');
insert into casa (objeto_id, latitud, longitud, direccion, caracteristicas) values (203, 50.95, 8.42, '1 Schiller Road', 'syndicate strategic networks');
insert into casa (objeto_id, latitud, longitud, direccion, caracteristicas) values (204, 88.35, 5.26, '76406 Columbus Center', 'repurpose world-class e-business');
insert into casa (objeto_id, latitud, longitud, direccion, caracteristicas) values (205, 10.93, 44.78, '470 Maple Avenue', 'incubate rich communities');
insert into casa (objeto_id, latitud, longitud, direccion, caracteristicas) values (206, 40.36, 65.27, '79 Browning Court', 'target open-source web-readiness');
insert into casa (objeto_id, latitud, longitud, direccion, caracteristicas) values (207, 53.74, 28.22, '3987 Northview Crossing', 'unleash transparent web-readiness');
insert into casa (objeto_id, latitud, longitud, direccion, caracteristicas) values (208, 84.38, 55.33, '01 Hoffman Drive', 'integrate next-generation infomediaries');
insert into casa (objeto_id, latitud, longitud, direccion, caracteristicas) values (209, 90.91, 58.05, '7365 Packers Hill', 'enhance mission-critical interfaces');
insert into casa (objeto_id, latitud, longitud, direccion, caracteristicas) values (210, 13.65, 58.57, '1528 Onsgard Avenue', 'harness vertical deliverables');
insert into casa (objeto_id, latitud, longitud, direccion, caracteristicas) values (211, 22.64, 4.46, '8696 Rieder Road', 'leverage best-of-breed paradigms');
insert into casa (objeto_id, latitud, longitud, direccion, caracteristicas) values (212, 95.23, 88.09, '47190 Dexter Park', 'expedite clicks-and-mortar content');
insert into casa (objeto_id, latitud, longitud, direccion, caracteristicas) values (213, 10.42, 33.76, '9 Bellgrove Court', 'grow dot-com e-markets');
insert into casa (objeto_id, latitud, longitud, direccion, caracteristicas) values (214, 51.07, 21.87, '71 Banding Street', 'utilize visionary e-markets');
insert into casa (objeto_id, latitud, longitud, direccion, caracteristicas) values (215, 19.98, 13.7, '3 Eastlawn Place', 'redefine scalable e-commerce');
insert into casa (objeto_id, latitud, longitud, direccion, caracteristicas) values (216, 51.9, 27.33, '4 Arizona Plaza', 'integrate cross-media architectures');
insert into casa (objeto_id, latitud, longitud, direccion, caracteristicas) values (217, 40.48, 56.85, '58594 Vermont Park', 'cultivate out-of-the-box metrics');
insert into casa (objeto_id, latitud, longitud, direccion, caracteristicas) values (218, 34.53, 41.08, '3 Amoth Street', 'iterate proactive communities');
insert into casa (objeto_id, latitud, longitud, direccion, caracteristicas) values (219, 5.48, 29.12, '11671 Cordelia Center', 'cultivate one-to-one e-markets');
insert into casa (objeto_id, latitud, longitud, direccion, caracteristicas) values (220, 38.66, 73.54, '939 Cardinal Street', 'grow leading-edge markets');
insert into casa (objeto_id, latitud, longitud, direccion, caracteristicas) values (221, 33.69, 90.28, '10 Gerald Park', 'integrate viral technologies');
insert into casa (objeto_id, latitud, longitud, direccion, caracteristicas) values (222, 59.76, 81.59, '574 Dryden Alley', 'benchmark wireless networks');
insert into casa (objeto_id, latitud, longitud, direccion, caracteristicas) values (223, 84.24, 5.27, '9728 Sutherland Point', 'envisioneer dynamic web-readiness');
insert into casa (objeto_id, latitud, longitud, direccion, caracteristicas) values (224, 87.53, 56.63, '9868 Hanson Hill', 'brand mission-critical e-services');
insert into casa (objeto_id, latitud, longitud, direccion, caracteristicas) values (225, 65.26, 18.78, '35008 Monterey Park', 'benchmark cutting-edge e-services');
insert into casa (objeto_id, latitud, longitud, direccion, caracteristicas) values (226, 38.08, 52.98, '41 Longview Drive', 'revolutionize real-time bandwidth');
insert into casa (objeto_id, latitud, longitud, direccion, caracteristicas) values (227, 81.54, 72.84, '09 Lighthouse Bay Street', 'engineer open-source e-business');
insert into casa (objeto_id, latitud, longitud, direccion, caracteristicas) values (228, 23.02, 30.39, '78 Green Place', 'enable distributed supply-chains');
insert into casa (objeto_id, latitud, longitud, direccion, caracteristicas) values (229, 15.14, 69.94, '93 Bluestem Court', 'aggregate viral relationships');
insert into casa (objeto_id, latitud, longitud, direccion, caracteristicas) values (230, 2.86, 33.72, '732 Blackbird Road', 'innovate collaborative bandwidth');
insert into casa (objeto_id, latitud, longitud, direccion, caracteristicas) values (231, 96.78, 30.23, '6863 Mayfield Terrace', 'iterate e-business platforms');
insert into casa (objeto_id, latitud, longitud, direccion, caracteristicas) values (232, 26.77, 17.54, '669 Roth Point', 'transform magnetic deliverables');
insert into casa (objeto_id, latitud, longitud, direccion, caracteristicas) values (233, 15.23, 97.99, '87 Spaight Pass', 'synthesize vertical ROI');
insert into casa (objeto_id, latitud, longitud, direccion, caracteristicas) values (234, 28.59, 4.52, '18 Hooker Lane', 'enable world-class web-readiness');
insert into casa (objeto_id, latitud, longitud, direccion, caracteristicas) values (235, 44.78, 70.49, '09 Warrior Park', 'deliver strategic schemas');
insert into casa (objeto_id, latitud, longitud, direccion, caracteristicas) values (236, 66.26, 80.54, '2077 Service Way', 'empower efficient solutions');
insert into casa (objeto_id, latitud, longitud, direccion, caracteristicas) values (237, 41.66, 66.74, '32793 La Follette Terrace', 'extend killer infrastructures');
insert into casa (objeto_id, latitud, longitud, direccion, caracteristicas) values (238, 33.02, 34.46, '395 Loftsgordon Court', 'empower collaborative bandwidth');
insert into casa (objeto_id, latitud, longitud, direccion, caracteristicas) values (239, 81.75, 9.2, '0808 Everett Circle', 'extend distributed content');
insert into casa (objeto_id, latitud, longitud, direccion, caracteristicas) values (240, 50.53, 37.73, '8 Twin Pines Hill', 'recontextualize plug-and-play bandwidth');
insert into casa (objeto_id, latitud, longitud, direccion, caracteristicas) values (241, 58.89, 15.2, '35 Lukken Lane', 'revolutionize intuitive e-tailers');
insert into casa (objeto_id, latitud, longitud, direccion, caracteristicas) values (242, 18.98, 30.55, '4246 New Castle Lane', 'leverage virtual infomediaries');
insert into casa (objeto_id, latitud, longitud, direccion, caracteristicas) values (243, 69.43, 35.43, '1 Continental Avenue', 'drive vertical action-items');
insert into casa (objeto_id, latitud, longitud, direccion, caracteristicas) values (244, 83.61, 49.4, '14 Rowland Drive', 'enhance end-to-end platforms');
insert into casa (objeto_id, latitud, longitud, direccion, caracteristicas) values (245, 5.71, 71.33, '247 Gerald Court', 'harness seamless initiatives');
insert into casa (objeto_id, latitud, longitud, direccion, caracteristicas) values (246, 54.9, 61.36, '10 Dixon Pass', 'incentivize impactful synergies');
insert into casa (objeto_id, latitud, longitud, direccion, caracteristicas) values (247, 5.9, 1.1, '03 Vidon Road', 'matrix compelling systems');
insert into casa (objeto_id, latitud, longitud, direccion, caracteristicas) values (248, 89.53, 61.77, '6 Clove Terrace', 'morph efficient models');
insert into casa (objeto_id, latitud, longitud, direccion, caracteristicas) values (249, 89.92, 66.16, '468 Rusk Avenue', 'whiteboard one-to-one technologies');
insert into casa (objeto_id, latitud, longitud, direccion, caracteristicas) values (250, 17.56, 94.17, '3327 New Castle Hill', 'whiteboard granular functionalities');
insert into casa (objeto_id, latitud, longitud, direccion, caracteristicas) values (251, 93.26, 60.54, '68575 Huxley Court', 'engineer value-added e-commerce');
insert into casa (objeto_id, latitud, longitud, direccion, caracteristicas) values (252, 14.4, 94.23, '7060 2nd Court', 'repurpose e-business e-commerce');
insert into casa (objeto_id, latitud, longitud, direccion, caracteristicas) values (253, 1.97, 98.07, '0 Miller Alley', 'disintermediate out-of-the-box web services');
insert into casa (objeto_id, latitud, longitud, direccion, caracteristicas) values (254, 7.04, 66.35, '85587 Pond Center', 'incentivize compelling platforms');
insert into casa (objeto_id, latitud, longitud, direccion, caracteristicas) values (255, 68.83, 61.87, '51 Dryden Pass', 'revolutionize impactful action-items');
insert into casa (objeto_id, latitud, longitud, direccion, caracteristicas) values (256, 15.46, 63.73, '283 Lindbergh Hill', 'orchestrate rich systems');
insert into casa (objeto_id, latitud, longitud, direccion, caracteristicas) values (257, 21.46, 77.82, '79344 Lunder Center', 'recontextualize dot-com interfaces');
insert into casa (objeto_id, latitud, longitud, direccion, caracteristicas) values (258, 4.32, 18.67, '406 Elmside Crossing', 'seize intuitive infrastructures');
insert into casa (objeto_id, latitud, longitud, direccion, caracteristicas) values (259, 44.53, 34.31, '1 Dahle Drive', 'optimize sticky web-readiness');
insert into casa (objeto_id, latitud, longitud, direccion, caracteristicas) values (260, 19.85, 93.76, '6 Cascade Parkway', 'maximize synergistic portals');
insert into casa (objeto_id, latitud, longitud, direccion, caracteristicas) values (261, 22.07, 28.0, '5 Lukken Center', 'generate visionary schemas');
insert into casa (objeto_id, latitud, longitud, direccion, caracteristicas) values (262, 47.78, 2.93, '50811 Southridge Point', 'target sexy communities');
insert into casa (objeto_id, latitud, longitud, direccion, caracteristicas) values (263, 61.53, 1.8, '1941 Lake View Point', 'whiteboard collaborative channels');
insert into casa (objeto_id, latitud, longitud, direccion, caracteristicas) values (264, 57.69, 26.71, '9554 Michigan Avenue', 'synthesize scalable applications');
insert into casa (objeto_id, latitud, longitud, direccion, caracteristicas) values (265, 22.08, 77.07, '6162 Lighthouse Bay Parkway', 'innovate holistic networks');
insert into casa (objeto_id, latitud, longitud, direccion, caracteristicas) values (266, 27.36, 60.14, '589 Basil Drive', 'facilitate vertical experiences');
insert into casa (objeto_id, latitud, longitud, direccion, caracteristicas) values (267, 8.44, 25.51, '15 Bayside Plaza', 'implement user-centric metrics');
insert into casa (objeto_id, latitud, longitud, direccion, caracteristicas) values (268, 68.51, 89.59, '3 Russell Lane', 'envisioneer impactful markets');
insert into casa (objeto_id, latitud, longitud, direccion, caracteristicas) values (269, 73.27, 88.15, '7 Mariners Cove Plaza', 'innovate cutting-edge e-tailers');
insert into casa (objeto_id, latitud, longitud, direccion, caracteristicas) values (270, 11.76, 41.91, '7760 Hudson Court', 'facilitate magnetic methodologies');
insert into casa (objeto_id, latitud, longitud, direccion, caracteristicas) values (271, 90.13, 3.6, '62 6th Circle', 'visualize B2B applications');
insert into casa (objeto_id, latitud, longitud, direccion, caracteristicas) values (272, 21.65, 65.31, '31563 Bunting Lane', 'redefine collaborative metrics');
insert into casa (objeto_id, latitud, longitud, direccion, caracteristicas) values (273, 37.02, 66.45, '970 Kingsford Parkway', 'streamline intuitive schemas');
insert into casa (objeto_id, latitud, longitud, direccion, caracteristicas) values (274, 80.44, 14.74, '815 Autumn Leaf Lane', 'synthesize scalable relationships');
insert into casa (objeto_id, latitud, longitud, direccion, caracteristicas) values (275, 89.82, 68.69, '6 Vidon Center', 'maximize efficient applications');
insert into casa (objeto_id, latitud, longitud, direccion, caracteristicas) values (276, 64.06, 34.11, '4784 Fulton Avenue', 'redefine efficient users');
insert into casa (objeto_id, latitud, longitud, direccion, caracteristicas) values (277, 91.0, 38.39, '77 Cordelia Lane', 'envisioneer proactive communities');
insert into casa (objeto_id, latitud, longitud, direccion, caracteristicas) values (278, 42.44, 11.4, '8 Nova Pass', 'streamline efficient models');
insert into casa (objeto_id, latitud, longitud, direccion, caracteristicas) values (279, 7.59, 47.34, '98810 Mendota Point', 'exploit integrated applications');
insert into casa (objeto_id, latitud, longitud, direccion, caracteristicas) values (280, 86.47, 38.03, '5 Garrison Way', 'embrace out-of-the-box web services');
insert into casa (objeto_id, latitud, longitud, direccion, caracteristicas) values (281, 14.59, 56.03, '13716 Arrowood Road', 'e-enable bleeding-edge methodologies');
insert into casa (objeto_id, latitud, longitud, direccion, caracteristicas) values (282, 87.71, 70.43, '98 Moulton Point', 'orchestrate magnetic architectures');
insert into casa (objeto_id, latitud, longitud, direccion, caracteristicas) values (283, 1.12, 41.92, '8 Manley Trail', 'architect proactive e-commerce');
insert into casa (objeto_id, latitud, longitud, direccion, caracteristicas) values (284, 67.26, 31.85, '92660 Algoma Circle', 'benchmark interactive action-items');
insert into casa (objeto_id, latitud, longitud, direccion, caracteristicas) values (285, 76.25, 82.23, '42 Cherokee Circle', 'incentivize 24/365 e-commerce');
insert into casa (objeto_id, latitud, longitud, direccion, caracteristicas) values (286, 33.76, 37.78, '366 Sycamore Crossing', 'innovate dynamic vortals');
insert into casa (objeto_id, latitud, longitud, direccion, caracteristicas) values (287, 73.79, 92.44, '483 Prairie Rose Plaza', 'unleash leading-edge channels');
insert into casa (objeto_id, latitud, longitud, direccion, caracteristicas) values (288, 75.86, 28.74, '4 Daystar Lane', 'empower 24/365 eyeballs');
insert into casa (objeto_id, latitud, longitud, direccion, caracteristicas) values (289, 49.06, 91.76, '351 Straubel Parkway', 'evolve value-added systems');
insert into casa (objeto_id, latitud, longitud, direccion, caracteristicas) values (290, 53.65, 46.17, '9310 Luster Drive', 'deliver e-business solutions');
insert into casa (objeto_id, latitud, longitud, direccion, caracteristicas) values (291, 58.73, 63.45, '4 Harper Circle', 'exploit wireless channels');
insert into casa (objeto_id, latitud, longitud, direccion, caracteristicas) values (292, 89.84, 63.86, '483 Florence Place', 'enhance distributed methodologies');
insert into casa (objeto_id, latitud, longitud, direccion, caracteristicas) values (293, 74.92, 86.83, '22151 Sloan Trail', 'optimize end-to-end synergies');
insert into casa (objeto_id, latitud, longitud, direccion, caracteristicas) values (294, 68.49, 17.58, '2880 Park Meadow Trail', 'utilize proactive supply-chains');
insert into casa (objeto_id, latitud, longitud, direccion, caracteristicas) values (295, 97.0, 9.64, '49644 Petterle Place', 'generate mission-critical action-items');
insert into casa (objeto_id, latitud, longitud, direccion, caracteristicas) values (296, 52.79, 6.4, '1958 Village Green Terrace', 'strategize compelling action-items');
insert into casa (objeto_id, latitud, longitud, direccion, caracteristicas) values (297, 70.71, 51.98, '19 Clove Park', 'extend back-end web services');
insert into casa (objeto_id, latitud, longitud, direccion, caracteristicas) values (298, 43.53, 41.52, '2901 Orin Road', 'harness integrated users');
insert into casa (objeto_id, latitud, longitud, direccion, caracteristicas) values (299, 25.82, 70.93, '8156 Raven Junction', 'orchestrate dynamic channels');
insert into casa (objeto_id, latitud, longitud, direccion, caracteristicas) values (300, 57.95, 82.97, '2 Bartillon Crossing', 'brand integrated platforms');
--cuenta_banco
insert into cuenta_banco (cuenta_banco_id, clave, comprador_id, banco_id) values (1, '349-23-0432', 1, 3);
insert into cuenta_banco (cuenta_banco_id, clave, comprador_id, banco_id) values (2, '536-52-6018', 2, 8);
insert into cuenta_banco (cuenta_banco_id, clave, comprador_id, banco_id) values (3, '824-18-6576', 3, 3);
insert into cuenta_banco (cuenta_banco_id, clave, comprador_id, banco_id) values (4, '131-99-0343', 4, 3);
insert into cuenta_banco (cuenta_banco_id, clave, comprador_id, banco_id) values (5, '157-10-1395', 5, 3);
insert into cuenta_banco (cuenta_banco_id, clave, comprador_id, banco_id) values (6, '187-27-9228', 6, 8);
insert into cuenta_banco (cuenta_banco_id, clave, comprador_id, banco_id) values (7, '851-82-8872', 7, 3);
insert into cuenta_banco (cuenta_banco_id, clave, comprador_id, banco_id) values (8, '682-19-3919', 8, 8);
insert into cuenta_banco (cuenta_banco_id, clave, comprador_id, banco_id) values (9, '838-11-0891', 9, 8);
insert into cuenta_banco (cuenta_banco_id, clave, comprador_id, banco_id) values (10, '522-18-0124', 10, 10);
insert into cuenta_banco (cuenta_banco_id, clave, comprador_id, banco_id) values (11, '670-39-6998', 11, 7);
insert into cuenta_banco (cuenta_banco_id, clave, comprador_id, banco_id) values (12, '895-74-7432', 12, 9);
insert into cuenta_banco (cuenta_banco_id, clave, comprador_id, banco_id) values (13, '620-04-9461', 13, 5);
insert into cuenta_banco (cuenta_banco_id, clave, comprador_id, banco_id) values (14, '594-05-8447', 14, 8);
insert into cuenta_banco (cuenta_banco_id, clave, comprador_id, banco_id) values (15, '650-91-5741', 15, 8);
insert into cuenta_banco (cuenta_banco_id, clave, comprador_id, banco_id) values (16, '770-66-6453', 16, 6);
insert into cuenta_banco (cuenta_banco_id, clave, comprador_id, banco_id) values (17, '347-85-6606', 17, 8);
insert into cuenta_banco (cuenta_banco_id, clave, comprador_id, banco_id) values (18, '552-41-4127', 18, 2);
insert into cuenta_banco (cuenta_banco_id, clave, comprador_id, banco_id) values (19, '471-40-9513', 19, 8);
insert into cuenta_banco (cuenta_banco_id, clave, comprador_id, banco_id) values (20, '343-84-7956', 20, 10);
insert into cuenta_banco (cuenta_banco_id, clave, comprador_id, banco_id) values (21, '837-33-7510', 21, 6);
insert into cuenta_banco (cuenta_banco_id, clave, comprador_id, banco_id) values (22, '841-06-5675', 22, 10);
insert into cuenta_banco (cuenta_banco_id, clave, comprador_id, banco_id) values (23, '618-78-1219', 23, 2);
insert into cuenta_banco (cuenta_banco_id, clave, comprador_id, banco_id) values (24, '147-25-5354', 24, 3);
insert into cuenta_banco (cuenta_banco_id, clave, comprador_id, banco_id) values (25, '787-42-1958', 25, 9);
insert into cuenta_banco (cuenta_banco_id, clave, comprador_id, banco_id) values (26, '527-49-1110', 26, 8);
insert into cuenta_banco (cuenta_banco_id, clave, comprador_id, banco_id) values (27, '815-34-4426', 27, 5);
insert into cuenta_banco (cuenta_banco_id, clave, comprador_id, banco_id) values (28, '328-67-6257', 28, 5);
insert into cuenta_banco (cuenta_banco_id, clave, comprador_id, banco_id) values (29, '385-26-5728', 29, 2);
insert into cuenta_banco (cuenta_banco_id, clave, comprador_id, banco_id) values (30, '760-93-7205', 30, 10);
insert into cuenta_banco (cuenta_banco_id, clave, comprador_id, banco_id) values (31, '334-74-3057', 31, 2);
insert into cuenta_banco (cuenta_banco_id, clave, comprador_id, banco_id) values (32, '282-05-4524', 32, 9);
insert into cuenta_banco (cuenta_banco_id, clave, comprador_id, banco_id) values (33, '662-85-7999', 33, 1);
insert into cuenta_banco (cuenta_banco_id, clave, comprador_id, banco_id) values (34, '472-54-2277', 34, 10);
insert into cuenta_banco (cuenta_banco_id, clave, comprador_id, banco_id) values (35, '254-09-7081', 35, 8);
insert into cuenta_banco (cuenta_banco_id, clave, comprador_id, banco_id) values (36, '120-72-8664', 36, 5);
insert into cuenta_banco (cuenta_banco_id, clave, comprador_id, banco_id) values (37, '762-22-6666', 37, 5);
insert into cuenta_banco (cuenta_banco_id, clave, comprador_id, banco_id) values (38, '337-79-4887', 38, 2);
insert into cuenta_banco (cuenta_banco_id, clave, comprador_id, banco_id) values (39, '557-09-7409', 39, 2);
insert into cuenta_banco (cuenta_banco_id, clave, comprador_id, banco_id) values (40, '876-02-2022', 40, 1);
insert into cuenta_banco (cuenta_banco_id, clave, comprador_id, banco_id) values (41, '212-05-9727', 41, 7);
insert into cuenta_banco (cuenta_banco_id, clave, comprador_id, banco_id) values (42, '889-68-4076', 42, 6);
insert into cuenta_banco (cuenta_banco_id, clave, comprador_id, banco_id) values (43, '368-36-2027', 43, 5);
insert into cuenta_banco (cuenta_banco_id, clave, comprador_id, banco_id) values (44, '703-24-7339', 44, 6);
insert into cuenta_banco (cuenta_banco_id, clave, comprador_id, banco_id) values (45, '105-16-1891', 45, 3);
insert into cuenta_banco (cuenta_banco_id, clave, comprador_id, banco_id) values (46, '204-50-6252', 46, 3);
insert into cuenta_banco (cuenta_banco_id, clave, comprador_id, banco_id) values (47, '149-12-7691', 47, 7);
insert into cuenta_banco (cuenta_banco_id, clave, comprador_id, banco_id) values (48, '687-76-1747', 48, 1);
insert into cuenta_banco (cuenta_banco_id, clave, comprador_id, banco_id) values (49, '344-80-5424', 49, 7);
insert into cuenta_banco (cuenta_banco_id, clave, comprador_id, banco_id) values (50, '384-90-0462', 50, 4);
insert into cuenta_banco (cuenta_banco_id, clave, comprador_id, banco_id) values (51, '279-40-8454', 51, 1);
insert into cuenta_banco (cuenta_banco_id, clave, comprador_id, banco_id) values (52, '684-80-1833', 52, 6);
insert into cuenta_banco (cuenta_banco_id, clave, comprador_id, banco_id) values (53, '220-98-0079', 53, 8);
insert into cuenta_banco (cuenta_banco_id, clave, comprador_id, banco_id) values (54, '567-03-3815', 54, 1);
insert into cuenta_banco (cuenta_banco_id, clave, comprador_id, banco_id) values (55, '650-10-1198', 55, 3);
insert into cuenta_banco (cuenta_banco_id, clave, comprador_id, banco_id) values (56, '716-50-5237', 56, 6);
insert into cuenta_banco (cuenta_banco_id, clave, comprador_id, banco_id) values (57, '388-47-2336', 57, 3);
insert into cuenta_banco (cuenta_banco_id, clave, comprador_id, banco_id) values (58, '403-07-2360', 58, 6);
insert into cuenta_banco (cuenta_banco_id, clave, comprador_id, banco_id) values (59, '200-94-7394', 59, 3);
insert into cuenta_banco (cuenta_banco_id, clave, comprador_id, banco_id) values (60, '402-95-5316', 60, 9);
insert into cuenta_banco (cuenta_banco_id, clave, comprador_id, banco_id) values (61, '745-64-9903', 61, 2);
insert into cuenta_banco (cuenta_banco_id, clave, comprador_id, banco_id) values (62, '579-29-9895', 62, 7);
insert into cuenta_banco (cuenta_banco_id, clave, comprador_id, banco_id) values (63, '894-04-9169', 63, 8);
insert into cuenta_banco (cuenta_banco_id, clave, comprador_id, banco_id) values (64, '569-03-4834', 64, 1);
insert into cuenta_banco (cuenta_banco_id, clave, comprador_id, banco_id) values (65, '758-09-5147', 65, 9);
insert into cuenta_banco (cuenta_banco_id, clave, comprador_id, banco_id) values (66, '629-83-8390', 66, 4);
insert into cuenta_banco (cuenta_banco_id, clave, comprador_id, banco_id) values (67, '865-97-7808', 67, 5);
insert into cuenta_banco (cuenta_banco_id, clave, comprador_id, banco_id) values (68, '687-01-4863', 68, 10);
insert into cuenta_banco (cuenta_banco_id, clave, comprador_id, banco_id) values (69, '779-54-6908', 69, 10);
insert into cuenta_banco (cuenta_banco_id, clave, comprador_id, banco_id) values (70, '190-42-1283', 70, 10);
insert into cuenta_banco (cuenta_banco_id, clave, comprador_id, banco_id) values (71, '195-76-2818', 71, 4);
insert into cuenta_banco (cuenta_banco_id, clave, comprador_id, banco_id) values (72, '172-65-8837', 72, 3);
insert into cuenta_banco (cuenta_banco_id, clave, comprador_id, banco_id) values (73, '676-22-1696', 73, 10);
insert into cuenta_banco (cuenta_banco_id, clave, comprador_id, banco_id) values (74, '644-60-5468', 74, 1);
insert into cuenta_banco (cuenta_banco_id, clave, comprador_id, banco_id) values (75, '841-38-4344', 75, 8);
insert into cuenta_banco (cuenta_banco_id, clave, comprador_id, banco_id) values (76, '701-86-4598', 76, 8);
insert into cuenta_banco (cuenta_banco_id, clave, comprador_id, banco_id) values (77, '251-77-5319', 77, 10);
insert into cuenta_banco (cuenta_banco_id, clave, comprador_id, banco_id) values (78, '731-10-8121', 78, 6);
insert into cuenta_banco (cuenta_banco_id, clave, comprador_id, banco_id) values (79, '557-69-0629', 79, 4);
insert into cuenta_banco (cuenta_banco_id, clave, comprador_id, banco_id) values (80, '251-21-5838', 80, 5);
insert into cuenta_banco (cuenta_banco_id, clave, comprador_id, banco_id) values (81, '531-05-8689', 81, 6);
insert into cuenta_banco (cuenta_banco_id, clave, comprador_id, banco_id) values (82, '745-27-6559', 82, 2);
insert into cuenta_banco (cuenta_banco_id, clave, comprador_id, banco_id) values (83, '790-54-5445', 83, 10);
insert into cuenta_banco (cuenta_banco_id, clave, comprador_id, banco_id) values (84, '502-06-4734', 84, 3);
insert into cuenta_banco (cuenta_banco_id, clave, comprador_id, banco_id) values (85, '544-46-5458', 85, 7);
insert into cuenta_banco (cuenta_banco_id, clave, comprador_id, banco_id) values (86, '533-82-2838', 86, 5);
insert into cuenta_banco (cuenta_banco_id, clave, comprador_id, banco_id) values (87, '197-57-7510', 87, 9);
insert into cuenta_banco (cuenta_banco_id, clave, comprador_id, banco_id) values (88, '313-79-1894', 88, 4);
insert into cuenta_banco (cuenta_banco_id, clave, comprador_id, banco_id) values (89, '772-06-9905', 89, 5);
insert into cuenta_banco (cuenta_banco_id, clave, comprador_id, banco_id) values (90, '553-05-5463', 90, 2);
insert into cuenta_banco (cuenta_banco_id, clave, comprador_id, banco_id) values (91, '308-45-2393', 91, 3);
insert into cuenta_banco (cuenta_banco_id, clave, comprador_id, banco_id) values (92, '833-63-1192', 92, 6);
insert into cuenta_banco (cuenta_banco_id, clave, comprador_id, banco_id) values (93, '300-42-1162', 93, 8);
insert into cuenta_banco (cuenta_banco_id, clave, comprador_id, banco_id) values (94, '761-72-9676', 94, 3);
insert into cuenta_banco (cuenta_banco_id, clave, comprador_id, banco_id) values (95, '539-82-0391', 95, 7);
insert into cuenta_banco (cuenta_banco_id, clave, comprador_id, banco_id) values (96, '409-15-0191', 96, 7);
insert into cuenta_banco (cuenta_banco_id, clave, comprador_id, banco_id) values (97, '552-88-5394', 97, 1);
insert into cuenta_banco (cuenta_banco_id, clave, comprador_id, banco_id) values (98, '452-40-4803', 98, 8);
insert into cuenta_banco (cuenta_banco_id, clave, comprador_id, banco_id) values (99, '804-25-5974', 99, 4);
insert into cuenta_banco (cuenta_banco_id, clave, comprador_id, banco_id) values (100, '884-05-0345', 100, 8);
insert into cuenta_banco (cuenta_banco_id, clave, comprador_id, banco_id) values (101, '868-67-8684', 101, 6);
insert into cuenta_banco (cuenta_banco_id, clave, comprador_id, banco_id) values (102, '489-65-0045', 102, 7);
insert into cuenta_banco (cuenta_banco_id, clave, comprador_id, banco_id) values (103, '775-48-7946', 103, 6);
insert into cuenta_banco (cuenta_banco_id, clave, comprador_id, banco_id) values (104, '510-20-4616', 104, 10);
insert into cuenta_banco (cuenta_banco_id, clave, comprador_id, banco_id) values (105, '779-41-1225', 105, 1);
insert into cuenta_banco (cuenta_banco_id, clave, comprador_id, banco_id) values (106, '198-17-3081', 106, 3);
insert into cuenta_banco (cuenta_banco_id, clave, comprador_id, banco_id) values (107, '791-87-5670', 107, 5);
insert into cuenta_banco (cuenta_banco_id, clave, comprador_id, banco_id) values (108, '597-38-8091', 108, 6);
insert into cuenta_banco (cuenta_banco_id, clave, comprador_id, banco_id) values (109, '140-53-7214', 109, 2);
insert into cuenta_banco (cuenta_banco_id, clave, comprador_id, banco_id) values (110, '102-85-9844', 110, 7);
insert into cuenta_banco (cuenta_banco_id, clave, comprador_id, banco_id) values (111, '858-77-1060', 111, 6);
insert into cuenta_banco (cuenta_banco_id, clave, comprador_id, banco_id) values (112, '770-64-0107', 112, 10);
insert into cuenta_banco (cuenta_banco_id, clave, comprador_id, banco_id) values (113, '501-03-6909', 113, 3);
insert into cuenta_banco (cuenta_banco_id, clave, comprador_id, banco_id) values (114, '212-72-4361', 114, 9);
insert into cuenta_banco (cuenta_banco_id, clave, comprador_id, banco_id) values (115, '162-77-5394', 115, 4);
insert into cuenta_banco (cuenta_banco_id, clave, comprador_id, banco_id) values (116, '413-58-7518', 116, 7);
insert into cuenta_banco (cuenta_banco_id, clave, comprador_id, banco_id) values (117, '538-01-8975', 117, 9);
insert into cuenta_banco (cuenta_banco_id, clave, comprador_id, banco_id) values (118, '426-90-4115', 118, 8);
insert into cuenta_banco (cuenta_banco_id, clave, comprador_id, banco_id) values (119, '871-75-6573', 119, 7);
insert into cuenta_banco (cuenta_banco_id, clave, comprador_id, banco_id) values (120, '364-14-8168', 120, 10);
insert into cuenta_banco (cuenta_banco_id, clave, comprador_id, banco_id) values (121, '537-98-2719', 121, 4);
insert into cuenta_banco (cuenta_banco_id, clave, comprador_id, banco_id) values (122, '746-32-8147', 122, 7);
insert into cuenta_banco (cuenta_banco_id, clave, comprador_id, banco_id) values (123, '475-77-1166', 123, 1);
insert into cuenta_banco (cuenta_banco_id, clave, comprador_id, banco_id) values (124, '669-51-9742', 124, 8);
insert into cuenta_banco (cuenta_banco_id, clave, comprador_id, banco_id) values (125, '840-61-6285', 125, 5);
insert into cuenta_banco (cuenta_banco_id, clave, comprador_id, banco_id) values (126, '205-19-4850', 126, 6);
insert into cuenta_banco (cuenta_banco_id, clave, comprador_id, banco_id) values (127, '495-92-7982', 127, 7);
insert into cuenta_banco (cuenta_banco_id, clave, comprador_id, banco_id) values (128, '364-03-0149', 128, 9);
insert into cuenta_banco (cuenta_banco_id, clave, comprador_id, banco_id) values (129, '695-92-6621', 129, 4);
insert into cuenta_banco (cuenta_banco_id, clave, comprador_id, banco_id) values (130, '508-71-8601', 130, 5);
insert into cuenta_banco (cuenta_banco_id, clave, comprador_id, banco_id) values (131, '886-16-5055', 131, 9);
insert into cuenta_banco (cuenta_banco_id, clave, comprador_id, banco_id) values (132, '275-87-5107', 132, 3);
insert into cuenta_banco (cuenta_banco_id, clave, comprador_id, banco_id) values (133, '659-64-5616', 133, 10);
insert into cuenta_banco (cuenta_banco_id, clave, comprador_id, banco_id) values (134, '427-11-0833', 134, 8);
insert into cuenta_banco (cuenta_banco_id, clave, comprador_id, banco_id) values (135, '727-93-4010', 135, 3);
insert into cuenta_banco (cuenta_banco_id, clave, comprador_id, banco_id) values (136, '281-31-6175', 136, 3);
insert into cuenta_banco (cuenta_banco_id, clave, comprador_id, banco_id) values (137, '449-71-5736', 137, 7);
insert into cuenta_banco (cuenta_banco_id, clave, comprador_id, banco_id) values (138, '733-23-8636', 138, 8);
insert into cuenta_banco (cuenta_banco_id, clave, comprador_id, banco_id) values (139, '501-81-9408', 139, 7);
insert into cuenta_banco (cuenta_banco_id, clave, comprador_id, banco_id) values (140, '233-01-3953', 140, 1);
insert into cuenta_banco (cuenta_banco_id, clave, comprador_id, banco_id) values (141, '103-63-3088', 141, 10);
insert into cuenta_banco (cuenta_banco_id, clave, comprador_id, banco_id) values (142, '534-90-7153', 142, 5);
insert into cuenta_banco (cuenta_banco_id, clave, comprador_id, banco_id) values (143, '576-36-5968', 143, 9);
insert into cuenta_banco (cuenta_banco_id, clave, comprador_id, banco_id) values (144, '638-11-8349', 144, 3);
insert into cuenta_banco (cuenta_banco_id, clave, comprador_id, banco_id) values (145, '501-63-3004', 145, 4);
insert into cuenta_banco (cuenta_banco_id, clave, comprador_id, banco_id) values (146, '868-88-8139', 146, 4);
insert into cuenta_banco (cuenta_banco_id, clave, comprador_id, banco_id) values (147, '284-17-4693', 147, 5);
insert into cuenta_banco (cuenta_banco_id, clave, comprador_id, banco_id) values (148, '601-23-1495', 148, 8);
insert into cuenta_banco (cuenta_banco_id, clave, comprador_id, banco_id) values (149, '598-87-0132', 149, 5);
insert into cuenta_banco (cuenta_banco_id, clave, comprador_id, banco_id) values (150, '614-91-7697', 150, 7);
insert into cuenta_banco (cuenta_banco_id, clave, comprador_id, banco_id) values (151, '352-49-1934', 151, 1);
insert into cuenta_banco (cuenta_banco_id, clave, comprador_id, banco_id) values (152, '175-61-9940', 152, 10);
insert into cuenta_banco (cuenta_banco_id, clave, comprador_id, banco_id) values (153, '435-47-4350', 153, 5);
insert into cuenta_banco (cuenta_banco_id, clave, comprador_id, banco_id) values (154, '126-88-8606', 154, 8);
insert into cuenta_banco (cuenta_banco_id, clave, comprador_id, banco_id) values (155, '384-91-4647', 155, 4);
insert into cuenta_banco (cuenta_banco_id, clave, comprador_id, banco_id) values (156, '268-13-7927', 156, 7);
insert into cuenta_banco (cuenta_banco_id, clave, comprador_id, banco_id) values (157, '302-58-8886', 157, 8);
insert into cuenta_banco (cuenta_banco_id, clave, comprador_id, banco_id) values (158, '194-61-0653', 158, 7);
insert into cuenta_banco (cuenta_banco_id, clave, comprador_id, banco_id) values (159, '169-29-5169', 159, 7);
insert into cuenta_banco (cuenta_banco_id, clave, comprador_id, banco_id) values (160, '357-55-6175', 160, 6);
insert into cuenta_banco (cuenta_banco_id, clave, comprador_id, banco_id) values (161, '199-12-0835', 161, 5);
insert into cuenta_banco (cuenta_banco_id, clave, comprador_id, banco_id) values (162, '229-16-0277', 162, 1);
insert into cuenta_banco (cuenta_banco_id, clave, comprador_id, banco_id) values (163, '376-21-8408', 163, 4);
insert into cuenta_banco (cuenta_banco_id, clave, comprador_id, banco_id) values (164, '290-64-9351', 164, 5);
insert into cuenta_banco (cuenta_banco_id, clave, comprador_id, banco_id) values (165, '422-70-8218', 165, 9);
insert into cuenta_banco (cuenta_banco_id, clave, comprador_id, banco_id) values (166, '247-31-0158', 166, 10);
insert into cuenta_banco (cuenta_banco_id, clave, comprador_id, banco_id) values (167, '258-37-4993', 167, 10);
insert into cuenta_banco (cuenta_banco_id, clave, comprador_id, banco_id) values (168, '263-30-0263', 168, 8);
insert into cuenta_banco (cuenta_banco_id, clave, comprador_id, banco_id) values (169, '299-05-9622', 169, 2);
insert into cuenta_banco (cuenta_banco_id, clave, comprador_id, banco_id) values (170, '645-54-6047', 170, 5);
insert into cuenta_banco (cuenta_banco_id, clave, comprador_id, banco_id) values (171, '251-97-8287', 171, 8);
insert into cuenta_banco (cuenta_banco_id, clave, comprador_id, banco_id) values (172, '565-41-1155', 172, 10);
insert into cuenta_banco (cuenta_banco_id, clave, comprador_id, banco_id) values (173, '503-24-7643', 173, 6);
insert into cuenta_banco (cuenta_banco_id, clave, comprador_id, banco_id) values (174, '372-43-6719', 174, 2);
insert into cuenta_banco (cuenta_banco_id, clave, comprador_id, banco_id) values (175, '664-08-4859', 175, 3);
insert into cuenta_banco (cuenta_banco_id, clave, comprador_id, banco_id) values (176, '757-48-5770', 176, 5);
insert into cuenta_banco (cuenta_banco_id, clave, comprador_id, banco_id) values (177, '732-53-6080', 177, 7);
insert into cuenta_banco (cuenta_banco_id, clave, comprador_id, banco_id) values (178, '262-65-1811', 178, 6);
insert into cuenta_banco (cuenta_banco_id, clave, comprador_id, banco_id) values (179, '127-89-0769', 179, 10);
insert into cuenta_banco (cuenta_banco_id, clave, comprador_id, banco_id) values (180, '700-90-3054', 180, 9);
insert into cuenta_banco (cuenta_banco_id, clave, comprador_id, banco_id) values (181, '511-61-9289', 181, 8);
insert into cuenta_banco (cuenta_banco_id, clave, comprador_id, banco_id) values (182, '601-29-5264', 182, 2);
insert into cuenta_banco (cuenta_banco_id, clave, comprador_id, banco_id) values (183, '867-63-2868', 183, 6);
insert into cuenta_banco (cuenta_banco_id, clave, comprador_id, banco_id) values (184, '366-91-7132', 184, 3);
insert into cuenta_banco (cuenta_banco_id, clave, comprador_id, banco_id) values (185, '598-19-9536', 185, 1);
insert into cuenta_banco (cuenta_banco_id, clave, comprador_id, banco_id) values (186, '231-02-3038', 186, 3);
insert into cuenta_banco (cuenta_banco_id, clave, comprador_id, banco_id) values (187, '344-22-9899', 187, 6);
insert into cuenta_banco (cuenta_banco_id, clave, comprador_id, banco_id) values (188, '869-48-8965', 188, 1);
insert into cuenta_banco (cuenta_banco_id, clave, comprador_id, banco_id) values (189, '537-25-2099', 189, 6);
insert into cuenta_banco (cuenta_banco_id, clave, comprador_id, banco_id) values (190, '720-83-7798', 190, 9);
insert into cuenta_banco (cuenta_banco_id, clave, comprador_id, banco_id) values (191, '230-70-2605', 191, 8);
insert into cuenta_banco (cuenta_banco_id, clave, comprador_id, banco_id) values (192, '202-55-7055', 192, 7);
insert into cuenta_banco (cuenta_banco_id, clave, comprador_id, banco_id) values (193, '690-23-1832', 193, 10);
insert into cuenta_banco (cuenta_banco_id, clave, comprador_id, banco_id) values (194, '704-35-0060', 194, 5);
insert into cuenta_banco (cuenta_banco_id, clave, comprador_id, banco_id) values (195, '168-53-6366', 195, 7);
insert into cuenta_banco (cuenta_banco_id, clave, comprador_id, banco_id) values (196, '488-56-0795', 196, 1);
insert into cuenta_banco (cuenta_banco_id, clave, comprador_id, banco_id) values (197, '505-59-9215', 197, 6);
insert into cuenta_banco (cuenta_banco_id, clave, comprador_id, banco_id) values (198, '205-69-2469', 198, 1);
insert into cuenta_banco (cuenta_banco_id, clave, comprador_id, banco_id) values (199, '676-14-0962', 199, 8);
insert into cuenta_banco (cuenta_banco_id, clave, comprador_id, banco_id) values (200, '650-94-6572', 200, 4);
insert into cuenta_banco (cuenta_banco_id, clave, comprador_id, banco_id) values (201, '117-27-8128', 201, 4);
insert into cuenta_banco (cuenta_banco_id, clave, comprador_id, banco_id) values (202, '816-61-5290', 202, 4);
insert into cuenta_banco (cuenta_banco_id, clave, comprador_id, banco_id) values (203, '202-67-6511', 203, 8);
insert into cuenta_banco (cuenta_banco_id, clave, comprador_id, banco_id) values (204, '789-67-9990', 204, 6);
insert into cuenta_banco (cuenta_banco_id, clave, comprador_id, banco_id) values (205, '852-83-3873', 205, 10);
insert into cuenta_banco (cuenta_banco_id, clave, comprador_id, banco_id) values (206, '562-40-6587', 206, 7);
insert into cuenta_banco (cuenta_banco_id, clave, comprador_id, banco_id) values (207, '516-44-4761', 207, 4);
insert into cuenta_banco (cuenta_banco_id, clave, comprador_id, banco_id) values (208, '408-87-3068', 208, 4);
insert into cuenta_banco (cuenta_banco_id, clave, comprador_id, banco_id) values (209, '759-10-4695', 209, 9);
insert into cuenta_banco (cuenta_banco_id, clave, comprador_id, banco_id) values (210, '220-51-5110', 210, 6);
insert into cuenta_banco (cuenta_banco_id, clave, comprador_id, banco_id) values (211, '350-15-2590', 211, 2);
insert into cuenta_banco (cuenta_banco_id, clave, comprador_id, banco_id) values (212, '538-04-0657', 212, 6);
insert into cuenta_banco (cuenta_banco_id, clave, comprador_id, banco_id) values (213, '589-02-2472', 213, 6);
insert into cuenta_banco (cuenta_banco_id, clave, comprador_id, banco_id) values (214, '482-39-2622', 214, 1);
insert into cuenta_banco (cuenta_banco_id, clave, comprador_id, banco_id) values (215, '296-62-3962', 215, 7);
insert into cuenta_banco (cuenta_banco_id, clave, comprador_id, banco_id) values (216, '116-48-0794', 216, 6);
insert into cuenta_banco (cuenta_banco_id, clave, comprador_id, banco_id) values (217, '576-44-5269', 217, 7);
insert into cuenta_banco (cuenta_banco_id, clave, comprador_id, banco_id) values (218, '228-26-8995', 218, 1);
insert into cuenta_banco (cuenta_banco_id, clave, comprador_id, banco_id) values (219, '408-59-2341', 219, 7);
insert into cuenta_banco (cuenta_banco_id, clave, comprador_id, banco_id) values (220, '490-58-5091', 220, 5);
insert into cuenta_banco (cuenta_banco_id, clave, comprador_id, banco_id) values (221, '866-65-4737', 221, 6);
insert into cuenta_banco (cuenta_banco_id, clave, comprador_id, banco_id) values (222, '113-77-7706', 222, 6);
insert into cuenta_banco (cuenta_banco_id, clave, comprador_id, banco_id) values (223, '727-55-1984', 223, 1);
insert into cuenta_banco (cuenta_banco_id, clave, comprador_id, banco_id) values (224, '746-80-2701', 224, 4);
insert into cuenta_banco (cuenta_banco_id, clave, comprador_id, banco_id) values (225, '883-95-4814', 225, 6);
insert into cuenta_banco (cuenta_banco_id, clave, comprador_id, banco_id) values (226, '389-73-6822', 226, 8);
insert into cuenta_banco (cuenta_banco_id, clave, comprador_id, banco_id) values (227, '566-33-2900', 227, 7);
insert into cuenta_banco (cuenta_banco_id, clave, comprador_id, banco_id) values (228, '720-23-9673', 228, 9);
insert into cuenta_banco (cuenta_banco_id, clave, comprador_id, banco_id) values (229, '450-67-0603', 229, 9);
insert into cuenta_banco (cuenta_banco_id, clave, comprador_id, banco_id) values (230, '333-04-9380', 230, 1);
insert into cuenta_banco (cuenta_banco_id, clave, comprador_id, banco_id) values (231, '734-66-3299', 231, 5);
insert into cuenta_banco (cuenta_banco_id, clave, comprador_id, banco_id) values (232, '305-37-6094', 232, 2);
insert into cuenta_banco (cuenta_banco_id, clave, comprador_id, banco_id) values (233, '439-14-9475', 233, 2);
insert into cuenta_banco (cuenta_banco_id, clave, comprador_id, banco_id) values (234, '377-77-0377', 234, 9);
insert into cuenta_banco (cuenta_banco_id, clave, comprador_id, banco_id) values (235, '220-74-9241', 235, 2);
insert into cuenta_banco (cuenta_banco_id, clave, comprador_id, banco_id) values (236, '414-24-8102', 236, 9);
insert into cuenta_banco (cuenta_banco_id, clave, comprador_id, banco_id) values (237, '899-15-4956', 237, 7);
insert into cuenta_banco (cuenta_banco_id, clave, comprador_id, banco_id) values (238, '715-21-9217', 238, 5);
insert into cuenta_banco (cuenta_banco_id, clave, comprador_id, banco_id) values (239, '514-32-3320', 239, 4);
insert into cuenta_banco (cuenta_banco_id, clave, comprador_id, banco_id) values (240, '635-12-9379', 240, 6);
insert into cuenta_banco (cuenta_banco_id, clave, comprador_id, banco_id) values (241, '814-83-6315', 241, 10);
insert into cuenta_banco (cuenta_banco_id, clave, comprador_id, banco_id) values (242, '623-20-1379', 242, 8);
insert into cuenta_banco (cuenta_banco_id, clave, comprador_id, banco_id) values (243, '542-98-1383', 243, 8);
insert into cuenta_banco (cuenta_banco_id, clave, comprador_id, banco_id) values (244, '360-04-8844', 244, 2);
insert into cuenta_banco (cuenta_banco_id, clave, comprador_id, banco_id) values (245, '150-46-6994', 245, 10);
insert into cuenta_banco (cuenta_banco_id, clave, comprador_id, banco_id) values (246, '612-48-0780', 246, 5);
insert into cuenta_banco (cuenta_banco_id, clave, comprador_id, banco_id) values (247, '843-42-0579', 247, 10);
insert into cuenta_banco (cuenta_banco_id, clave, comprador_id, banco_id) values (248, '118-78-9188', 248, 7);
insert into cuenta_banco (cuenta_banco_id, clave, comprador_id, banco_id) values (249, '806-16-8696', 249, 8);
insert into cuenta_banco (cuenta_banco_id, clave, comprador_id, banco_id) values (250, '748-51-8349', 250, 10);
insert into cuenta_banco (cuenta_banco_id, clave, comprador_id, banco_id) values (251, '243-59-5392', 251, 9);
insert into cuenta_banco (cuenta_banco_id, clave, comprador_id, banco_id) values (252, '529-02-8006', 252, 1);
insert into cuenta_banco (cuenta_banco_id, clave, comprador_id, banco_id) values (253, '828-85-1648', 253, 9);
insert into cuenta_banco (cuenta_banco_id, clave, comprador_id, banco_id) values (254, '457-08-1960', 254, 5);
insert into cuenta_banco (cuenta_banco_id, clave, comprador_id, banco_id) values (255, '712-35-9108', 255, 8);
insert into cuenta_banco (cuenta_banco_id, clave, comprador_id, banco_id) values (256, '869-75-5677', 256, 5);
insert into cuenta_banco (cuenta_banco_id, clave, comprador_id, banco_id) values (257, '305-83-3909', 257, 3);
insert into cuenta_banco (cuenta_banco_id, clave, comprador_id, banco_id) values (258, '212-28-9863', 258, 6);
insert into cuenta_banco (cuenta_banco_id, clave, comprador_id, banco_id) values (259, '870-09-4377', 259, 7);
insert into cuenta_banco (cuenta_banco_id, clave, comprador_id, banco_id) values (260, '287-04-7027', 260, 4);
insert into cuenta_banco (cuenta_banco_id, clave, comprador_id, banco_id) values (261, '248-31-2798', 261, 1);
insert into cuenta_banco (cuenta_banco_id, clave, comprador_id, banco_id) values (262, '314-77-6601', 262, 10);
insert into cuenta_banco (cuenta_banco_id, clave, comprador_id, banco_id) values (263, '467-22-6736', 263, 6);
insert into cuenta_banco (cuenta_banco_id, clave, comprador_id, banco_id) values (264, '736-68-6013', 264, 6);
insert into cuenta_banco (cuenta_banco_id, clave, comprador_id, banco_id) values (265, '783-77-4770', 265, 9);
insert into cuenta_banco (cuenta_banco_id, clave, comprador_id, banco_id) values (266, '662-16-3091', 266, 4);
insert into cuenta_banco (cuenta_banco_id, clave, comprador_id, banco_id) values (267, '407-67-1364', 267, 6);
insert into cuenta_banco (cuenta_banco_id, clave, comprador_id, banco_id) values (268, '218-28-9503', 268, 6);
insert into cuenta_banco (cuenta_banco_id, clave, comprador_id, banco_id) values (269, '418-24-8978', 269, 9);
insert into cuenta_banco (cuenta_banco_id, clave, comprador_id, banco_id) values (270, '652-30-2508', 270, 5);
insert into cuenta_banco (cuenta_banco_id, clave, comprador_id, banco_id) values (271, '791-27-9680', 271, 5);
insert into cuenta_banco (cuenta_banco_id, clave, comprador_id, banco_id) values (272, '389-53-0834', 272, 4);
insert into cuenta_banco (cuenta_banco_id, clave, comprador_id, banco_id) values (273, '648-31-6715', 273, 2);
insert into cuenta_banco (cuenta_banco_id, clave, comprador_id, banco_id) values (274, '521-38-5115', 274, 3);
insert into cuenta_banco (cuenta_banco_id, clave, comprador_id, banco_id) values (275, '410-09-6862', 275, 6);
insert into cuenta_banco (cuenta_banco_id, clave, comprador_id, banco_id) values (276, '578-86-6108', 276, 6);
insert into cuenta_banco (cuenta_banco_id, clave, comprador_id, banco_id) values (277, '374-29-9482', 277, 5);
insert into cuenta_banco (cuenta_banco_id, clave, comprador_id, banco_id) values (278, '214-01-9649', 278, 7);
insert into cuenta_banco (cuenta_banco_id, clave, comprador_id, banco_id) values (279, '335-90-0037', 279, 10);
insert into cuenta_banco (cuenta_banco_id, clave, comprador_id, banco_id) values (280, '899-24-5146', 280, 7);
insert into cuenta_banco (cuenta_banco_id, clave, comprador_id, banco_id) values (281, '442-93-1266', 281, 10);
insert into cuenta_banco (cuenta_banco_id, clave, comprador_id, banco_id) values (282, '615-64-6096', 282, 3);
insert into cuenta_banco (cuenta_banco_id, clave, comprador_id, banco_id) values (283, '710-19-3973', 283, 10);
insert into cuenta_banco (cuenta_banco_id, clave, comprador_id, banco_id) values (284, '507-71-6886', 284, 4);
insert into cuenta_banco (cuenta_banco_id, clave, comprador_id, banco_id) values (285, '494-81-0831', 285, 7);
insert into cuenta_banco (cuenta_banco_id, clave, comprador_id, banco_id) values (286, '168-49-7429', 286, 7);
insert into cuenta_banco (cuenta_banco_id, clave, comprador_id, banco_id) values (287, '674-26-2671', 287, 1);
insert into cuenta_banco (cuenta_banco_id, clave, comprador_id, banco_id) values (288, '360-53-7921', 288, 1);
insert into cuenta_banco (cuenta_banco_id, clave, comprador_id, banco_id) values (289, '327-09-6157', 289, 4);
insert into cuenta_banco (cuenta_banco_id, clave, comprador_id, banco_id) values (290, '158-26-0141', 290, 10);
insert into cuenta_banco (cuenta_banco_id, clave, comprador_id, banco_id) values (291, '687-13-3222', 291, 4);
insert into cuenta_banco (cuenta_banco_id, clave, comprador_id, banco_id) values (292, '498-49-3507', 292, 9);
insert into cuenta_banco (cuenta_banco_id, clave, comprador_id, banco_id) values (293, '604-49-4230', 293, 9);
insert into cuenta_banco (cuenta_banco_id, clave, comprador_id, banco_id) values (294, '333-72-9164', 294, 5);
insert into cuenta_banco (cuenta_banco_id, clave, comprador_id, banco_id) values (295, '326-25-1817', 295, 3);
insert into cuenta_banco (cuenta_banco_id, clave, comprador_id, banco_id) values (296, '427-08-2075', 296, 9);
insert into cuenta_banco (cuenta_banco_id, clave, comprador_id, banco_id) values (297, '125-05-7889', 297, 3);
insert into cuenta_banco (cuenta_banco_id, clave, comprador_id, banco_id) values (298, '682-26-7623', 298, 4);
insert into cuenta_banco (cuenta_banco_id, clave, comprador_id, banco_id) values (299, '747-13-6788', 299, 4);
insert into cuenta_banco (cuenta_banco_id, clave, comprador_id, banco_id) values (300, '399-92-5379', 300, 7);
insert into cuenta_banco (cuenta_banco_id, clave, comprador_id, banco_id) values (301, '761-33-8617', 301, 7);
insert into cuenta_banco (cuenta_banco_id, clave, comprador_id, banco_id) values (302, '691-20-9434', 302, 7);
insert into cuenta_banco (cuenta_banco_id, clave, comprador_id, banco_id) values (303, '336-25-1400', 303, 2);
insert into cuenta_banco (cuenta_banco_id, clave, comprador_id, banco_id) values (304, '368-33-9476', 304, 1);
insert into cuenta_banco (cuenta_banco_id, clave, comprador_id, banco_id) values (305, '447-57-0540', 305, 6);
insert into cuenta_banco (cuenta_banco_id, clave, comprador_id, banco_id) values (306, '596-49-6597', 306, 8);
insert into cuenta_banco (cuenta_banco_id, clave, comprador_id, banco_id) values (307, '828-46-2594', 307, 6);
insert into cuenta_banco (cuenta_banco_id, clave, comprador_id, banco_id) values (308, '139-91-4688', 308, 6);
insert into cuenta_banco (cuenta_banco_id, clave, comprador_id, banco_id) values (309, '424-60-8334', 309, 10);
insert into cuenta_banco (cuenta_banco_id, clave, comprador_id, banco_id) values (310, '678-30-9543', 310, 3);
insert into cuenta_banco (cuenta_banco_id, clave, comprador_id, banco_id) values (311, '625-55-5775', 311, 7);
insert into cuenta_banco (cuenta_banco_id, clave, comprador_id, banco_id) values (312, '173-45-8519', 312, 4);
insert into cuenta_banco (cuenta_banco_id, clave, comprador_id, banco_id) values (313, '150-36-4018', 313, 9);
insert into cuenta_banco (cuenta_banco_id, clave, comprador_id, banco_id) values (314, '631-03-9518', 314, 7);
insert into cuenta_banco (cuenta_banco_id, clave, comprador_id, banco_id) values (315, '276-75-8452', 315, 10);
insert into cuenta_banco (cuenta_banco_id, clave, comprador_id, banco_id) values (316, '270-28-7640', 316, 4);
insert into cuenta_banco (cuenta_banco_id, clave, comprador_id, banco_id) values (317, '427-49-1103', 317, 6);
insert into cuenta_banco (cuenta_banco_id, clave, comprador_id, banco_id) values (318, '859-38-5059', 318, 4);
insert into cuenta_banco (cuenta_banco_id, clave, comprador_id, banco_id) values (319, '470-13-6691', 319, 4);
insert into cuenta_banco (cuenta_banco_id, clave, comprador_id, banco_id) values (320, '865-78-0455', 320, 3);
insert into cuenta_banco (cuenta_banco_id, clave, comprador_id, banco_id) values (321, '335-62-3699', 321, 10);
insert into cuenta_banco (cuenta_banco_id, clave, comprador_id, banco_id) values (322, '892-51-5888', 322, 2);
insert into cuenta_banco (cuenta_banco_id, clave, comprador_id, banco_id) values (323, '634-07-2981', 323, 8);
insert into cuenta_banco (cuenta_banco_id, clave, comprador_id, banco_id) values (324, '633-13-8472', 324, 8);
insert into cuenta_banco (cuenta_banco_id, clave, comprador_id, banco_id) values (325, '849-90-3749', 325, 1);
insert into cuenta_banco (cuenta_banco_id, clave, comprador_id, banco_id) values (326, '618-38-9828', 326, 8);
insert into cuenta_banco (cuenta_banco_id, clave, comprador_id, banco_id) values (327, '847-86-2095', 327, 7);
insert into cuenta_banco (cuenta_banco_id, clave, comprador_id, banco_id) values (328, '281-13-8025', 328, 1);
insert into cuenta_banco (cuenta_banco_id, clave, comprador_id, banco_id) values (329, '779-41-6916', 329, 2);
insert into cuenta_banco (cuenta_banco_id, clave, comprador_id, banco_id) values (330, '301-85-4155', 330, 2);
insert into cuenta_banco (cuenta_banco_id, clave, comprador_id, banco_id) values (331, '141-62-8392', 331, 9);
insert into cuenta_banco (cuenta_banco_id, clave, comprador_id, banco_id) values (332, '877-98-3912', 332, 5);
insert into cuenta_banco (cuenta_banco_id, clave, comprador_id, banco_id) values (333, '363-80-0711', 333, 1);
insert into cuenta_banco (cuenta_banco_id, clave, comprador_id, banco_id) values (334, '363-16-9976', 334, 4);
insert into cuenta_banco (cuenta_banco_id, clave, comprador_id, banco_id) values (335, '716-21-3298', 335, 7);
insert into cuenta_banco (cuenta_banco_id, clave, comprador_id, banco_id) values (336, '255-93-3547', 336, 6);
insert into cuenta_banco (cuenta_banco_id, clave, comprador_id, banco_id) values (337, '784-12-6730', 337, 1);
insert into cuenta_banco (cuenta_banco_id, clave, comprador_id, banco_id) values (338, '101-09-8513', 338, 7);
insert into cuenta_banco (cuenta_banco_id, clave, comprador_id, banco_id) values (339, '564-80-9719', 339, 8);
insert into cuenta_banco (cuenta_banco_id, clave, comprador_id, banco_id) values (340, '434-99-1714', 340, 5);
insert into cuenta_banco (cuenta_banco_id, clave, comprador_id, banco_id) values (341, '694-29-5742', 341, 1);
insert into cuenta_banco (cuenta_banco_id, clave, comprador_id, banco_id) values (342, '126-59-2290', 342, 4);
insert into cuenta_banco (cuenta_banco_id, clave, comprador_id, banco_id) values (343, '211-61-5214', 343, 2);
insert into cuenta_banco (cuenta_banco_id, clave, comprador_id, banco_id) values (344, '530-44-1102', 344, 6);
insert into cuenta_banco (cuenta_banco_id, clave, comprador_id, banco_id) values (345, '749-61-9350', 345, 6);
insert into cuenta_banco (cuenta_banco_id, clave, comprador_id, banco_id) values (346, '881-20-3595', 346, 1);
insert into cuenta_banco (cuenta_banco_id, clave, comprador_id, banco_id) values (347, '750-19-3864', 347, 3);
insert into cuenta_banco (cuenta_banco_id, clave, comprador_id, banco_id) values (348, '646-79-3807', 348, 9);
insert into cuenta_banco (cuenta_banco_id, clave, comprador_id, banco_id) values (349, '888-04-6514', 349, 6);
insert into cuenta_banco (cuenta_banco_id, clave, comprador_id, banco_id) values (350, '123-21-6771', 350, 4);
insert into cuenta_banco (cuenta_banco_id, clave, comprador_id, banco_id) values (351, '254-21-8471', 351, 10);
insert into cuenta_banco (cuenta_banco_id, clave, comprador_id, banco_id) values (352, '383-07-2259', 352, 4);
insert into cuenta_banco (cuenta_banco_id, clave, comprador_id, banco_id) values (353, '362-14-8263', 353, 1);
insert into cuenta_banco (cuenta_banco_id, clave, comprador_id, banco_id) values (354, '388-07-0062', 354, 10);
insert into cuenta_banco (cuenta_banco_id, clave, comprador_id, banco_id) values (355, '347-34-9017', 355, 5);
insert into cuenta_banco (cuenta_banco_id, clave, comprador_id, banco_id) values (356, '212-88-5419', 356, 6);
insert into cuenta_banco (cuenta_banco_id, clave, comprador_id, banco_id) values (357, '312-88-6294', 357, 7);
insert into cuenta_banco (cuenta_banco_id, clave, comprador_id, banco_id) values (358, '377-80-6930', 358, 9);
insert into cuenta_banco (cuenta_banco_id, clave, comprador_id, banco_id) values (359, '493-52-6615', 359, 7);
insert into cuenta_banco (cuenta_banco_id, clave, comprador_id, banco_id) values (360, '527-02-2894', 360, 6);
insert into cuenta_banco (cuenta_banco_id, clave, comprador_id, banco_id) values (361, '834-21-2835', 361, 10);
insert into cuenta_banco (cuenta_banco_id, clave, comprador_id, banco_id) values (362, '491-21-7714', 362, 6);
insert into cuenta_banco (cuenta_banco_id, clave, comprador_id, banco_id) values (363, '253-48-6669', 363, 8);
insert into cuenta_banco (cuenta_banco_id, clave, comprador_id, banco_id) values (364, '634-34-8809', 364, 6);
insert into cuenta_banco (cuenta_banco_id, clave, comprador_id, banco_id) values (365, '864-97-8466', 365, 9);
insert into cuenta_banco (cuenta_banco_id, clave, comprador_id, banco_id) values (366, '150-27-8095', 366, 4);
insert into cuenta_banco (cuenta_banco_id, clave, comprador_id, banco_id) values (367, '841-32-3785', 367, 7);
insert into cuenta_banco (cuenta_banco_id, clave, comprador_id, banco_id) values (368, '460-52-6713', 368, 4);
insert into cuenta_banco (cuenta_banco_id, clave, comprador_id, banco_id) values (369, '416-20-2507', 369, 10);
insert into cuenta_banco (cuenta_banco_id, clave, comprador_id, banco_id) values (370, '214-23-5962', 370, 4);
insert into cuenta_banco (cuenta_banco_id, clave, comprador_id, banco_id) values (371, '460-14-0047', 371, 6);
insert into cuenta_banco (cuenta_banco_id, clave, comprador_id, banco_id) values (372, '132-54-0595', 372, 1);
insert into cuenta_banco (cuenta_banco_id, clave, comprador_id, banco_id) values (373, '304-09-3399', 373, 5);
insert into cuenta_banco (cuenta_banco_id, clave, comprador_id, banco_id) values (374, '104-40-9352', 374, 2);
insert into cuenta_banco (cuenta_banco_id, clave, comprador_id, banco_id) values (375, '663-15-7807', 375, 1);
insert into cuenta_banco (cuenta_banco_id, clave, comprador_id, banco_id) values (376, '564-59-0074', 376, 7);
insert into cuenta_banco (cuenta_banco_id, clave, comprador_id, banco_id) values (377, '733-22-5550', 377, 7);
insert into cuenta_banco (cuenta_banco_id, clave, comprador_id, banco_id) values (378, '521-09-1509', 378, 10);
insert into cuenta_banco (cuenta_banco_id, clave, comprador_id, banco_id) values (379, '134-47-9808', 379, 7);
insert into cuenta_banco (cuenta_banco_id, clave, comprador_id, banco_id) values (380, '286-93-1825', 380, 10);
insert into cuenta_banco (cuenta_banco_id, clave, comprador_id, banco_id) values (381, '486-24-7259', 381, 10);
insert into cuenta_banco (cuenta_banco_id, clave, comprador_id, banco_id) values (382, '187-07-9962', 382, 4);
insert into cuenta_banco (cuenta_banco_id, clave, comprador_id, banco_id) values (383, '587-70-1921', 383, 2);
insert into cuenta_banco (cuenta_banco_id, clave, comprador_id, banco_id) values (384, '124-09-8777', 384, 2);
insert into cuenta_banco (cuenta_banco_id, clave, comprador_id, banco_id) values (385, '647-85-1418', 385, 8);
insert into cuenta_banco (cuenta_banco_id, clave, comprador_id, banco_id) values (386, '471-47-1098', 386, 4);
insert into cuenta_banco (cuenta_banco_id, clave, comprador_id, banco_id) values (387, '389-13-7024', 387, 9);
insert into cuenta_banco (cuenta_banco_id, clave, comprador_id, banco_id) values (388, '303-14-1737', 388, 4);
insert into cuenta_banco (cuenta_banco_id, clave, comprador_id, banco_id) values (389, '371-96-3056', 389, 6);
insert into cuenta_banco (cuenta_banco_id, clave, comprador_id, banco_id) values (390, '889-83-4764', 390, 2);
insert into cuenta_banco (cuenta_banco_id, clave, comprador_id, banco_id) values (391, '444-67-3847', 391, 5);
insert into cuenta_banco (cuenta_banco_id, clave, comprador_id, banco_id) values (392, '756-06-9831', 392, 1);
insert into cuenta_banco (cuenta_banco_id, clave, comprador_id, banco_id) values (393, '142-39-5156', 393, 7);
insert into cuenta_banco (cuenta_banco_id, clave, comprador_id, banco_id) values (394, '213-33-2004', 394, 7);
insert into cuenta_banco (cuenta_banco_id, clave, comprador_id, banco_id) values (395, '886-68-0706', 395, 1);
insert into cuenta_banco (cuenta_banco_id, clave, comprador_id, banco_id) values (396, '748-28-9841', 396, 6);
insert into cuenta_banco (cuenta_banco_id, clave, comprador_id, banco_id) values (397, '815-69-0914', 397, 3);
insert into cuenta_banco (cuenta_banco_id, clave, comprador_id, banco_id) values (398, '862-06-6690', 398, 5);
insert into cuenta_banco (cuenta_banco_id, clave, comprador_id, banco_id) values (399, '620-66-3613', 399, 5);
insert into cuenta_banco (cuenta_banco_id, clave, comprador_id, banco_id) values (400, '477-45-3466', 400, 10);
insert into cuenta_banco (cuenta_banco_id, clave, comprador_id, banco_id) values (401, '440-68-4053', 401, 3);
insert into cuenta_banco (cuenta_banco_id, clave, comprador_id, banco_id) values (402, '641-87-4727', 402, 6);
insert into cuenta_banco (cuenta_banco_id, clave, comprador_id, banco_id) values (403, '546-53-0395', 403, 3);
insert into cuenta_banco (cuenta_banco_id, clave, comprador_id, banco_id) values (404, '839-82-4206', 404, 9);
insert into cuenta_banco (cuenta_banco_id, clave, comprador_id, banco_id) values (405, '629-33-6796', 405, 7);
insert into cuenta_banco (cuenta_banco_id, clave, comprador_id, banco_id) values (406, '746-97-0601', 406, 3);
insert into cuenta_banco (cuenta_banco_id, clave, comprador_id, banco_id) values (407, '523-35-3415', 407, 4);
insert into cuenta_banco (cuenta_banco_id, clave, comprador_id, banco_id) values (408, '254-49-6803', 408, 8);
insert into cuenta_banco (cuenta_banco_id, clave, comprador_id, banco_id) values (409, '456-53-6982', 409, 5);
insert into cuenta_banco (cuenta_banco_id, clave, comprador_id, banco_id) values (410, '643-11-0751', 410, 10);
insert into cuenta_banco (cuenta_banco_id, clave, comprador_id, banco_id) values (411, '605-23-5873', 411, 2);
insert into cuenta_banco (cuenta_banco_id, clave, comprador_id, banco_id) values (412, '239-16-5900', 412, 8);
insert into cuenta_banco (cuenta_banco_id, clave, comprador_id, banco_id) values (413, '844-82-2835', 413, 6);
insert into cuenta_banco (cuenta_banco_id, clave, comprador_id, banco_id) values (414, '171-13-9743', 414, 2);
insert into cuenta_banco (cuenta_banco_id, clave, comprador_id, banco_id) values (415, '584-04-2884', 415, 8);
insert into cuenta_banco (cuenta_banco_id, clave, comprador_id, banco_id) values (416, '618-88-8337', 416, 8);
insert into cuenta_banco (cuenta_banco_id, clave, comprador_id, banco_id) values (417, '296-89-8381', 417, 1);
insert into cuenta_banco (cuenta_banco_id, clave, comprador_id, banco_id) values (418, '605-58-5226', 418, 5);
insert into cuenta_banco (cuenta_banco_id, clave, comprador_id, banco_id) values (419, '406-86-3882', 419, 10);
insert into cuenta_banco (cuenta_banco_id, clave, comprador_id, banco_id) values (420, '445-67-1226', 420, 7);
insert into cuenta_banco (cuenta_banco_id, clave, comprador_id, banco_id) values (421, '388-66-6666', 421, 3);
insert into cuenta_banco (cuenta_banco_id, clave, comprador_id, banco_id) values (422, '278-96-0017', 422, 2);
insert into cuenta_banco (cuenta_banco_id, clave, comprador_id, banco_id) values (423, '209-97-9443', 423, 2);
insert into cuenta_banco (cuenta_banco_id, clave, comprador_id, banco_id) values (424, '634-81-3767', 424, 7);
insert into cuenta_banco (cuenta_banco_id, clave, comprador_id, banco_id) values (425, '269-95-5694', 425, 9);
insert into cuenta_banco (cuenta_banco_id, clave, comprador_id, banco_id) values (426, '385-89-6950', 426, 4);
insert into cuenta_banco (cuenta_banco_id, clave, comprador_id, banco_id) values (427, '307-64-3487', 427, 2);
insert into cuenta_banco (cuenta_banco_id, clave, comprador_id, banco_id) values (428, '416-29-7588', 428, 6);
insert into cuenta_banco (cuenta_banco_id, clave, comprador_id, banco_id) values (429, '481-67-8687', 429, 9);
insert into cuenta_banco (cuenta_banco_id, clave, comprador_id, banco_id) values (430, '587-21-2586', 430, 5);
insert into cuenta_banco (cuenta_banco_id, clave, comprador_id, banco_id) values (431, '817-57-7358', 431, 1);
insert into cuenta_banco (cuenta_banco_id, clave, comprador_id, banco_id) values (432, '880-56-3866', 432, 5);
insert into cuenta_banco (cuenta_banco_id, clave, comprador_id, banco_id) values (433, '561-14-5718', 433, 9);
insert into cuenta_banco (cuenta_banco_id, clave, comprador_id, banco_id) values (434, '107-12-7263', 434, 8);
insert into cuenta_banco (cuenta_banco_id, clave, comprador_id, banco_id) values (435, '647-27-6760', 435, 8);
insert into cuenta_banco (cuenta_banco_id, clave, comprador_id, banco_id) values (436, '550-90-0385', 436, 5);
insert into cuenta_banco (cuenta_banco_id, clave, comprador_id, banco_id) values (437, '567-74-5467', 437, 5);
insert into cuenta_banco (cuenta_banco_id, clave, comprador_id, banco_id) values (438, '797-56-5917', 438, 10);
insert into cuenta_banco (cuenta_banco_id, clave, comprador_id, banco_id) values (439, '131-83-7668', 439, 3);
insert into cuenta_banco (cuenta_banco_id, clave, comprador_id, banco_id) values (440, '326-16-1292', 440, 1);
insert into cuenta_banco (cuenta_banco_id, clave, comprador_id, banco_id) values (441, '747-87-5647', 441, 8);
insert into cuenta_banco (cuenta_banco_id, clave, comprador_id, banco_id) values (442, '540-94-4877', 442, 7);
insert into cuenta_banco (cuenta_banco_id, clave, comprador_id, banco_id) values (443, '486-27-4063', 443, 8);
insert into cuenta_banco (cuenta_banco_id, clave, comprador_id, banco_id) values (444, '489-92-5355', 444, 2);
insert into cuenta_banco (cuenta_banco_id, clave, comprador_id, banco_id) values (445, '553-12-0264', 445, 5);
insert into cuenta_banco (cuenta_banco_id, clave, comprador_id, banco_id) values (446, '279-59-0202', 446, 6);
insert into cuenta_banco (cuenta_banco_id, clave, comprador_id, banco_id) values (447, '440-70-4823', 447, 4);
insert into cuenta_banco (cuenta_banco_id, clave, comprador_id, banco_id) values (448, '768-33-3229', 448, 1);
insert into cuenta_banco (cuenta_banco_id, clave, comprador_id, banco_id) values (449, '598-19-4615', 449, 10);
insert into cuenta_banco (cuenta_banco_id, clave, comprador_id, banco_id) values (450, '547-99-1124', 450, 6);
insert into cuenta_banco (cuenta_banco_id, clave, comprador_id, banco_id) values (451, '736-32-4903', 451, 9);
insert into cuenta_banco (cuenta_banco_id, clave, comprador_id, banco_id) values (452, '630-60-1646', 452, 2);
insert into cuenta_banco (cuenta_banco_id, clave, comprador_id, banco_id) values (453, '338-33-7304', 453, 4);
insert into cuenta_banco (cuenta_banco_id, clave, comprador_id, banco_id) values (454, '308-58-7335', 454, 1);
insert into cuenta_banco (cuenta_banco_id, clave, comprador_id, banco_id) values (455, '808-46-3753', 455, 9);
insert into cuenta_banco (cuenta_banco_id, clave, comprador_id, banco_id) values (456, '315-72-0908', 456, 3);
insert into cuenta_banco (cuenta_banco_id, clave, comprador_id, banco_id) values (457, '138-54-7794', 457, 6);
insert into cuenta_banco (cuenta_banco_id, clave, comprador_id, banco_id) values (458, '567-60-7928', 458, 5);
insert into cuenta_banco (cuenta_banco_id, clave, comprador_id, banco_id) values (459, '402-83-1617', 459, 7);
insert into cuenta_banco (cuenta_banco_id, clave, comprador_id, banco_id) values (460, '758-79-6075', 460, 5);
insert into cuenta_banco (cuenta_banco_id, clave, comprador_id, banco_id) values (461, '337-27-3071', 461, 7);
insert into cuenta_banco (cuenta_banco_id, clave, comprador_id, banco_id) values (462, '449-91-2361', 462, 2);
insert into cuenta_banco (cuenta_banco_id, clave, comprador_id, banco_id) values (463, '719-71-1421', 463, 9);
insert into cuenta_banco (cuenta_banco_id, clave, comprador_id, banco_id) values (464, '526-74-9054', 464, 1);
insert into cuenta_banco (cuenta_banco_id, clave, comprador_id, banco_id) values (465, '651-50-4453', 465, 6);
insert into cuenta_banco (cuenta_banco_id, clave, comprador_id, banco_id) values (466, '649-82-5220', 466, 5);
insert into cuenta_banco (cuenta_banco_id, clave, comprador_id, banco_id) values (467, '140-46-2269', 467, 1);
insert into cuenta_banco (cuenta_banco_id, clave, comprador_id, banco_id) values (468, '241-09-5119', 468, 6);
insert into cuenta_banco (cuenta_banco_id, clave, comprador_id, banco_id) values (469, '625-25-3743', 469, 7);
insert into cuenta_banco (cuenta_banco_id, clave, comprador_id, banco_id) values (470, '557-19-9534', 470, 6);
insert into cuenta_banco (cuenta_banco_id, clave, comprador_id, banco_id) values (471, '207-62-2210', 471, 6);
insert into cuenta_banco (cuenta_banco_id, clave, comprador_id, banco_id) values (472, '835-97-3114', 472, 10);
insert into cuenta_banco (cuenta_banco_id, clave, comprador_id, banco_id) values (473, '593-04-2789', 473, 5);
insert into cuenta_banco (cuenta_banco_id, clave, comprador_id, banco_id) values (474, '703-38-8250', 474, 2);
insert into cuenta_banco (cuenta_banco_id, clave, comprador_id, banco_id) values (475, '124-44-6037', 475, 5);
insert into cuenta_banco (cuenta_banco_id, clave, comprador_id, banco_id) values (476, '744-89-6324', 476, 4);
insert into cuenta_banco (cuenta_banco_id, clave, comprador_id, banco_id) values (477, '648-93-8154', 477, 2);
insert into cuenta_banco (cuenta_banco_id, clave, comprador_id, banco_id) values (478, '490-02-6062', 478, 8);
insert into cuenta_banco (cuenta_banco_id, clave, comprador_id, banco_id) values (479, '586-27-1332', 479, 8);
insert into cuenta_banco (cuenta_banco_id, clave, comprador_id, banco_id) values (480, '458-65-0521', 480, 8);
insert into cuenta_banco (cuenta_banco_id, clave, comprador_id, banco_id) values (481, '554-58-9032', 481, 10);
insert into cuenta_banco (cuenta_banco_id, clave, comprador_id, banco_id) values (482, '105-50-3580', 482, 8);
insert into cuenta_banco (cuenta_banco_id, clave, comprador_id, banco_id) values (483, '539-51-2789', 483, 5);
insert into cuenta_banco (cuenta_banco_id, clave, comprador_id, banco_id) values (484, '811-70-6837', 484, 5);
insert into cuenta_banco (cuenta_banco_id, clave, comprador_id, banco_id) values (485, '845-84-6418', 485, 6);
insert into cuenta_banco (cuenta_banco_id, clave, comprador_id, banco_id) values (486, '859-09-7587', 486, 7);
insert into cuenta_banco (cuenta_banco_id, clave, comprador_id, banco_id) values (487, '204-36-7847', 487, 2);
insert into cuenta_banco (cuenta_banco_id, clave, comprador_id, banco_id) values (488, '293-12-6192', 488, 9);
insert into cuenta_banco (cuenta_banco_id, clave, comprador_id, banco_id) values (489, '612-18-5620', 489, 6);
insert into cuenta_banco (cuenta_banco_id, clave, comprador_id, banco_id) values (490, '354-56-4330', 490, 6);
insert into cuenta_banco (cuenta_banco_id, clave, comprador_id, banco_id) values (491, '787-12-6895', 491, 2);
insert into cuenta_banco (cuenta_banco_id, clave, comprador_id, banco_id) values (492, '253-76-5467', 492, 9);
insert into cuenta_banco (cuenta_banco_id, clave, comprador_id, banco_id) values (493, '673-50-6071', 493, 3);
insert into cuenta_banco (cuenta_banco_id, clave, comprador_id, banco_id) values (494, '173-58-9695', 494, 8);
insert into cuenta_banco (cuenta_banco_id, clave, comprador_id, banco_id) values (495, '643-74-0970', 495, 9);
insert into cuenta_banco (cuenta_banco_id, clave, comprador_id, banco_id) values (496, '756-57-4670', 496, 9);
insert into cuenta_banco (cuenta_banco_id, clave, comprador_id, banco_id) values (497, '288-90-9055', 497, 7);
insert into cuenta_banco (cuenta_banco_id, clave, comprador_id, banco_id) values (498, '651-19-2825', 498, 4);
insert into cuenta_banco (cuenta_banco_id, clave, comprador_id, banco_id) values (499, '832-69-3627', 499, 10);
insert into cuenta_banco (cuenta_banco_id, clave, comprador_id, banco_id) values (500, '317-45-8682', 500, 5);
--TARJETA
insert into tarjeta_id (tarjeta_id, numero, tipo_tarjeta, mes_expiracion, anio_expiracion, comprador_id) values (1, '146-22-4808', 'credito', 11, 22, 501);
insert into tarjeta_id (tarjeta_id, numero, tipo_tarjeta, mes_expiracion, anio_expiracion, comprador_id) values (2, '249-67-6725', 'credito', 5, 22, 502);
insert into tarjeta_id (tarjeta_id, numero, tipo_tarjeta, mes_expiracion, anio_expiracion, comprador_id) values (3, '152-44-4281', 'credito', 7, 23, 503);
insert into tarjeta_id (tarjeta_id, numero, tipo_tarjeta, mes_expiracion, anio_expiracion, comprador_id) values (4, '469-21-0797', 'credito', 1, 23, 504);
insert into tarjeta_id (tarjeta_id, numero, tipo_tarjeta, mes_expiracion, anio_expiracion, comprador_id) values (5, '306-17-0102', 'credito', 2, 23, 505);
insert into tarjeta_id (tarjeta_id, numero, tipo_tarjeta, mes_expiracion, anio_expiracion, comprador_id) values (6, '217-51-9749', 'credito', 4, 23, 506);
insert into tarjeta_id (tarjeta_id, numero, tipo_tarjeta, mes_expiracion, anio_expiracion, comprador_id) values (7, '822-88-8042', 'credito', 7, 22, 507);
insert into tarjeta_id (tarjeta_id, numero, tipo_tarjeta, mes_expiracion, anio_expiracion, comprador_id) values (8, '140-86-3006', 'credito', 3, 26, 508);
insert into tarjeta_id (tarjeta_id, numero, tipo_tarjeta, mes_expiracion, anio_expiracion, comprador_id) values (9, '785-32-6778', 'credito', 3, 24, 509);
insert into tarjeta_id (tarjeta_id, numero, tipo_tarjeta, mes_expiracion, anio_expiracion, comprador_id) values (10, '341-34-0865', 'debito', 8, 26, 510);
insert into tarjeta_id (tarjeta_id, numero, tipo_tarjeta, mes_expiracion, anio_expiracion, comprador_id) values (11, '461-27-7117', 'debito', 2, 24, 511);
insert into tarjeta_id (tarjeta_id, numero, tipo_tarjeta, mes_expiracion, anio_expiracion, comprador_id) values (12, '758-62-4702', 'debito', 10, 24, 512);
insert into tarjeta_id (tarjeta_id, numero, tipo_tarjeta, mes_expiracion, anio_expiracion, comprador_id) values (13, '828-95-4472', 'debito', 11, 24, 513);
insert into tarjeta_id (tarjeta_id, numero, tipo_tarjeta, mes_expiracion, anio_expiracion, comprador_id) values (14, '766-06-0520', 'debito', 11, 25, 514);
insert into tarjeta_id (tarjeta_id, numero, tipo_tarjeta, mes_expiracion, anio_expiracion, comprador_id) values (15, '280-70-9486', 'debito', 9, 24, 515);
insert into tarjeta_id (tarjeta_id, numero, tipo_tarjeta, mes_expiracion, anio_expiracion, comprador_id) values (16, '305-90-7203', 'debito', 6, 23, 516);
insert into tarjeta_id (tarjeta_id, numero, tipo_tarjeta, mes_expiracion, anio_expiracion, comprador_id) values (17, '473-10-9881', 'debito', 4, 25, 517);
insert into tarjeta_id (tarjeta_id, numero, tipo_tarjeta, mes_expiracion, anio_expiracion, comprador_id) values (18, '235-34-0358', 'debito', 1, 25, 518);
insert into tarjeta_id (tarjeta_id, numero, tipo_tarjeta, mes_expiracion, anio_expiracion, comprador_id) values (19, '144-76-9334', 'debito', 5, 25, 519);
insert into tarjeta_id (tarjeta_id, numero, tipo_tarjeta, mes_expiracion, anio_expiracion, comprador_id) values (20, '868-19-1653', 'debito', 4, 22, 520);
insert into tarjeta_id (tarjeta_id, numero, tipo_tarjeta, mes_expiracion, anio_expiracion, comprador_id) values (21, '440-40-3962', 'debito', 7, 24, 521);
insert into tarjeta_id (tarjeta_id, numero, tipo_tarjeta, mes_expiracion, anio_expiracion, comprador_id) values (22, '552-99-2312', 'debito', 7, 23, 522);
insert into tarjeta_id (tarjeta_id, numero, tipo_tarjeta, mes_expiracion, anio_expiracion, comprador_id) values (23, '575-28-4363', 'debito', 1, 22, 523);
insert into tarjeta_id (tarjeta_id, numero, tipo_tarjeta, mes_expiracion, anio_expiracion, comprador_id) values (24, '799-28-7191', 'debito', 3, 26, 524);
insert into tarjeta_id (tarjeta_id, numero, tipo_tarjeta, mes_expiracion, anio_expiracion, comprador_id) values (25, '329-59-8043', 'debito', 6, 21, 525);
insert into tarjeta_id (tarjeta_id, numero, tipo_tarjeta, mes_expiracion, anio_expiracion, comprador_id) values (26, '397-34-9626', 'debito', 8, 22, 526);
insert into tarjeta_id (tarjeta_id, numero, tipo_tarjeta, mes_expiracion, anio_expiracion, comprador_id) values (27, '190-71-3521', 'debito', 11, 21, 527);
insert into tarjeta_id (tarjeta_id, numero, tipo_tarjeta, mes_expiracion, anio_expiracion, comprador_id) values (28, '155-32-7471', 'debito', 4, 26, 528);
insert into tarjeta_id (tarjeta_id, numero, tipo_tarjeta, mes_expiracion, anio_expiracion, comprador_id) values (29, '483-42-3256', 'debito', 3, 24, 529);
insert into tarjeta_id (tarjeta_id, numero, tipo_tarjeta, mes_expiracion, anio_expiracion, comprador_id) values (30, '537-61-1690', 'debito', 7, 24, 530);
insert into tarjeta_id (tarjeta_id, numero, tipo_tarjeta, mes_expiracion, anio_expiracion, comprador_id) values (31, '423-80-3078', 'debito', 1, 26, 531);
insert into tarjeta_id (tarjeta_id, numero, tipo_tarjeta, mes_expiracion, anio_expiracion, comprador_id) values (32, '403-85-8634', 'debito', 12, 24, 532);
insert into tarjeta_id (tarjeta_id, numero, tipo_tarjeta, mes_expiracion, anio_expiracion, comprador_id) values (33, '878-75-1486', 'debito', 9, 22, 533);
insert into tarjeta_id (tarjeta_id, numero, tipo_tarjeta, mes_expiracion, anio_expiracion, comprador_id) values (34, '519-47-7355', 'debito', 5, 22, 534);
insert into tarjeta_id (tarjeta_id, numero, tipo_tarjeta, mes_expiracion, anio_expiracion, comprador_id) values (35, '456-30-5006', 'debito', 10, 25, 535);
insert into tarjeta_id (tarjeta_id, numero, tipo_tarjeta, mes_expiracion, anio_expiracion, comprador_id) values (36, '648-79-3627', 'debito', 7, 23, 536);
insert into tarjeta_id (tarjeta_id, numero, tipo_tarjeta, mes_expiracion, anio_expiracion, comprador_id) values (37, '234-63-5322', 'debito', 7, 22, 537);
insert into tarjeta_id (tarjeta_id, numero, tipo_tarjeta, mes_expiracion, anio_expiracion, comprador_id) values (38, '646-58-5575', 'debito', 11, 26, 538);
insert into tarjeta_id (tarjeta_id, numero, tipo_tarjeta, mes_expiracion, anio_expiracion, comprador_id) values (39, '240-36-1530', 'debito', 11, 22, 539);
insert into tarjeta_id (tarjeta_id, numero, tipo_tarjeta, mes_expiracion, anio_expiracion, comprador_id) values (40, '615-58-1477', 'debito', 6, 25, 540);
insert into tarjeta_id (tarjeta_id, numero, tipo_tarjeta, mes_expiracion, anio_expiracion, comprador_id) values (41, '658-52-7329', 'debito', 5, 24, 541);
insert into tarjeta_id (tarjeta_id, numero, tipo_tarjeta, mes_expiracion, anio_expiracion, comprador_id) values (42, '852-99-3110', 'debito', 4, 21, 542);
insert into tarjeta_id (tarjeta_id, numero, tipo_tarjeta, mes_expiracion, anio_expiracion, comprador_id) values (43, '324-06-3975', 'debito', 5, 25, 543);
insert into tarjeta_id (tarjeta_id, numero, tipo_tarjeta, mes_expiracion, anio_expiracion, comprador_id) values (44, '369-94-2418', 'debito', 7, 25, 544);
insert into tarjeta_id (tarjeta_id, numero, tipo_tarjeta, mes_expiracion, anio_expiracion, comprador_id) values (45, '314-43-1602', 'debito', 9, 26, 545);
insert into tarjeta_id (tarjeta_id, numero, tipo_tarjeta, mes_expiracion, anio_expiracion, comprador_id) values (46, '395-85-4619', 'debito', 4, 21, 546);
insert into tarjeta_id (tarjeta_id, numero, tipo_tarjeta, mes_expiracion, anio_expiracion, comprador_id) values (47, '233-78-1083', 'debito', 3, 22, 547);
insert into tarjeta_id (tarjeta_id, numero, tipo_tarjeta, mes_expiracion, anio_expiracion, comprador_id) values (48, '161-64-9723', 'debito', 2, 22, 548);
insert into tarjeta_id (tarjeta_id, numero, tipo_tarjeta, mes_expiracion, anio_expiracion, comprador_id) values (49, '686-06-1441', 'debito', 6, 21, 549);
insert into tarjeta_id (tarjeta_id, numero, tipo_tarjeta, mes_expiracion, anio_expiracion, comprador_id) values (50, '287-16-3440', 'debito', 3, 25, 550);
insert into tarjeta_id (tarjeta_id, numero, tipo_tarjeta, mes_expiracion, anio_expiracion, comprador_id) values (51, '129-99-4302', 'debito', 12, 24, 551);
insert into tarjeta_id (tarjeta_id, numero, tipo_tarjeta, mes_expiracion, anio_expiracion, comprador_id) values (52, '327-42-2355', 'debito', 3, 23, 552);
insert into tarjeta_id (tarjeta_id, numero, tipo_tarjeta, mes_expiracion, anio_expiracion, comprador_id) values (53, '166-44-3402', 'debito', 11, 25, 553);
insert into tarjeta_id (tarjeta_id, numero, tipo_tarjeta, mes_expiracion, anio_expiracion, comprador_id) values (54, '403-94-0996', 'debito', 5, 23, 554);
insert into tarjeta_id (tarjeta_id, numero, tipo_tarjeta, mes_expiracion, anio_expiracion, comprador_id) values (55, '677-18-3614', 'debito', 4, 25, 555);
insert into tarjeta_id (tarjeta_id, numero, tipo_tarjeta, mes_expiracion, anio_expiracion, comprador_id) values (56, '885-57-5920', 'debito', 12, 22, 556);
insert into tarjeta_id (tarjeta_id, numero, tipo_tarjeta, mes_expiracion, anio_expiracion, comprador_id) values (57, '717-23-7514', 'debito', 8, 24, 557);
insert into tarjeta_id (tarjeta_id, numero, tipo_tarjeta, mes_expiracion, anio_expiracion, comprador_id) values (58, '104-24-1543', 'debito', 8, 23, 558);
insert into tarjeta_id (tarjeta_id, numero, tipo_tarjeta, mes_expiracion, anio_expiracion, comprador_id) values (59, '497-88-5232', 'debito', 2, 22, 559);
insert into tarjeta_id (tarjeta_id, numero, tipo_tarjeta, mes_expiracion, anio_expiracion, comprador_id) values (60, '668-68-5062', 'debito', 8, 24, 560);
insert into tarjeta_id (tarjeta_id, numero, tipo_tarjeta, mes_expiracion, anio_expiracion, comprador_id) values (61, '167-44-2474', 'debito', 7, 25, 561);
insert into tarjeta_id (tarjeta_id, numero, tipo_tarjeta, mes_expiracion, anio_expiracion, comprador_id) values (62, '442-65-3406', 'debito', 7, 21, 562);
insert into tarjeta_id (tarjeta_id, numero, tipo_tarjeta, mes_expiracion, anio_expiracion, comprador_id) values (63, '815-31-3010', 'debito', 9, 25, 563);
insert into tarjeta_id (tarjeta_id, numero, tipo_tarjeta, mes_expiracion, anio_expiracion, comprador_id) values (64, '256-51-6691', 'debito', 11, 21, 564);
insert into tarjeta_id (tarjeta_id, numero, tipo_tarjeta, mes_expiracion, anio_expiracion, comprador_id) values (65, '101-28-1935', 'debito', 10, 26, 565);
insert into tarjeta_id (tarjeta_id, numero, tipo_tarjeta, mes_expiracion, anio_expiracion, comprador_id) values (66, '448-92-6988', 'debito', 9, 22, 566);
insert into tarjeta_id (tarjeta_id, numero, tipo_tarjeta, mes_expiracion, anio_expiracion, comprador_id) values (67, '105-36-8588', 'debito', 11, 22, 567);
insert into tarjeta_id (tarjeta_id, numero, tipo_tarjeta, mes_expiracion, anio_expiracion, comprador_id) values (68, '880-75-9439', 'debito', 4, 23, 568);
insert into tarjeta_id (tarjeta_id, numero, tipo_tarjeta, mes_expiracion, anio_expiracion, comprador_id) values (69, '133-65-7223', 'debito', 6, 26, 569);
insert into tarjeta_id (tarjeta_id, numero, tipo_tarjeta, mes_expiracion, anio_expiracion, comprador_id) values (70, '425-50-0849', 'debito', 2, 26, 570);
insert into tarjeta_id (tarjeta_id, numero, tipo_tarjeta, mes_expiracion, anio_expiracion, comprador_id) values (71, '471-02-1272', 'debito', 1, 21, 571);
insert into tarjeta_id (tarjeta_id, numero, tipo_tarjeta, mes_expiracion, anio_expiracion, comprador_id) values (72, '416-73-4317', 'debito', 3, 24, 572);
insert into tarjeta_id (tarjeta_id, numero, tipo_tarjeta, mes_expiracion, anio_expiracion, comprador_id) values (73, '704-63-9425', 'debito', 1, 21, 573);
insert into tarjeta_id (tarjeta_id, numero, tipo_tarjeta, mes_expiracion, anio_expiracion, comprador_id) values (74, '632-40-2052', 'debito', 12, 21, 574);
insert into tarjeta_id (tarjeta_id, numero, tipo_tarjeta, mes_expiracion, anio_expiracion, comprador_id) values (75, '533-11-9558', 'debito', 3, 21, 575);
insert into tarjeta_id (tarjeta_id, numero, tipo_tarjeta, mes_expiracion, anio_expiracion, comprador_id) values (76, '295-35-8464', 'debito', 3, 26, 576);
insert into tarjeta_id (tarjeta_id, numero, tipo_tarjeta, mes_expiracion, anio_expiracion, comprador_id) values (77, '152-76-6166', 'debito', 8, 22, 577);
insert into tarjeta_id (tarjeta_id, numero, tipo_tarjeta, mes_expiracion, anio_expiracion, comprador_id) values (78, '531-70-0078', 'debito', 2, 23, 578);
insert into tarjeta_id (tarjeta_id, numero, tipo_tarjeta, mes_expiracion, anio_expiracion, comprador_id) values (79, '275-84-3102', 'debito', 2, 26, 579);
insert into tarjeta_id (tarjeta_id, numero, tipo_tarjeta, mes_expiracion, anio_expiracion, comprador_id) values (80, '748-06-6462', 'debito', 3, 25, 580);
insert into tarjeta_id (tarjeta_id, numero, tipo_tarjeta, mes_expiracion, anio_expiracion, comprador_id) values (81, '802-92-6631', 'debito', 4, 22, 581);
insert into tarjeta_id (tarjeta_id, numero, tipo_tarjeta, mes_expiracion, anio_expiracion, comprador_id) values (82, '198-49-2889', 'debito', 9, 24, 582);
insert into tarjeta_id (tarjeta_id, numero, tipo_tarjeta, mes_expiracion, anio_expiracion, comprador_id) values (83, '438-82-0706', 'debito', 2, 23, 583);
insert into tarjeta_id (tarjeta_id, numero, tipo_tarjeta, mes_expiracion, anio_expiracion, comprador_id) values (84, '826-20-6638', 'debito', 11, 26, 584);
insert into tarjeta_id (tarjeta_id, numero, tipo_tarjeta, mes_expiracion, anio_expiracion, comprador_id) values (85, '826-86-0453', 'debito', 5, 24, 585);
insert into tarjeta_id (tarjeta_id, numero, tipo_tarjeta, mes_expiracion, anio_expiracion, comprador_id) values (86, '444-31-8895', 'debito', 10, 25, 586);
insert into tarjeta_id (tarjeta_id, numero, tipo_tarjeta, mes_expiracion, anio_expiracion, comprador_id) values (87, '520-40-1935', 'debito', 1, 25, 587);
insert into tarjeta_id (tarjeta_id, numero, tipo_tarjeta, mes_expiracion, anio_expiracion, comprador_id) values (88, '727-66-2460', 'debito', 7, 22, 588);
insert into tarjeta_id (tarjeta_id, numero, tipo_tarjeta, mes_expiracion, anio_expiracion, comprador_id) values (89, '146-14-3208', 'debito', 9, 24, 589);
insert into tarjeta_id (tarjeta_id, numero, tipo_tarjeta, mes_expiracion, anio_expiracion, comprador_id) values (90, '670-70-6171', 'debito', 8, 23, 590);
insert into tarjeta_id (tarjeta_id, numero, tipo_tarjeta, mes_expiracion, anio_expiracion, comprador_id) values (91, '138-05-2210', 'debito', 10, 23, 591);
insert into tarjeta_id (tarjeta_id, numero, tipo_tarjeta, mes_expiracion, anio_expiracion, comprador_id) values (92, '866-75-6381', 'debito', 12, 23, 592);
insert into tarjeta_id (tarjeta_id, numero, tipo_tarjeta, mes_expiracion, anio_expiracion, comprador_id) values (93, '325-06-7000', 'debito', 6, 21, 593);
insert into tarjeta_id (tarjeta_id, numero, tipo_tarjeta, mes_expiracion, anio_expiracion, comprador_id) values (94, '307-89-4397', 'debito', 8, 24, 594);
insert into tarjeta_id (tarjeta_id, numero, tipo_tarjeta, mes_expiracion, anio_expiracion, comprador_id) values (95, '811-65-5384', 'debito', 11, 22, 595);
insert into tarjeta_id (tarjeta_id, numero, tipo_tarjeta, mes_expiracion, anio_expiracion, comprador_id) values (96, '513-64-5457', 'debito', 2, 24, 596);
insert into tarjeta_id (tarjeta_id, numero, tipo_tarjeta, mes_expiracion, anio_expiracion, comprador_id) values (97, '516-98-6585', 'debito', 9, 24, 597);
insert into tarjeta_id (tarjeta_id, numero, tipo_tarjeta, mes_expiracion, anio_expiracion, comprador_id) values (98, '226-75-6116', 'debito', 2, 24, 598);
insert into tarjeta_id (tarjeta_id, numero, tipo_tarjeta, mes_expiracion, anio_expiracion, comprador_id) values (99, '380-32-1259', 'debito', 2, 21, 599);
insert into tarjeta_id (tarjeta_id, numero, tipo_tarjeta, mes_expiracion, anio_expiracion, comprador_id) values (100, '673-94-2128', 'credito', 1, 26, 600);
insert into tarjeta_id (tarjeta_id, numero, tipo_tarjeta, mes_expiracion, anio_expiracion, comprador_id) values (101, '196-10-1538', 'credito', 8, 22, 601);
insert into tarjeta_id (tarjeta_id, numero, tipo_tarjeta, mes_expiracion, anio_expiracion, comprador_id) values (102, '708-47-2133', 'credito', 10, 23, 602);
insert into tarjeta_id (tarjeta_id, numero, tipo_tarjeta, mes_expiracion, anio_expiracion, comprador_id) values (103, '876-77-4124', 'credito', 10, 23, 603);
insert into tarjeta_id (tarjeta_id, numero, tipo_tarjeta, mes_expiracion, anio_expiracion, comprador_id) values (104, '514-74-2634', 'credito', 9, 22, 604);
insert into tarjeta_id (tarjeta_id, numero, tipo_tarjeta, mes_expiracion, anio_expiracion, comprador_id) values (105, '485-17-2765', 'credito', 5, 22, 605);
insert into tarjeta_id (tarjeta_id, numero, tipo_tarjeta, mes_expiracion, anio_expiracion, comprador_id) values (106, '540-46-9324', 'credito', 4, 23, 606);
insert into tarjeta_id (tarjeta_id, numero, tipo_tarjeta, mes_expiracion, anio_expiracion, comprador_id) values (107, '103-65-1274', 'credito', 7, 25, 607);
insert into tarjeta_id (tarjeta_id, numero, tipo_tarjeta, mes_expiracion, anio_expiracion, comprador_id) values (108, '798-63-0740', 'credito', 2, 25, 608);
insert into tarjeta_id (tarjeta_id, numero, tipo_tarjeta, mes_expiracion, anio_expiracion, comprador_id) values (109, '825-07-0650', 'credito', 3, 24, 609);
insert into tarjeta_id (tarjeta_id, numero, tipo_tarjeta, mes_expiracion, anio_expiracion, comprador_id) values (110, '614-63-7047', 'credito', 9, 25, 610);
insert into tarjeta_id (tarjeta_id, numero, tipo_tarjeta, mes_expiracion, anio_expiracion, comprador_id) values (111, '604-41-5479', 'credito', 6, 22, 611);
insert into tarjeta_id (tarjeta_id, numero, tipo_tarjeta, mes_expiracion, anio_expiracion, comprador_id) values (112, '391-15-4455', 'credito', 11, 23, 612);
insert into tarjeta_id (tarjeta_id, numero, tipo_tarjeta, mes_expiracion, anio_expiracion, comprador_id) values (113, '427-98-5924', 'credito', 2, 25, 613);
insert into tarjeta_id (tarjeta_id, numero, tipo_tarjeta, mes_expiracion, anio_expiracion, comprador_id) values (114, '414-32-1241', 'credito', 6, 22, 614);
insert into tarjeta_id (tarjeta_id, numero, tipo_tarjeta, mes_expiracion, anio_expiracion, comprador_id) values (115, '487-18-8166', 'credito', 5, 25, 615);
insert into tarjeta_id (tarjeta_id, numero, tipo_tarjeta, mes_expiracion, anio_expiracion, comprador_id) values (116, '608-20-7512', 'credito', 1, 22, 616);
insert into tarjeta_id (tarjeta_id, numero, tipo_tarjeta, mes_expiracion, anio_expiracion, comprador_id) values (117, '837-14-0792', 'credito', 8, 21, 617);
insert into tarjeta_id (tarjeta_id, numero, tipo_tarjeta, mes_expiracion, anio_expiracion, comprador_id) values (118, '790-39-1077', 'credito', 7, 21, 618);
insert into tarjeta_id (tarjeta_id, numero, tipo_tarjeta, mes_expiracion, anio_expiracion, comprador_id) values (119, '554-36-5725', 'credito', 11, 21, 619);
insert into tarjeta_id (tarjeta_id, numero, tipo_tarjeta, mes_expiracion, anio_expiracion, comprador_id) values (120, '618-81-9463', 'credito', 9, 22, 620);
insert into tarjeta_id (tarjeta_id, numero, tipo_tarjeta, mes_expiracion, anio_expiracion, comprador_id) values (121, '145-57-2083', 'credito', 1, 26, 621);
insert into tarjeta_id (tarjeta_id, numero, tipo_tarjeta, mes_expiracion, anio_expiracion, comprador_id) values (122, '322-60-3079', 'credito', 10, 25, 622);
insert into tarjeta_id (tarjeta_id, numero, tipo_tarjeta, mes_expiracion, anio_expiracion, comprador_id) values (123, '245-54-2604', 'credito', 1, 23, 623);
insert into tarjeta_id (tarjeta_id, numero, tipo_tarjeta, mes_expiracion, anio_expiracion, comprador_id) values (124, '236-43-9477', 'credito', 4, 21, 624);
insert into tarjeta_id (tarjeta_id, numero, tipo_tarjeta, mes_expiracion, anio_expiracion, comprador_id) values (125, '293-32-0006', 'credito', 12, 22, 625);
insert into tarjeta_id (tarjeta_id, numero, tipo_tarjeta, mes_expiracion, anio_expiracion, comprador_id) values (126, '292-59-1098', 'credito', 4, 25, 626);
insert into tarjeta_id (tarjeta_id, numero, tipo_tarjeta, mes_expiracion, anio_expiracion, comprador_id) values (127, '269-26-3516', 'credito', 12, 22, 627);
insert into tarjeta_id (tarjeta_id, numero, tipo_tarjeta, mes_expiracion, anio_expiracion, comprador_id) values (128, '493-55-9072', 'credito', 9, 23, 628);
insert into tarjeta_id (tarjeta_id, numero, tipo_tarjeta, mes_expiracion, anio_expiracion, comprador_id) values (129, '839-99-2000', 'credito', 10, 22, 629);
insert into tarjeta_id (tarjeta_id, numero, tipo_tarjeta, mes_expiracion, anio_expiracion, comprador_id) values (130, '467-06-6074', 'credito', 3, 25, 630);
insert into tarjeta_id (tarjeta_id, numero, tipo_tarjeta, mes_expiracion, anio_expiracion, comprador_id) values (131, '500-27-9031', 'credito', 7, 25, 631);
insert into tarjeta_id (tarjeta_id, numero, tipo_tarjeta, mes_expiracion, anio_expiracion, comprador_id) values (132, '119-06-2707', 'credito', 5, 23, 632);
insert into tarjeta_id (tarjeta_id, numero, tipo_tarjeta, mes_expiracion, anio_expiracion, comprador_id) values (133, '305-95-1539', 'credito', 2, 26, 633);
insert into tarjeta_id (tarjeta_id, numero, tipo_tarjeta, mes_expiracion, anio_expiracion, comprador_id) values (134, '202-46-1693', 'credito', 4, 24, 634);
insert into tarjeta_id (tarjeta_id, numero, tipo_tarjeta, mes_expiracion, anio_expiracion, comprador_id) values (135, '469-14-9888', 'credito', 12, 22, 635);
insert into tarjeta_id (tarjeta_id, numero, tipo_tarjeta, mes_expiracion, anio_expiracion, comprador_id) values (136, '794-57-3671', 'credito', 6, 23, 636);
insert into tarjeta_id (tarjeta_id, numero, tipo_tarjeta, mes_expiracion, anio_expiracion, comprador_id) values (137, '228-45-3620', 'credito', 10, 21, 637);
insert into tarjeta_id (tarjeta_id, numero, tipo_tarjeta, mes_expiracion, anio_expiracion, comprador_id) values (138, '741-43-8898', 'credito', 8, 25, 638);
insert into tarjeta_id (tarjeta_id, numero, tipo_tarjeta, mes_expiracion, anio_expiracion, comprador_id) values (139, '694-79-6210', 'credito', 7, 23, 639);
insert into tarjeta_id (tarjeta_id, numero, tipo_tarjeta, mes_expiracion, anio_expiracion, comprador_id) values (140, '203-20-7499', 'credito', 1, 23, 640);
insert into tarjeta_id (tarjeta_id, numero, tipo_tarjeta, mes_expiracion, anio_expiracion, comprador_id) values (141, '840-54-6973', 'credito', 11, 21, 641);
insert into tarjeta_id (tarjeta_id, numero, tipo_tarjeta, mes_expiracion, anio_expiracion, comprador_id) values (142, '369-11-3066', 'credito', 10, 21, 642);
insert into tarjeta_id (tarjeta_id, numero, tipo_tarjeta, mes_expiracion, anio_expiracion, comprador_id) values (143, '362-53-0215', 'credito', 4, 21, 643);
insert into tarjeta_id (tarjeta_id, numero, tipo_tarjeta, mes_expiracion, anio_expiracion, comprador_id) values (144, '893-09-7066', 'credito', 7, 23, 644);
insert into tarjeta_id (tarjeta_id, numero, tipo_tarjeta, mes_expiracion, anio_expiracion, comprador_id) values (145, '662-62-2373', 'credito', 6, 24, 645);
insert into tarjeta_id (tarjeta_id, numero, tipo_tarjeta, mes_expiracion, anio_expiracion, comprador_id) values (146, '290-07-9858', 'credito', 5, 24, 646);
insert into tarjeta_id (tarjeta_id, numero, tipo_tarjeta, mes_expiracion, anio_expiracion, comprador_id) values (147, '815-40-8727', 'credito', 4, 23, 647);
insert into tarjeta_id (tarjeta_id, numero, tipo_tarjeta, mes_expiracion, anio_expiracion, comprador_id) values (148, '223-72-1981', 'credito', 7, 26, 648);
insert into tarjeta_id (tarjeta_id, numero, tipo_tarjeta, mes_expiracion, anio_expiracion, comprador_id) values (149, '179-73-0936', 'credito', 3, 25, 649);
insert into tarjeta_id (tarjeta_id, numero, tipo_tarjeta, mes_expiracion, anio_expiracion, comprador_id) values (150, '654-87-7442', 'credito', 4, 26, 650);
insert into tarjeta_id (tarjeta_id, numero, tipo_tarjeta, mes_expiracion, anio_expiracion, comprador_id) values (151, '767-55-0550', 'credito', 9, 23, 651);
insert into tarjeta_id (tarjeta_id, numero, tipo_tarjeta, mes_expiracion, anio_expiracion, comprador_id) values (152, '380-48-1657', 'credito', 6, 21, 652);
insert into tarjeta_id (tarjeta_id, numero, tipo_tarjeta, mes_expiracion, anio_expiracion, comprador_id) values (153, '534-89-4975', 'credito', 9, 24, 653);
insert into tarjeta_id (tarjeta_id, numero, tipo_tarjeta, mes_expiracion, anio_expiracion, comprador_id) values (154, '866-08-8439', 'credito', 9, 21, 654);
insert into tarjeta_id (tarjeta_id, numero, tipo_tarjeta, mes_expiracion, anio_expiracion, comprador_id) values (155, '675-87-2394', 'credito', 2, 24, 655);
insert into tarjeta_id (tarjeta_id, numero, tipo_tarjeta, mes_expiracion, anio_expiracion, comprador_id) values (156, '617-81-3524', 'credito', 10, 21, 656);
insert into tarjeta_id (tarjeta_id, numero, tipo_tarjeta, mes_expiracion, anio_expiracion, comprador_id) values (157, '663-37-4306', 'credito', 12, 26, 657);
insert into tarjeta_id (tarjeta_id, numero, tipo_tarjeta, mes_expiracion, anio_expiracion, comprador_id) values (158, '594-95-9072', 'credito', 1, 24, 658);
insert into tarjeta_id (tarjeta_id, numero, tipo_tarjeta, mes_expiracion, anio_expiracion, comprador_id) values (159, '372-33-7362', 'credito', 5, 24, 659);
insert into tarjeta_id (tarjeta_id, numero, tipo_tarjeta, mes_expiracion, anio_expiracion, comprador_id) values (160, '438-83-4510', 'credito', 9, 22, 660);
insert into tarjeta_id (tarjeta_id, numero, tipo_tarjeta, mes_expiracion, anio_expiracion, comprador_id) values (161, '572-49-0443', 'credito', 11, 23, 661);
insert into tarjeta_id (tarjeta_id, numero, tipo_tarjeta, mes_expiracion, anio_expiracion, comprador_id) values (162, '642-39-7486', 'credito', 7, 25, 662);
insert into tarjeta_id (tarjeta_id, numero, tipo_tarjeta, mes_expiracion, anio_expiracion, comprador_id) values (163, '405-56-9713', 'credito', 3, 26, 663);
insert into tarjeta_id (tarjeta_id, numero, tipo_tarjeta, mes_expiracion, anio_expiracion, comprador_id) values (164, '806-13-0578', 'credito', 6, 24, 664);
insert into tarjeta_id (tarjeta_id, numero, tipo_tarjeta, mes_expiracion, anio_expiracion, comprador_id) values (165, '742-01-0141', 'credito', 8, 25, 665);
insert into tarjeta_id (tarjeta_id, numero, tipo_tarjeta, mes_expiracion, anio_expiracion, comprador_id) values (166, '854-36-8215', 'credito', 9, 26, 666);
insert into tarjeta_id (tarjeta_id, numero, tipo_tarjeta, mes_expiracion, anio_expiracion, comprador_id) values (167, '262-35-9047', 'credito', 11, 21, 667);
insert into tarjeta_id (tarjeta_id, numero, tipo_tarjeta, mes_expiracion, anio_expiracion, comprador_id) values (168, '180-16-7983', 'credito', 4, 26, 668);
insert into tarjeta_id (tarjeta_id, numero, tipo_tarjeta, mes_expiracion, anio_expiracion, comprador_id) values (169, '735-39-1474', 'credito', 2, 26, 669);
insert into tarjeta_id (tarjeta_id, numero, tipo_tarjeta, mes_expiracion, anio_expiracion, comprador_id) values (170, '708-85-4256', 'credito', 12, 26, 670);
insert into tarjeta_id (tarjeta_id, numero, tipo_tarjeta, mes_expiracion, anio_expiracion, comprador_id) values (171, '633-78-4186', 'credito', 1, 25, 671);
insert into tarjeta_id (tarjeta_id, numero, tipo_tarjeta, mes_expiracion, anio_expiracion, comprador_id) values (172, '418-14-4797', 'credito', 8, 24, 672);
insert into tarjeta_id (tarjeta_id, numero, tipo_tarjeta, mes_expiracion, anio_expiracion, comprador_id) values (173, '765-56-6556', 'credito', 9, 26, 673);
insert into tarjeta_id (tarjeta_id, numero, tipo_tarjeta, mes_expiracion, anio_expiracion, comprador_id) values (174, '337-07-2777', 'credito', 5, 26, 674);
insert into tarjeta_id (tarjeta_id, numero, tipo_tarjeta, mes_expiracion, anio_expiracion, comprador_id) values (175, '832-35-1357', 'credito', 5, 22, 675);
insert into tarjeta_id (tarjeta_id, numero, tipo_tarjeta, mes_expiracion, anio_expiracion, comprador_id) values (176, '685-87-1889', 'credito', 11, 23, 676);
insert into tarjeta_id (tarjeta_id, numero, tipo_tarjeta, mes_expiracion, anio_expiracion, comprador_id) values (177, '624-70-6150', 'credito', 8, 24, 677);
insert into tarjeta_id (tarjeta_id, numero, tipo_tarjeta, mes_expiracion, anio_expiracion, comprador_id) values (178, '790-08-2880', 'credito', 9, 21, 678);
insert into tarjeta_id (tarjeta_id, numero, tipo_tarjeta, mes_expiracion, anio_expiracion, comprador_id) values (179, '509-17-3946', 'credito', 1, 22, 679);
insert into tarjeta_id (tarjeta_id, numero, tipo_tarjeta, mes_expiracion, anio_expiracion, comprador_id) values (180, '567-45-1915', 'credito', 8, 26, 680);
insert into tarjeta_id (tarjeta_id, numero, tipo_tarjeta, mes_expiracion, anio_expiracion, comprador_id) values (181, '789-05-2119', 'credito', 2, 26, 681);
insert into tarjeta_id (tarjeta_id, numero, tipo_tarjeta, mes_expiracion, anio_expiracion, comprador_id) values (182, '790-09-6776', 'credito', 4, 22, 682);
insert into tarjeta_id (tarjeta_id, numero, tipo_tarjeta, mes_expiracion, anio_expiracion, comprador_id) values (183, '484-47-7898', 'credito', 12, 21, 683);
insert into tarjeta_id (tarjeta_id, numero, tipo_tarjeta, mes_expiracion, anio_expiracion, comprador_id) values (184, '523-28-3190', 'credito', 4, 24, 684);
insert into tarjeta_id (tarjeta_id, numero, tipo_tarjeta, mes_expiracion, anio_expiracion, comprador_id) values (185, '183-58-1525', 'credito', 8, 23, 685);
insert into tarjeta_id (tarjeta_id, numero, tipo_tarjeta, mes_expiracion, anio_expiracion, comprador_id) values (186, '643-88-0052', 'credito', 12, 23, 686);
insert into tarjeta_id (tarjeta_id, numero, tipo_tarjeta, mes_expiracion, anio_expiracion, comprador_id) values (187, '819-42-9395', 'credito', 1, 25, 687);
insert into tarjeta_id (tarjeta_id, numero, tipo_tarjeta, mes_expiracion, anio_expiracion, comprador_id) values (188, '286-30-8886', 'credito', 10, 23, 688);
insert into tarjeta_id (tarjeta_id, numero, tipo_tarjeta, mes_expiracion, anio_expiracion, comprador_id) values (189, '517-78-9550', 'credito', 10, 22, 689);
insert into tarjeta_id (tarjeta_id, numero, tipo_tarjeta, mes_expiracion, anio_expiracion, comprador_id) values (190, '443-83-2365', 'credito', 3, 21, 690);
insert into tarjeta_id (tarjeta_id, numero, tipo_tarjeta, mes_expiracion, anio_expiracion, comprador_id) values (191, '780-52-7583', 'credito', 11, 24, 691);
insert into tarjeta_id (tarjeta_id, numero, tipo_tarjeta, mes_expiracion, anio_expiracion, comprador_id) values (192, '556-01-2115', 'credito', 9, 25, 692);
insert into tarjeta_id (tarjeta_id, numero, tipo_tarjeta, mes_expiracion, anio_expiracion, comprador_id) values (193, '452-46-8226', 'credito', 5, 23, 693);
insert into tarjeta_id (tarjeta_id, numero, tipo_tarjeta, mes_expiracion, anio_expiracion, comprador_id) values (194, '394-16-0996', 'credito', 3, 23, 694);
insert into tarjeta_id (tarjeta_id, numero, tipo_tarjeta, mes_expiracion, anio_expiracion, comprador_id) values (195, '814-21-3856', 'credito', 2, 24, 695);
insert into tarjeta_id (tarjeta_id, numero, tipo_tarjeta, mes_expiracion, anio_expiracion, comprador_id) values (196, '777-92-1071', 'credito', 3, 24, 696);
insert into tarjeta_id (tarjeta_id, numero, tipo_tarjeta, mes_expiracion, anio_expiracion, comprador_id) values (197, '371-85-6067', 'credito', 6, 24, 697);
insert into tarjeta_id (tarjeta_id, numero, tipo_tarjeta, mes_expiracion, anio_expiracion, comprador_id) values (198, '578-76-0159', 'credito', 10, 25, 698);
insert into tarjeta_id (tarjeta_id, numero, tipo_tarjeta, mes_expiracion, anio_expiracion, comprador_id) values (199, '810-46-2906', 'credito', 7, 24, 699);
insert into tarjeta_id (tarjeta_id, numero, tipo_tarjeta, mes_expiracion, anio_expiracion, comprador_id) values (200, '543-42-3894', 'credito', 7, 21, 700);
insert into tarjeta_id (tarjeta_id, numero, tipo_tarjeta, mes_expiracion, anio_expiracion, comprador_id) values (201, '764-28-4499', 'credito', 10, 22, 701);
insert into tarjeta_id (tarjeta_id, numero, tipo_tarjeta, mes_expiracion, anio_expiracion, comprador_id) values (202, '404-53-8422', 'credito', 3, 25, 702);
insert into tarjeta_id (tarjeta_id, numero, tipo_tarjeta, mes_expiracion, anio_expiracion, comprador_id) values (203, '353-81-8398', 'credito', 7, 22, 703);
insert into tarjeta_id (tarjeta_id, numero, tipo_tarjeta, mes_expiracion, anio_expiracion, comprador_id) values (204, '785-77-1019', 'credito', 11, 21, 704);
insert into tarjeta_id (tarjeta_id, numero, tipo_tarjeta, mes_expiracion, anio_expiracion, comprador_id) values (205, '699-13-0932', 'credito', 9, 26, 705);
insert into tarjeta_id (tarjeta_id, numero, tipo_tarjeta, mes_expiracion, anio_expiracion, comprador_id) values (206, '741-81-2217', 'credito', 3, 24, 706);
insert into tarjeta_id (tarjeta_id, numero, tipo_tarjeta, mes_expiracion, anio_expiracion, comprador_id) values (207, '542-47-4144', 'credito', 9, 22, 707);
insert into tarjeta_id (tarjeta_id, numero, tipo_tarjeta, mes_expiracion, anio_expiracion, comprador_id) values (208, '286-22-3797', 'credito', 1, 22, 708);
insert into tarjeta_id (tarjeta_id, numero, tipo_tarjeta, mes_expiracion, anio_expiracion, comprador_id) values (209, '268-42-2348', 'credito', 1, 21, 709);
insert into tarjeta_id (tarjeta_id, numero, tipo_tarjeta, mes_expiracion, anio_expiracion, comprador_id) values (210, '861-36-0139', 'credito', 4, 22, 710);
insert into tarjeta_id (tarjeta_id, numero, tipo_tarjeta, mes_expiracion, anio_expiracion, comprador_id) values (211, '205-39-4332', 'credito', 9, 21, 711);
insert into tarjeta_id (tarjeta_id, numero, tipo_tarjeta, mes_expiracion, anio_expiracion, comprador_id) values (212, '362-17-2193', 'credito', 10, 25, 712);
insert into tarjeta_id (tarjeta_id, numero, tipo_tarjeta, mes_expiracion, anio_expiracion, comprador_id) values (213, '366-06-4345', 'credito', 4, 23, 713);
insert into tarjeta_id (tarjeta_id, numero, tipo_tarjeta, mes_expiracion, anio_expiracion, comprador_id) values (214, '420-84-9920', 'credito', 2, 23, 714);
insert into tarjeta_id (tarjeta_id, numero, tipo_tarjeta, mes_expiracion, anio_expiracion, comprador_id) values (215, '417-17-6219', 'credito', 12, 22, 715);
insert into tarjeta_id (tarjeta_id, numero, tipo_tarjeta, mes_expiracion, anio_expiracion, comprador_id) values (216, '537-24-2927', 'credito', 10, 23, 716);
insert into tarjeta_id (tarjeta_id, numero, tipo_tarjeta, mes_expiracion, anio_expiracion, comprador_id) values (217, '498-49-6483', 'credito', 8, 23, 717);
insert into tarjeta_id (tarjeta_id, numero, tipo_tarjeta, mes_expiracion, anio_expiracion, comprador_id) values (218, '870-31-2978', 'credito', 6, 21, 718);
insert into tarjeta_id (tarjeta_id, numero, tipo_tarjeta, mes_expiracion, anio_expiracion, comprador_id) values (219, '130-56-7465', 'credito', 10, 24, 719);
insert into tarjeta_id (tarjeta_id, numero, tipo_tarjeta, mes_expiracion, anio_expiracion, comprador_id) values (220, '612-10-4088', 'credito', 4, 23, 720);
insert into tarjeta_id (tarjeta_id, numero, tipo_tarjeta, mes_expiracion, anio_expiracion, comprador_id) values (221, '643-96-6384', 'credito', 2, 23, 721);
insert into tarjeta_id (tarjeta_id, numero, tipo_tarjeta, mes_expiracion, anio_expiracion, comprador_id) values (222, '379-06-9560', 'credito', 4, 26, 722);
insert into tarjeta_id (tarjeta_id, numero, tipo_tarjeta, mes_expiracion, anio_expiracion, comprador_id) values (223, '239-37-9690', 'credito', 9, 26, 723);
insert into tarjeta_id (tarjeta_id, numero, tipo_tarjeta, mes_expiracion, anio_expiracion, comprador_id) values (224, '491-71-2599', 'credito', 5, 24, 724);
insert into tarjeta_id (tarjeta_id, numero, tipo_tarjeta, mes_expiracion, anio_expiracion, comprador_id) values (225, '241-90-8471', 'credito', 8, 21, 725);
insert into tarjeta_id (tarjeta_id, numero, tipo_tarjeta, mes_expiracion, anio_expiracion, comprador_id) values (226, '207-72-5425', 'credito', 5, 22, 726);
insert into tarjeta_id (tarjeta_id, numero, tipo_tarjeta, mes_expiracion, anio_expiracion, comprador_id) values (227, '122-70-4016', 'credito', 6, 23, 727);
insert into tarjeta_id (tarjeta_id, numero, tipo_tarjeta, mes_expiracion, anio_expiracion, comprador_id) values (228, '149-14-0359', 'credito', 9, 25, 728);
insert into tarjeta_id (tarjeta_id, numero, tipo_tarjeta, mes_expiracion, anio_expiracion, comprador_id) values (229, '667-18-6053', 'credito', 8, 25, 729);
insert into tarjeta_id (tarjeta_id, numero, tipo_tarjeta, mes_expiracion, anio_expiracion, comprador_id) values (230, '408-66-5145', 'credito', 2, 24, 730);
insert into tarjeta_id (tarjeta_id, numero, tipo_tarjeta, mes_expiracion, anio_expiracion, comprador_id) values (231, '404-13-2509', 'credito', 6, 26, 731);
insert into tarjeta_id (tarjeta_id, numero, tipo_tarjeta, mes_expiracion, anio_expiracion, comprador_id) values (232, '114-11-1056', 'credito', 4, 26, 732);
insert into tarjeta_id (tarjeta_id, numero, tipo_tarjeta, mes_expiracion, anio_expiracion, comprador_id) values (233, '536-15-9065', 'credito', 2, 22, 733);
insert into tarjeta_id (tarjeta_id, numero, tipo_tarjeta, mes_expiracion, anio_expiracion, comprador_id) values (234, '145-22-8655', 'credito', 2, 26, 734);
insert into tarjeta_id (tarjeta_id, numero, tipo_tarjeta, mes_expiracion, anio_expiracion, comprador_id) values (235, '724-02-9418', 'credito', 11, 24, 735);
insert into tarjeta_id (tarjeta_id, numero, tipo_tarjeta, mes_expiracion, anio_expiracion, comprador_id) values (236, '823-61-8750', 'credito', 1, 23, 736);
insert into tarjeta_id (tarjeta_id, numero, tipo_tarjeta, mes_expiracion, anio_expiracion, comprador_id) values (237, '598-24-9548', 'credito', 12, 22, 737);
insert into tarjeta_id (tarjeta_id, numero, tipo_tarjeta, mes_expiracion, anio_expiracion, comprador_id) values (238, '292-52-8168', 'credito', 12, 26, 738);
insert into tarjeta_id (tarjeta_id, numero, tipo_tarjeta, mes_expiracion, anio_expiracion, comprador_id) values (239, '151-11-6701', 'credito', 9, 24, 739);
insert into tarjeta_id (tarjeta_id, numero, tipo_tarjeta, mes_expiracion, anio_expiracion, comprador_id) values (240, '674-35-9728', 'credito', 9, 25, 740);
insert into tarjeta_id (tarjeta_id, numero, tipo_tarjeta, mes_expiracion, anio_expiracion, comprador_id) values (241, '385-45-3359', 'credito', 7, 26, 741);
insert into tarjeta_id (tarjeta_id, numero, tipo_tarjeta, mes_expiracion, anio_expiracion, comprador_id) values (242, '862-05-0506', 'credito', 10, 25, 742);
insert into tarjeta_id (tarjeta_id, numero, tipo_tarjeta, mes_expiracion, anio_expiracion, comprador_id) values (243, '691-93-3537', 'credito', 12, 24, 743);
insert into tarjeta_id (tarjeta_id, numero, tipo_tarjeta, mes_expiracion, anio_expiracion, comprador_id) values (244, '466-50-6438', 'credito', 6, 26, 744);
insert into tarjeta_id (tarjeta_id, numero, tipo_tarjeta, mes_expiracion, anio_expiracion, comprador_id) values (245, '565-32-9749', 'credito', 10, 23, 745);
insert into tarjeta_id (tarjeta_id, numero, tipo_tarjeta, mes_expiracion, anio_expiracion, comprador_id) values (246, '669-12-4020', 'credito', 3, 23, 746);
insert into tarjeta_id (tarjeta_id, numero, tipo_tarjeta, mes_expiracion, anio_expiracion, comprador_id) values (247, '750-41-8092', 'credito', 11, 24, 747);
insert into tarjeta_id (tarjeta_id, numero, tipo_tarjeta, mes_expiracion, anio_expiracion, comprador_id) values (248, '831-71-4940', 'credito', 1, 22, 748);
insert into tarjeta_id (tarjeta_id, numero, tipo_tarjeta, mes_expiracion, anio_expiracion, comprador_id) values (249, '125-79-0563', 'credito', 7, 21, 749);
insert into tarjeta_id (tarjeta_id, numero, tipo_tarjeta, mes_expiracion, anio_expiracion, comprador_id) values (250, '356-35-7821', 'credito', 3, 24, 750);
insert into tarjeta_id (tarjeta_id, numero, tipo_tarjeta, mes_expiracion, anio_expiracion, comprador_id) values (251, '390-06-7439', 'credito', 11, 24, 751);
insert into tarjeta_id (tarjeta_id, numero, tipo_tarjeta, mes_expiracion, anio_expiracion, comprador_id) values (252, '738-69-0489', 'credito', 10, 26, 752);
insert into tarjeta_id (tarjeta_id, numero, tipo_tarjeta, mes_expiracion, anio_expiracion, comprador_id) values (253, '663-42-1129', 'credito', 11, 25, 753);
insert into tarjeta_id (tarjeta_id, numero, tipo_tarjeta, mes_expiracion, anio_expiracion, comprador_id) values (254, '316-63-8610', 'credito', 7, 24, 754);
insert into tarjeta_id (tarjeta_id, numero, tipo_tarjeta, mes_expiracion, anio_expiracion, comprador_id) values (255, '504-35-2358', 'credito', 5, 23, 755);
insert into tarjeta_id (tarjeta_id, numero, tipo_tarjeta, mes_expiracion, anio_expiracion, comprador_id) values (256, '446-88-6301', 'credito', 1, 23, 756);
insert into tarjeta_id (tarjeta_id, numero, tipo_tarjeta, mes_expiracion, anio_expiracion, comprador_id) values (257, '569-37-8544', 'credito', 10, 25, 757);
insert into tarjeta_id (tarjeta_id, numero, tipo_tarjeta, mes_expiracion, anio_expiracion, comprador_id) values (258, '203-67-6245', 'credito', 1, 26, 758);
insert into tarjeta_id (tarjeta_id, numero, tipo_tarjeta, mes_expiracion, anio_expiracion, comprador_id) values (259, '619-42-9841', 'credito', 1, 26, 759);
insert into tarjeta_id (tarjeta_id, numero, tipo_tarjeta, mes_expiracion, anio_expiracion, comprador_id) values (260, '589-57-5537', 'credito', 1, 22, 760);
insert into tarjeta_id (tarjeta_id, numero, tipo_tarjeta, mes_expiracion, anio_expiracion, comprador_id) values (261, '315-22-9947', 'credito', 1, 23, 761);
insert into tarjeta_id (tarjeta_id, numero, tipo_tarjeta, mes_expiracion, anio_expiracion, comprador_id) values (262, '147-48-2654', 'credito', 9, 26, 762);
insert into tarjeta_id (tarjeta_id, numero, tipo_tarjeta, mes_expiracion, anio_expiracion, comprador_id) values (263, '704-69-5936', 'credito', 6, 23, 763);
insert into tarjeta_id (tarjeta_id, numero, tipo_tarjeta, mes_expiracion, anio_expiracion, comprador_id) values (264, '548-06-8461', 'credito', 2, 21, 764);
insert into tarjeta_id (tarjeta_id, numero, tipo_tarjeta, mes_expiracion, anio_expiracion, comprador_id) values (265, '707-79-9264', 'credito', 4, 24, 765);
insert into tarjeta_id (tarjeta_id, numero, tipo_tarjeta, mes_expiracion, anio_expiracion, comprador_id) values (266, '726-51-1640', 'credito', 5, 23, 766);
insert into tarjeta_id (tarjeta_id, numero, tipo_tarjeta, mes_expiracion, anio_expiracion, comprador_id) values (267, '232-94-9033', 'credito', 12, 23, 767);
insert into tarjeta_id (tarjeta_id, numero, tipo_tarjeta, mes_expiracion, anio_expiracion, comprador_id) values (268, '151-70-3700', 'credito', 1, 23, 768);
insert into tarjeta_id (tarjeta_id, numero, tipo_tarjeta, mes_expiracion, anio_expiracion, comprador_id) values (269, '758-70-0848', 'credito', 5, 26, 769);
insert into tarjeta_id (tarjeta_id, numero, tipo_tarjeta, mes_expiracion, anio_expiracion, comprador_id) values (270, '818-28-5951', 'credito', 4, 21, 770);
insert into tarjeta_id (tarjeta_id, numero, tipo_tarjeta, mes_expiracion, anio_expiracion, comprador_id) values (271, '890-07-7165', 'credito', 11, 25, 771);
insert into tarjeta_id (tarjeta_id, numero, tipo_tarjeta, mes_expiracion, anio_expiracion, comprador_id) values (272, '731-33-0125', 'credito', 5, 25, 772);
insert into tarjeta_id (tarjeta_id, numero, tipo_tarjeta, mes_expiracion, anio_expiracion, comprador_id) values (273, '364-73-5789', 'credito', 10, 23, 773);
insert into tarjeta_id (tarjeta_id, numero, tipo_tarjeta, mes_expiracion, anio_expiracion, comprador_id) values (274, '322-65-5389', 'credito', 7, 26, 774);
insert into tarjeta_id (tarjeta_id, numero, tipo_tarjeta, mes_expiracion, anio_expiracion, comprador_id) values (275, '400-98-5647', 'credito', 7, 21, 775);
insert into tarjeta_id (tarjeta_id, numero, tipo_tarjeta, mes_expiracion, anio_expiracion, comprador_id) values (276, '684-85-0094', 'credito', 9, 22, 776);
insert into tarjeta_id (tarjeta_id, numero, tipo_tarjeta, mes_expiracion, anio_expiracion, comprador_id) values (277, '509-01-0226', 'credito', 11, 24, 777);
insert into tarjeta_id (tarjeta_id, numero, tipo_tarjeta, mes_expiracion, anio_expiracion, comprador_id) values (278, '249-29-5421', 'credito', 3, 25, 778);
insert into tarjeta_id (tarjeta_id, numero, tipo_tarjeta, mes_expiracion, anio_expiracion, comprador_id) values (279, '114-24-1180', 'credito', 8, 26, 779);
insert into tarjeta_id (tarjeta_id, numero, tipo_tarjeta, mes_expiracion, anio_expiracion, comprador_id) values (280, '195-39-1024', 'credito', 12, 21, 780);
insert into tarjeta_id (tarjeta_id, numero, tipo_tarjeta, mes_expiracion, anio_expiracion, comprador_id) values (281, '518-57-9280', 'credito', 4, 24, 781);
insert into tarjeta_id (tarjeta_id, numero, tipo_tarjeta, mes_expiracion, anio_expiracion, comprador_id) values (282, '442-78-6310', 'credito', 11, 25, 782);
insert into tarjeta_id (tarjeta_id, numero, tipo_tarjeta, mes_expiracion, anio_expiracion, comprador_id) values (283, '841-40-5251', 'credito', 8, 23, 783);
insert into tarjeta_id (tarjeta_id, numero, tipo_tarjeta, mes_expiracion, anio_expiracion, comprador_id) values (284, '169-52-3081', 'credito', 11, 23, 784);
insert into tarjeta_id (tarjeta_id, numero, tipo_tarjeta, mes_expiracion, anio_expiracion, comprador_id) values (285, '277-54-9332', 'credito', 4, 23, 785);
insert into tarjeta_id (tarjeta_id, numero, tipo_tarjeta, mes_expiracion, anio_expiracion, comprador_id) values (286, '580-57-8717', 'credito', 11, 21, 786);
insert into tarjeta_id (tarjeta_id, numero, tipo_tarjeta, mes_expiracion, anio_expiracion, comprador_id) values (287, '310-32-4264', 'credito', 10, 25, 787);
insert into tarjeta_id (tarjeta_id, numero, tipo_tarjeta, mes_expiracion, anio_expiracion, comprador_id) values (288, '544-72-5016', 'credito', 9, 21, 788);
insert into tarjeta_id (tarjeta_id, numero, tipo_tarjeta, mes_expiracion, anio_expiracion, comprador_id) values (289, '288-37-0224', 'credito', 12, 23, 789);
insert into tarjeta_id (tarjeta_id, numero, tipo_tarjeta, mes_expiracion, anio_expiracion, comprador_id) values (290, '658-54-4052', 'credito', 5, 25, 790);
insert into tarjeta_id (tarjeta_id, numero, tipo_tarjeta, mes_expiracion, anio_expiracion, comprador_id) values (291, '826-66-0879', 'credito', 11, 22, 791);
insert into tarjeta_id (tarjeta_id, numero, tipo_tarjeta, mes_expiracion, anio_expiracion, comprador_id) values (292, '346-21-4730', 'credito', 4, 24, 792);
insert into tarjeta_id (tarjeta_id, numero, tipo_tarjeta, mes_expiracion, anio_expiracion, comprador_id) values (293, '423-64-6037', 'credito', 10, 22, 793);
insert into tarjeta_id (tarjeta_id, numero, tipo_tarjeta, mes_expiracion, anio_expiracion, comprador_id) values (294, '728-42-7667', 'credito', 4, 24, 794);
insert into tarjeta_id (tarjeta_id, numero, tipo_tarjeta, mes_expiracion, anio_expiracion, comprador_id) values (295, '286-17-9919', 'credito', 10, 26, 795);
insert into tarjeta_id (tarjeta_id, numero, tipo_tarjeta, mes_expiracion, anio_expiracion, comprador_id) values (296, '422-57-1284', 'credito', 12, 26, 796);
insert into tarjeta_id (tarjeta_id, numero, tipo_tarjeta, mes_expiracion, anio_expiracion, comprador_id) values (297, '411-34-1413', 'credito', 10, 24, 797);
insert into tarjeta_id (tarjeta_id, numero, tipo_tarjeta, mes_expiracion, anio_expiracion, comprador_id) values (298, '342-25-5683', 'credito', 5, 26, 798);
insert into tarjeta_id (tarjeta_id, numero, tipo_tarjeta, mes_expiracion, anio_expiracion, comprador_id) values (299, '302-35-5302', 'credito', 7, 24, 799);
insert into tarjeta_id (tarjeta_id, numero, tipo_tarjeta, mes_expiracion, anio_expiracion, comprador_id) values (300, '452-43-8649', 'credito', 6, 22, 800);
insert into tarjeta_id (tarjeta_id, numero, tipo_tarjeta, mes_expiracion, anio_expiracion, comprador_id) values (301, '542-77-6630', 'credito', 3, 21, 801);
insert into tarjeta_id (tarjeta_id, numero, tipo_tarjeta, mes_expiracion, anio_expiracion, comprador_id) values (302, '471-76-4458', 'credito', 9, 26, 802);
insert into tarjeta_id (tarjeta_id, numero, tipo_tarjeta, mes_expiracion, anio_expiracion, comprador_id) values (303, '207-88-6131', 'credito', 2, 23, 803);
insert into tarjeta_id (tarjeta_id, numero, tipo_tarjeta, mes_expiracion, anio_expiracion, comprador_id) values (304, '711-39-7999', 'credito', 4, 23, 804);
insert into tarjeta_id (tarjeta_id, numero, tipo_tarjeta, mes_expiracion, anio_expiracion, comprador_id) values (305, '304-23-7210', 'credito', 8, 23, 805);
insert into tarjeta_id (tarjeta_id, numero, tipo_tarjeta, mes_expiracion, anio_expiracion, comprador_id) values (306, '507-42-9975', 'credito', 10, 24, 806);
insert into tarjeta_id (tarjeta_id, numero, tipo_tarjeta, mes_expiracion, anio_expiracion, comprador_id) values (307, '605-41-5255', 'credito', 10, 23, 807);
insert into tarjeta_id (tarjeta_id, numero, tipo_tarjeta, mes_expiracion, anio_expiracion, comprador_id) values (308, '248-50-8991', 'credito', 7, 25, 808);
insert into tarjeta_id (tarjeta_id, numero, tipo_tarjeta, mes_expiracion, anio_expiracion, comprador_id) values (309, '196-57-7088', 'credito', 2, 24, 809);
insert into tarjeta_id (tarjeta_id, numero, tipo_tarjeta, mes_expiracion, anio_expiracion, comprador_id) values (310, '814-01-1392', 'credito', 2, 26, 810);
insert into tarjeta_id (tarjeta_id, numero, tipo_tarjeta, mes_expiracion, anio_expiracion, comprador_id) values (311, '533-84-0657', 'credito', 4, 26, 811);
insert into tarjeta_id (tarjeta_id, numero, tipo_tarjeta, mes_expiracion, anio_expiracion, comprador_id) values (312, '355-20-7051', 'credito', 6, 24, 812);
insert into tarjeta_id (tarjeta_id, numero, tipo_tarjeta, mes_expiracion, anio_expiracion, comprador_id) values (313, '678-66-6727', 'credito', 2, 24, 813);
insert into tarjeta_id (tarjeta_id, numero, tipo_tarjeta, mes_expiracion, anio_expiracion, comprador_id) values (314, '648-66-9697', 'credito', 4, 21, 814);
insert into tarjeta_id (tarjeta_id, numero, tipo_tarjeta, mes_expiracion, anio_expiracion, comprador_id) values (315, '239-90-5901', 'credito', 11, 25, 815);
insert into tarjeta_id (tarjeta_id, numero, tipo_tarjeta, mes_expiracion, anio_expiracion, comprador_id) values (316, '419-27-7588', 'credito', 6, 21, 816);
insert into tarjeta_id (tarjeta_id, numero, tipo_tarjeta, mes_expiracion, anio_expiracion, comprador_id) values (317, '203-73-6046', 'credito', 9, 25, 817);
insert into tarjeta_id (tarjeta_id, numero, tipo_tarjeta, mes_expiracion, anio_expiracion, comprador_id) values (318, '872-80-0547', 'credito', 11, 26, 818);
insert into tarjeta_id (tarjeta_id, numero, tipo_tarjeta, mes_expiracion, anio_expiracion, comprador_id) values (319, '352-10-1473', 'credito', 1, 21, 819);
insert into tarjeta_id (tarjeta_id, numero, tipo_tarjeta, mes_expiracion, anio_expiracion, comprador_id) values (320, '334-15-3271', 'credito', 8, 23, 820);
insert into tarjeta_id (tarjeta_id, numero, tipo_tarjeta, mes_expiracion, anio_expiracion, comprador_id) values (321, '791-75-6956', 'credito', 3, 21, 821);
insert into tarjeta_id (tarjeta_id, numero, tipo_tarjeta, mes_expiracion, anio_expiracion, comprador_id) values (322, '583-55-7865', 'credito', 7, 25, 822);
insert into tarjeta_id (tarjeta_id, numero, tipo_tarjeta, mes_expiracion, anio_expiracion, comprador_id) values (323, '241-98-1555', 'credito', 6, 26, 823);
insert into tarjeta_id (tarjeta_id, numero, tipo_tarjeta, mes_expiracion, anio_expiracion, comprador_id) values (324, '687-51-5953', 'credito', 6, 22, 824);
insert into tarjeta_id (tarjeta_id, numero, tipo_tarjeta, mes_expiracion, anio_expiracion, comprador_id) values (325, '187-83-8029', 'credito', 8, 25, 825);
insert into tarjeta_id (tarjeta_id, numero, tipo_tarjeta, mes_expiracion, anio_expiracion, comprador_id) values (326, '264-67-7291', 'credito', 3, 24, 826);
insert into tarjeta_id (tarjeta_id, numero, tipo_tarjeta, mes_expiracion, anio_expiracion, comprador_id) values (327, '761-35-4726', 'credito', 5, 22, 827);
insert into tarjeta_id (tarjeta_id, numero, tipo_tarjeta, mes_expiracion, anio_expiracion, comprador_id) values (328, '230-58-2868', 'credito', 9, 25, 828);
insert into tarjeta_id (tarjeta_id, numero, tipo_tarjeta, mes_expiracion, anio_expiracion, comprador_id) values (329, '610-35-9804', 'credito', 6, 25, 829);
insert into tarjeta_id (tarjeta_id, numero, tipo_tarjeta, mes_expiracion, anio_expiracion, comprador_id) values (330, '208-35-0181', 'credito', 6, 24, 830);
insert into tarjeta_id (tarjeta_id, numero, tipo_tarjeta, mes_expiracion, anio_expiracion, comprador_id) values (331, '434-70-7175', 'credito', 9, 25, 831);
insert into tarjeta_id (tarjeta_id, numero, tipo_tarjeta, mes_expiracion, anio_expiracion, comprador_id) values (332, '830-76-3993', 'credito', 8, 26, 832);
insert into tarjeta_id (tarjeta_id, numero, tipo_tarjeta, mes_expiracion, anio_expiracion, comprador_id) values (333, '471-84-8397', 'credito', 8, 23, 833);
insert into tarjeta_id (tarjeta_id, numero, tipo_tarjeta, mes_expiracion, anio_expiracion, comprador_id) values (334, '329-35-4307', 'credito', 9, 21, 834);
insert into tarjeta_id (tarjeta_id, numero, tipo_tarjeta, mes_expiracion, anio_expiracion, comprador_id) values (335, '449-38-3407', 'credito', 3, 23, 835);
insert into tarjeta_id (tarjeta_id, numero, tipo_tarjeta, mes_expiracion, anio_expiracion, comprador_id) values (336, '780-59-3824', 'credito', 5, 21, 836);
insert into tarjeta_id (tarjeta_id, numero, tipo_tarjeta, mes_expiracion, anio_expiracion, comprador_id) values (337, '181-27-4454', 'credito', 11, 25, 837);
insert into tarjeta_id (tarjeta_id, numero, tipo_tarjeta, mes_expiracion, anio_expiracion, comprador_id) values (338, '188-98-3976', 'credito', 5, 26, 838);
insert into tarjeta_id (tarjeta_id, numero, tipo_tarjeta, mes_expiracion, anio_expiracion, comprador_id) values (339, '592-64-2786', 'credito', 1, 26, 839);
insert into tarjeta_id (tarjeta_id, numero, tipo_tarjeta, mes_expiracion, anio_expiracion, comprador_id) values (340, '498-84-0566', 'credito', 10, 24, 840);
insert into tarjeta_id (tarjeta_id, numero, tipo_tarjeta, mes_expiracion, anio_expiracion, comprador_id) values (341, '201-87-1034', 'credito', 2, 25, 841);
insert into tarjeta_id (tarjeta_id, numero, tipo_tarjeta, mes_expiracion, anio_expiracion, comprador_id) values (342, '767-54-4587', 'credito', 9, 26, 842);
insert into tarjeta_id (tarjeta_id, numero, tipo_tarjeta, mes_expiracion, anio_expiracion, comprador_id) values (343, '845-58-1007', 'credito', 9, 22, 843);
insert into tarjeta_id (tarjeta_id, numero, tipo_tarjeta, mes_expiracion, anio_expiracion, comprador_id) values (344, '708-80-2225', 'credito', 7, 25, 844);
insert into tarjeta_id (tarjeta_id, numero, tipo_tarjeta, mes_expiracion, anio_expiracion, comprador_id) values (345, '385-02-8576', 'credito', 4, 21, 845);
insert into tarjeta_id (tarjeta_id, numero, tipo_tarjeta, mes_expiracion, anio_expiracion, comprador_id) values (346, '452-50-6052', 'credito', 4, 23, 846);
insert into tarjeta_id (tarjeta_id, numero, tipo_tarjeta, mes_expiracion, anio_expiracion, comprador_id) values (347, '884-13-2286', 'credito', 7, 21, 847);
insert into tarjeta_id (tarjeta_id, numero, tipo_tarjeta, mes_expiracion, anio_expiracion, comprador_id) values (348, '349-75-4991','debito', 10, 26, 848);
insert into tarjeta_id (tarjeta_id, numero, tipo_tarjeta, mes_expiracion, anio_expiracion, comprador_id) values (349, '729-81-3844','debito', 11, 21, 849);
insert into tarjeta_id (tarjeta_id, numero, tipo_tarjeta, mes_expiracion, anio_expiracion, comprador_id) values (350, '567-63-4474','debito', 7, 25, 850);
insert into tarjeta_id (tarjeta_id, numero, tipo_tarjeta, mes_expiracion, anio_expiracion, comprador_id) values (351, '538-12-1883','debito', 9, 22, 851);
insert into tarjeta_id (tarjeta_id, numero, tipo_tarjeta, mes_expiracion, anio_expiracion, comprador_id) values (352, '232-66-3678','debito', 10, 21, 852);
insert into tarjeta_id (tarjeta_id, numero, tipo_tarjeta, mes_expiracion, anio_expiracion, comprador_id) values (353, '566-71-2830','debito', 9, 25, 853);
insert into tarjeta_id (tarjeta_id, numero, tipo_tarjeta, mes_expiracion, anio_expiracion, comprador_id) values (354, '730-74-5772','debito', 3, 21, 854);
insert into tarjeta_id (tarjeta_id, numero, tipo_tarjeta, mes_expiracion, anio_expiracion, comprador_id) values (355, '408-98-6416','debito', 4, 24, 855);
insert into tarjeta_id (tarjeta_id, numero, tipo_tarjeta, mes_expiracion, anio_expiracion, comprador_id) values (356, '332-81-9864','debito', 9, 23, 856);
insert into tarjeta_id (tarjeta_id, numero, tipo_tarjeta, mes_expiracion, anio_expiracion, comprador_id) values (357, '182-61-4860','debito', 9, 21, 857);
insert into tarjeta_id (tarjeta_id, numero, tipo_tarjeta, mes_expiracion, anio_expiracion, comprador_id) values (358, '152-05-4151','debito', 5, 23, 858);
insert into tarjeta_id (tarjeta_id, numero, tipo_tarjeta, mes_expiracion, anio_expiracion, comprador_id) values (359, '131-26-1493','debito', 9, 22, 859);
insert into tarjeta_id (tarjeta_id, numero, tipo_tarjeta, mes_expiracion, anio_expiracion, comprador_id) values (360, '505-52-1313','debito', 7, 25, 860);
insert into tarjeta_id (tarjeta_id, numero, tipo_tarjeta, mes_expiracion, anio_expiracion, comprador_id) values (361, '177-90-8109','debito', 5, 22, 861);
insert into tarjeta_id (tarjeta_id, numero, tipo_tarjeta, mes_expiracion, anio_expiracion, comprador_id) values (362, '357-95-6867','debito', 1, 24, 862);
insert into tarjeta_id (tarjeta_id, numero, tipo_tarjeta, mes_expiracion, anio_expiracion, comprador_id) values (363, '744-51-7521','debito', 3, 24, 863);
insert into tarjeta_id (tarjeta_id, numero, tipo_tarjeta, mes_expiracion, anio_expiracion, comprador_id) values (364, '239-58-5527','debito', 11, 23, 864);
insert into tarjeta_id (tarjeta_id, numero, tipo_tarjeta, mes_expiracion, anio_expiracion, comprador_id) values (365, '681-84-5777','debito', 8, 22, 865);
insert into tarjeta_id (tarjeta_id, numero, tipo_tarjeta, mes_expiracion, anio_expiracion, comprador_id) values (366, '729-27-7339','debito', 5, 22, 866);
insert into tarjeta_id (tarjeta_id, numero, tipo_tarjeta, mes_expiracion, anio_expiracion, comprador_id) values (367, '519-33-4227','debito', 9, 24, 867);
insert into tarjeta_id (tarjeta_id, numero, tipo_tarjeta, mes_expiracion, anio_expiracion, comprador_id) values (368, '451-38-1168','debito', 10, 23, 868);
insert into tarjeta_id (tarjeta_id, numero, tipo_tarjeta, mes_expiracion, anio_expiracion, comprador_id) values (369, '263-24-2069','debito', 8, 22, 869);
insert into tarjeta_id (tarjeta_id, numero, tipo_tarjeta, mes_expiracion, anio_expiracion, comprador_id) values (370, '153-01-4735','debito', 8, 25, 870);
insert into tarjeta_id (tarjeta_id, numero, tipo_tarjeta, mes_expiracion, anio_expiracion, comprador_id) values (371, '302-71-3253','debito', 7, 24, 871);
insert into tarjeta_id (tarjeta_id, numero, tipo_tarjeta, mes_expiracion, anio_expiracion, comprador_id) values (372, '561-28-4608','debito', 4, 25, 872);
insert into tarjeta_id (tarjeta_id, numero, tipo_tarjeta, mes_expiracion, anio_expiracion, comprador_id) values (373, '563-52-2728','debito', 9, 26, 873);
insert into tarjeta_id (tarjeta_id, numero, tipo_tarjeta, mes_expiracion, anio_expiracion, comprador_id) values (374, '371-41-1042','debito', 12, 24, 874);
insert into tarjeta_id (tarjeta_id, numero, tipo_tarjeta, mes_expiracion, anio_expiracion, comprador_id) values (375, '474-86-9770','debito', 3, 22, 875);
insert into tarjeta_id (tarjeta_id, numero, tipo_tarjeta, mes_expiracion, anio_expiracion, comprador_id) values (376, '172-91-3916','debito', 3, 21, 876);
insert into tarjeta_id (tarjeta_id, numero, tipo_tarjeta, mes_expiracion, anio_expiracion, comprador_id) values (377, '218-10-2086','debito', 6, 22, 877);
insert into tarjeta_id (tarjeta_id, numero, tipo_tarjeta, mes_expiracion, anio_expiracion, comprador_id) values (378, '335-29-0051','debito', 5, 22, 878);
insert into tarjeta_id (tarjeta_id, numero, tipo_tarjeta, mes_expiracion, anio_expiracion, comprador_id) values (379, '827-74-6402','debito', 5, 21, 879);
insert into tarjeta_id (tarjeta_id, numero, tipo_tarjeta, mes_expiracion, anio_expiracion, comprador_id) values (380, '110-21-9422','debito', 7, 23, 880);
insert into tarjeta_id (tarjeta_id, numero, tipo_tarjeta, mes_expiracion, anio_expiracion, comprador_id) values (381, '417-17-4026','debito', 6, 25, 881);
insert into tarjeta_id (tarjeta_id, numero, tipo_tarjeta, mes_expiracion, anio_expiracion, comprador_id) values (382, '795-81-2569','debito', 5, 25, 882);
insert into tarjeta_id (tarjeta_id, numero, tipo_tarjeta, mes_expiracion, anio_expiracion, comprador_id) values (383, '187-08-8347','debito', 4, 24, 883);
insert into tarjeta_id (tarjeta_id, numero, tipo_tarjeta, mes_expiracion, anio_expiracion, comprador_id) values (384, '843-04-3412','debito', 6, 21, 884);
insert into tarjeta_id (tarjeta_id, numero, tipo_tarjeta, mes_expiracion, anio_expiracion, comprador_id) values (385, '475-54-4938','debito', 11, 26, 885);
insert into tarjeta_id (tarjeta_id, numero, tipo_tarjeta, mes_expiracion, anio_expiracion, comprador_id) values (386, '576-77-4253','debito', 11, 21, 886);
insert into tarjeta_id (tarjeta_id, numero, tipo_tarjeta, mes_expiracion, anio_expiracion, comprador_id) values (387, '388-61-3389','debito', 6, 25, 887);
insert into tarjeta_id (tarjeta_id, numero, tipo_tarjeta, mes_expiracion, anio_expiracion, comprador_id) values (388, '118-88-4020','debito', 6, 23, 888);
insert into tarjeta_id (tarjeta_id, numero, tipo_tarjeta, mes_expiracion, anio_expiracion, comprador_id) values (389, '740-94-2017','debito', 5, 23, 889);
insert into tarjeta_id (tarjeta_id, numero, tipo_tarjeta, mes_expiracion, anio_expiracion, comprador_id) values (390, '449-36-7720','debito', 8, 23, 890);
insert into tarjeta_id (tarjeta_id, numero, tipo_tarjeta, mes_expiracion, anio_expiracion, comprador_id) values (391, '185-93-5690','debito', 8, 21, 891);
insert into tarjeta_id (tarjeta_id, numero, tipo_tarjeta, mes_expiracion, anio_expiracion, comprador_id) values (392, '821-60-3672','debito', 4, 22, 892);
insert into tarjeta_id (tarjeta_id, numero, tipo_tarjeta, mes_expiracion, anio_expiracion, comprador_id) values (393, '861-11-2219','debito', 10, 22, 893);
insert into tarjeta_id (tarjeta_id, numero, tipo_tarjeta, mes_expiracion, anio_expiracion, comprador_id) values (394, '418-99-7857','debito', 1, 21, 894);
insert into tarjeta_id (tarjeta_id, numero, tipo_tarjeta, mes_expiracion, anio_expiracion, comprador_id) values (395, '411-99-3152','debito', 10, 25, 895);
insert into tarjeta_id (tarjeta_id, numero, tipo_tarjeta, mes_expiracion, anio_expiracion, comprador_id) values (396, '393-84-5416','debito', 5, 24, 896);
insert into tarjeta_id (tarjeta_id, numero, tipo_tarjeta, mes_expiracion, anio_expiracion, comprador_id) values (397, '795-50-0582','debito', 1, 22, 897);
insert into tarjeta_id (tarjeta_id, numero, tipo_tarjeta, mes_expiracion, anio_expiracion, comprador_id) values (398, '820-84-4276','debito', 3, 25, 898);
insert into tarjeta_id (tarjeta_id, numero, tipo_tarjeta, mes_expiracion, anio_expiracion, comprador_id) values (399, '373-52-2243','debito', 6, 26, 899);
insert into tarjeta_id (tarjeta_id, numero, tipo_tarjeta, mes_expiracion, anio_expiracion, comprador_id) values (400, '631-72-8419','debito', 9, 25, 900);
insert into tarjeta_id (tarjeta_id, numero, tipo_tarjeta, mes_expiracion, anio_expiracion, comprador_id) values (401, '881-06-3400','debito', 4, 24, 901);
insert into tarjeta_id (tarjeta_id, numero, tipo_tarjeta, mes_expiracion, anio_expiracion, comprador_id) values (402, '599-41-1311','debito', 12, 26, 902);
insert into tarjeta_id (tarjeta_id, numero, tipo_tarjeta, mes_expiracion, anio_expiracion, comprador_id) values (403, '694-95-5122','debito', 5, 24, 903);
insert into tarjeta_id (tarjeta_id, numero, tipo_tarjeta, mes_expiracion, anio_expiracion, comprador_id) values (404, '452-08-0694','debito', 11, 23, 904);
insert into tarjeta_id (tarjeta_id, numero, tipo_tarjeta, mes_expiracion, anio_expiracion, comprador_id) values (405, '425-02-4533','debito', 1, 24, 905);
insert into tarjeta_id (tarjeta_id, numero, tipo_tarjeta, mes_expiracion, anio_expiracion, comprador_id) values (406, '848-08-0632','debito', 12, 21, 906);
insert into tarjeta_id (tarjeta_id, numero, tipo_tarjeta, mes_expiracion, anio_expiracion, comprador_id) values (407, '599-20-1185','debito', 7, 23, 907);
insert into tarjeta_id (tarjeta_id, numero, tipo_tarjeta, mes_expiracion, anio_expiracion, comprador_id) values (408, '455-05-4965','debito', 12, 21, 908);
insert into tarjeta_id (tarjeta_id, numero, tipo_tarjeta, mes_expiracion, anio_expiracion, comprador_id) values (409, '191-80-4737','debito', 8, 26, 909);
insert into tarjeta_id (tarjeta_id, numero, tipo_tarjeta, mes_expiracion, anio_expiracion, comprador_id) values (410, '266-25-5376','debito', 1, 26, 910);
insert into tarjeta_id (tarjeta_id, numero, tipo_tarjeta, mes_expiracion, anio_expiracion, comprador_id) values (411, '788-92-5109','debito', 12, 25, 911);
insert into tarjeta_id (tarjeta_id, numero, tipo_tarjeta, mes_expiracion, anio_expiracion, comprador_id) values (412, '273-13-6930','debito', 4, 26, 912);
insert into tarjeta_id (tarjeta_id, numero, tipo_tarjeta, mes_expiracion, anio_expiracion, comprador_id) values (413, '748-98-3265','debito', 4, 21, 913);
insert into tarjeta_id (tarjeta_id, numero, tipo_tarjeta, mes_expiracion, anio_expiracion, comprador_id) values (414, '767-06-0636','debito', 6, 26, 914);
insert into tarjeta_id (tarjeta_id, numero, tipo_tarjeta, mes_expiracion, anio_expiracion, comprador_id) values (415, '400-91-3278','debito', 8, 21, 915);
insert into tarjeta_id (tarjeta_id, numero, tipo_tarjeta, mes_expiracion, anio_expiracion, comprador_id) values (416, '436-83-3546','debito', 10, 24, 916);
insert into tarjeta_id (tarjeta_id, numero, tipo_tarjeta, mes_expiracion, anio_expiracion, comprador_id) values (417, '487-26-6524','debito', 1, 21, 917);
insert into tarjeta_id (tarjeta_id, numero, tipo_tarjeta, mes_expiracion, anio_expiracion, comprador_id) values (418, '721-10-0528','debito', 9, 23, 918);
insert into tarjeta_id (tarjeta_id, numero, tipo_tarjeta, mes_expiracion, anio_expiracion, comprador_id) values (419, '500-67-3659','debito', 10, 21, 919);
insert into tarjeta_id (tarjeta_id, numero, tipo_tarjeta, mes_expiracion, anio_expiracion, comprador_id) values (420, '195-21-5879','debito', 7, 26, 920);
insert into tarjeta_id (tarjeta_id, numero, tipo_tarjeta, mes_expiracion, anio_expiracion, comprador_id) values (421, '672-27-0361','debito', 6, 21, 921);
insert into tarjeta_id (tarjeta_id, numero, tipo_tarjeta, mes_expiracion, anio_expiracion, comprador_id) values (422, '311-67-4009','debito', 3, 22, 922);
insert into tarjeta_id (tarjeta_id, numero, tipo_tarjeta, mes_expiracion, anio_expiracion, comprador_id) values (423, '140-15-7903','debito', 7, 24, 923);
insert into tarjeta_id (tarjeta_id, numero, tipo_tarjeta, mes_expiracion, anio_expiracion, comprador_id) values (424, '546-04-0603','debito', 12, 22, 924);
insert into tarjeta_id (tarjeta_id, numero, tipo_tarjeta, mes_expiracion, anio_expiracion, comprador_id) values (425, '740-52-4197','debito', 10, 21, 925);
insert into tarjeta_id (tarjeta_id, numero, tipo_tarjeta, mes_expiracion, anio_expiracion, comprador_id) values (426, '361-44-8721','debito', 3, 24, 926);
insert into tarjeta_id (tarjeta_id, numero, tipo_tarjeta, mes_expiracion, anio_expiracion, comprador_id) values (427, '269-73-7368','debito', 10, 22, 927);
insert into tarjeta_id (tarjeta_id, numero, tipo_tarjeta, mes_expiracion, anio_expiracion, comprador_id) values (428, '460-22-9611','debito', 1, 24, 928);
insert into tarjeta_id (tarjeta_id, numero, tipo_tarjeta, mes_expiracion, anio_expiracion, comprador_id) values (429, '222-63-2280','debito', 10, 21, 929);
insert into tarjeta_id (tarjeta_id, numero, tipo_tarjeta, mes_expiracion, anio_expiracion, comprador_id) values (430, '723-15-0262','debito', 1, 22, 930);
insert into tarjeta_id (tarjeta_id, numero, tipo_tarjeta, mes_expiracion, anio_expiracion, comprador_id) values (431, '857-44-4577','debito', 5, 24, 931);
insert into tarjeta_id (tarjeta_id, numero, tipo_tarjeta, mes_expiracion, anio_expiracion, comprador_id) values (432, '766-39-8257','debito', 6, 26, 932);
insert into tarjeta_id (tarjeta_id, numero, tipo_tarjeta, mes_expiracion, anio_expiracion, comprador_id) values (433, '766-78-1740','debito', 3, 26, 933);
insert into tarjeta_id (tarjeta_id, numero, tipo_tarjeta, mes_expiracion, anio_expiracion, comprador_id) values (434, '196-06-6493','debito', 11, 23, 934);
insert into tarjeta_id (tarjeta_id, numero, tipo_tarjeta, mes_expiracion, anio_expiracion, comprador_id) values (435, '628-24-7423','debito', 5, 21, 935);
insert into tarjeta_id (tarjeta_id, numero, tipo_tarjeta, mes_expiracion, anio_expiracion, comprador_id) values (436, '249-47-0057','debito', 3, 21, 936);
insert into tarjeta_id (tarjeta_id, numero, tipo_tarjeta, mes_expiracion, anio_expiracion, comprador_id) values (437, '788-51-3008','debito', 5, 25, 937);
insert into tarjeta_id (tarjeta_id, numero, tipo_tarjeta, mes_expiracion, anio_expiracion, comprador_id) values (438, '412-47-1678','debito', 5, 24, 938);
insert into tarjeta_id (tarjeta_id, numero, tipo_tarjeta, mes_expiracion, anio_expiracion, comprador_id) values (439, '760-34-0993','debito', 11, 22, 939);
insert into tarjeta_id (tarjeta_id, numero, tipo_tarjeta, mes_expiracion, anio_expiracion, comprador_id) values (440, '659-74-6171','debito', 10, 21, 940);
insert into tarjeta_id (tarjeta_id, numero, tipo_tarjeta, mes_expiracion, anio_expiracion, comprador_id) values (441, '896-76-0428','debito', 7, 22, 941);
insert into tarjeta_id (tarjeta_id, numero, tipo_tarjeta, mes_expiracion, anio_expiracion, comprador_id) values (442, '688-30-8905','debito', 8, 22, 942);
insert into tarjeta_id (tarjeta_id, numero, tipo_tarjeta, mes_expiracion, anio_expiracion, comprador_id) values (443, '118-22-6983','debito', 7, 24, 943);
insert into tarjeta_id (tarjeta_id, numero, tipo_tarjeta, mes_expiracion, anio_expiracion, comprador_id) values (444, '204-39-1690','debito', 11, 26, 944);
insert into tarjeta_id (tarjeta_id, numero, tipo_tarjeta, mes_expiracion, anio_expiracion, comprador_id) values (445, '472-39-9196','debito', 9, 21, 945);
insert into tarjeta_id (tarjeta_id, numero, tipo_tarjeta, mes_expiracion, anio_expiracion, comprador_id) values (446, '377-88-2808','debito', 11, 21, 946);
insert into tarjeta_id (tarjeta_id, numero, tipo_tarjeta, mes_expiracion, anio_expiracion, comprador_id) values (447, '706-78-3774','debito', 3, 21, 947);
insert into tarjeta_id (tarjeta_id, numero, tipo_tarjeta, mes_expiracion, anio_expiracion, comprador_id) values (448, '848-43-4649','debito', 8, 25, 948);
insert into tarjeta_id (tarjeta_id, numero, tipo_tarjeta, mes_expiracion, anio_expiracion, comprador_id) values (449, '615-29-0530','debito', 1, 21, 949);
insert into tarjeta_id (tarjeta_id, numero, tipo_tarjeta, mes_expiracion, anio_expiracion, comprador_id) values (450, '784-04-3534','debito', 3, 23, 950);
insert into tarjeta_id (tarjeta_id, numero, tipo_tarjeta, mes_expiracion, anio_expiracion, comprador_id) values (451, '173-71-8781','debito', 1, 22, 951);
insert into tarjeta_id (tarjeta_id, numero, tipo_tarjeta, mes_expiracion, anio_expiracion, comprador_id) values (452, '523-78-6039','debito', 1, 25, 952);
insert into tarjeta_id (tarjeta_id, numero, tipo_tarjeta, mes_expiracion, anio_expiracion, comprador_id) values (453, '679-35-8457','debito', 11, 25, 953);
insert into tarjeta_id (tarjeta_id, numero, tipo_tarjeta, mes_expiracion, anio_expiracion, comprador_id) values (454, '224-11-2540','debito', 2, 26, 954);
insert into tarjeta_id (tarjeta_id, numero, tipo_tarjeta, mes_expiracion, anio_expiracion, comprador_id) values (455, '887-92-0827','debito', 12, 23, 955);
insert into tarjeta_id (tarjeta_id, numero, tipo_tarjeta, mes_expiracion, anio_expiracion, comprador_id) values (456, '563-25-9696','debito', 10, 23, 956);
insert into tarjeta_id (tarjeta_id, numero, tipo_tarjeta, mes_expiracion, anio_expiracion, comprador_id) values (457, '447-90-9000','debito', 12, 23, 957);
insert into tarjeta_id (tarjeta_id, numero, tipo_tarjeta, mes_expiracion, anio_expiracion, comprador_id) values (458, '509-75-1009','debito', 12, 23, 958);
insert into tarjeta_id (tarjeta_id, numero, tipo_tarjeta, mes_expiracion, anio_expiracion, comprador_id) values (459, '421-83-3334','debito', 10, 21, 959);
insert into tarjeta_id (tarjeta_id, numero, tipo_tarjeta, mes_expiracion, anio_expiracion, comprador_id) values (460, '649-69-6247','debito', 7, 22, 960);
insert into tarjeta_id (tarjeta_id, numero, tipo_tarjeta, mes_expiracion, anio_expiracion, comprador_id) values (461, '750-88-3913','debito', 12, 26, 961);
insert into tarjeta_id (tarjeta_id, numero, tipo_tarjeta, mes_expiracion, anio_expiracion, comprador_id) values (462, '628-07-4775','debito', 1, 25, 962);
insert into tarjeta_id (tarjeta_id, numero, tipo_tarjeta, mes_expiracion, anio_expiracion, comprador_id) values (463, '468-70-5604','debito', 1, 22, 963);
insert into tarjeta_id (tarjeta_id, numero, tipo_tarjeta, mes_expiracion, anio_expiracion, comprador_id) values (464, '710-55-1168','debito', 10, 24, 964);
insert into tarjeta_id (tarjeta_id, numero, tipo_tarjeta, mes_expiracion, anio_expiracion, comprador_id) values (465, '512-96-7067','debito', 3, 24, 965);
insert into tarjeta_id (tarjeta_id, numero, tipo_tarjeta, mes_expiracion, anio_expiracion, comprador_id) values (466, '315-28-7623','debito', 4, 24, 966);
insert into tarjeta_id (tarjeta_id, numero, tipo_tarjeta, mes_expiracion, anio_expiracion, comprador_id) values (467, '166-54-0132','debito', 8, 25, 967);
insert into tarjeta_id (tarjeta_id, numero, tipo_tarjeta, mes_expiracion, anio_expiracion, comprador_id) values (468, '542-25-4859','debito', 12, 25, 968);
insert into tarjeta_id (tarjeta_id, numero, tipo_tarjeta, mes_expiracion, anio_expiracion, comprador_id) values (469, '154-96-1953','debito', 1, 22, 969);
insert into tarjeta_id (tarjeta_id, numero, tipo_tarjeta, mes_expiracion, anio_expiracion, comprador_id) values (470, '121-77-5004','debito', 11, 22, 970);
insert into tarjeta_id (tarjeta_id, numero, tipo_tarjeta, mes_expiracion, anio_expiracion, comprador_id) values (471, '327-72-1230','debito', 2, 24, 971);
insert into tarjeta_id (tarjeta_id, numero, tipo_tarjeta, mes_expiracion, anio_expiracion, comprador_id) values (472, '811-88-3825','debito', 11, 26, 972);
insert into tarjeta_id (tarjeta_id, numero, tipo_tarjeta, mes_expiracion, anio_expiracion, comprador_id) values (473, '382-01-5771','debito', 6, 24, 973);
insert into tarjeta_id (tarjeta_id, numero, tipo_tarjeta, mes_expiracion, anio_expiracion, comprador_id) values (474, '586-24-5805','debito', 6, 25, 974);
insert into tarjeta_id (tarjeta_id, numero, tipo_tarjeta, mes_expiracion, anio_expiracion, comprador_id) values (475, '838-02-6090','debito', 12, 22, 975);
insert into tarjeta_id (tarjeta_id, numero, tipo_tarjeta, mes_expiracion, anio_expiracion, comprador_id) values (476, '399-58-7894','debito', 6, 24, 976);
insert into tarjeta_id (tarjeta_id, numero, tipo_tarjeta, mes_expiracion, anio_expiracion, comprador_id) values (477, '668-43-2298','debito', 9, 23, 977);
insert into tarjeta_id (tarjeta_id, numero, tipo_tarjeta, mes_expiracion, anio_expiracion, comprador_id) values (478, '632-34-3222','debito', 8, 22, 978);
insert into tarjeta_id (tarjeta_id, numero, tipo_tarjeta, mes_expiracion, anio_expiracion, comprador_id) values (479, '381-51-7391','debito', 1, 24, 979);
insert into tarjeta_id (tarjeta_id, numero, tipo_tarjeta, mes_expiracion, anio_expiracion, comprador_id) values (480, '622-82-2470','debito', 11, 21, 980);
insert into tarjeta_id (tarjeta_id, numero, tipo_tarjeta, mes_expiracion, anio_expiracion, comprador_id) values (481, '543-94-7631','debito', 5, 24, 981);
insert into tarjeta_id (tarjeta_id, numero, tipo_tarjeta, mes_expiracion, anio_expiracion, comprador_id) values (482, '668-20-8005','debito', 8, 22, 982);
insert into tarjeta_id (tarjeta_id, numero, tipo_tarjeta, mes_expiracion, anio_expiracion, comprador_id) values (483, '614-80-8551','debito', 1, 26, 983);
insert into tarjeta_id (tarjeta_id, numero, tipo_tarjeta, mes_expiracion, anio_expiracion, comprador_id) values (484, '472-93-3001','debito', 6, 24, 984);
insert into tarjeta_id (tarjeta_id, numero, tipo_tarjeta, mes_expiracion, anio_expiracion, comprador_id) values (485, '663-48-2124','debito', 10, 22, 985);
insert into tarjeta_id (tarjeta_id, numero, tipo_tarjeta, mes_expiracion, anio_expiracion, comprador_id) values (486, '266-29-2409','debito', 6, 21, 986);
insert into tarjeta_id (tarjeta_id, numero, tipo_tarjeta, mes_expiracion, anio_expiracion, comprador_id) values (487, '655-19-4687','debito', 1, 25, 987);
insert into tarjeta_id (tarjeta_id, numero, tipo_tarjeta, mes_expiracion, anio_expiracion, comprador_id) values (488, '893-75-2243','debito', 8, 23, 988);
insert into tarjeta_id (tarjeta_id, numero, tipo_tarjeta, mes_expiracion, anio_expiracion, comprador_id) values (489, '170-87-6516','debito', 7, 23, 989);
insert into tarjeta_id (tarjeta_id, numero, tipo_tarjeta, mes_expiracion, anio_expiracion, comprador_id) values (490, '416-56-4833','debito', 7, 23, 990);
insert into tarjeta_id (tarjeta_id, numero, tipo_tarjeta, mes_expiracion, anio_expiracion, comprador_id) values (491, '392-03-9802','debito', 5, 25, 991);
insert into tarjeta_id (tarjeta_id, numero, tipo_tarjeta, mes_expiracion, anio_expiracion, comprador_id) values (492, '538-39-4805','debito', 4, 21, 992);
insert into tarjeta_id (tarjeta_id, numero, tipo_tarjeta, mes_expiracion, anio_expiracion, comprador_id) values (493, '860-66-6086','debito', 2, 22, 993);
insert into tarjeta_id (tarjeta_id, numero, tipo_tarjeta, mes_expiracion, anio_expiracion, comprador_id) values (494, '826-54-0766','debito', 3, 25, 994);
insert into tarjeta_id (tarjeta_id, numero, tipo_tarjeta, mes_expiracion, anio_expiracion, comprador_id) values (495, '477-96-8757','debito', 11, 24, 995);
insert into tarjeta_id (tarjeta_id, numero, tipo_tarjeta, mes_expiracion, anio_expiracion, comprador_id) values (496, '213-62-7889','debito', 9, 24, 996);
insert into tarjeta_id (tarjeta_id, numero, tipo_tarjeta, mes_expiracion, anio_expiracion, comprador_id) values (497, '361-85-0068','debito', 3, 26, 997);
insert into tarjeta_id (tarjeta_id, numero, tipo_tarjeta, mes_expiracion, anio_expiracion, comprador_id) values (498, '114-64-1367','debito', 7, 22, 998);
insert into tarjeta_id (tarjeta_id, numero, tipo_tarjeta, mes_expiracion, anio_expiracion, comprador_id) values (499, '489-32-3812','debito', 8, 24, 999);
insert into tarjeta_id (tarjeta_id, numero, tipo_tarjeta, mes_expiracion, anio_expiracion, comprador_id) values (500, '498-91-3417','debito', 1, 24, 1000);
--factura
insert into factura (factura_id, folio, fecha, monto_total, iva, tarjeta_id) values (1, 1, '2020-04-15 14:14:20', 784602, 125536.32, 404);
insert into factura (factura_id, folio, fecha, monto_total, iva, tarjeta_id) values (2, 2, '2019-08-19 07:51:58', 337452, 53992.32, 46);
insert into factura (factura_id, folio, fecha, monto_total, iva, tarjeta_id) values (3, 3, '2020-03-29 07:48:25', 668197, 106911.52, 469);
insert into factura (factura_id, folio, fecha, monto_total, iva, tarjeta_id) values (4, 4, '2019-11-15 18:34:49', 482067, 77130.72, 346);
insert into factura (factura_id, folio, fecha, monto_total, iva, tarjeta_id) values (5, 5, '2020-04-14 18:05:49', 971786, 155485.76, 390);
insert into factura (factura_id, folio, fecha, monto_total, iva, tarjeta_id) values (6, 6, '2020-02-08 17:18:09', 205056, 32808.96, 218);
insert into factura (factura_id, folio, fecha, monto_total, iva, tarjeta_id) values (7, 7, '2020-05-04 11:55:59', 232284, 37165.44, 407);
insert into factura (factura_id, folio, fecha, monto_total, iva, tarjeta_id) values (8, 8, '2020-01-04 16:45:04', 690435, 110469.6, 493);
insert into factura (factura_id, folio, fecha, monto_total, iva, tarjeta_id) values (9, 9, '2019-08-15 10:56:57', 684590, 109534.4, 242);
insert into factura (factura_id, folio, fecha, monto_total, iva, tarjeta_id) values (10, 10, '2019-07-19 13:39:55', 76983, 12317.28, 11);
insert into factura (factura_id, folio, fecha, monto_total, iva, tarjeta_id) values (11, 11, '2020-02-03 00:56:59', 967858, 154857.28, 335);
insert into factura (factura_id, folio, fecha, monto_total, iva, tarjeta_id) values (12, 12, '2019-10-19 14:21:32', 311951, 49912.16, 113);
insert into factura (factura_id, folio, fecha, monto_total, iva, tarjeta_id) values (13, 13, '2019-12-07 23:45:19', 870895, 139343.2, 475);
insert into factura (factura_id, folio, fecha, monto_total, iva, tarjeta_id) values (14, 14, '2019-06-23 21:12:09', 850654, 136104.64, 396);
insert into factura (factura_id, folio, fecha, monto_total, iva, tarjeta_id) values (15, 15, '2020-05-12 17:07:19', 958060, 153289.6, 237);
insert into factura (factura_id, folio, fecha, monto_total, iva, tarjeta_id) values (16, 16, '2020-04-05 07:19:18', 461909, 73905.44, 146);
insert into factura (factura_id, folio, fecha, monto_total, iva, tarjeta_id) values (17, 17, '2020-04-14 08:06:01', 986467, 157834.72, 304);
insert into factura (factura_id, folio, fecha, monto_total, iva, tarjeta_id) values (18, 18, '2019-08-09 15:29:16', 768274, 122923.84, 483);
insert into factura (factura_id, folio, fecha, monto_total, iva, tarjeta_id) values (19, 19, '2019-12-11 20:15:19', 678367, 108538.72, 485);
insert into factura (factura_id, folio, fecha, monto_total, iva, tarjeta_id) values (20, 20, '2019-09-25 13:09:30', 260203, 41632.48, 280);
insert into factura (factura_id, folio, fecha, monto_total, iva, tarjeta_id) values (21, 21, '2019-10-29 08:16:54', 386347, 61815.52, 184);
insert into factura (factura_id, folio, fecha, monto_total, iva, tarjeta_id) values (22, 22, '2020-06-09 00:41:50', 85876, 13740.16, 59);
insert into factura (factura_id, folio, fecha, monto_total, iva, tarjeta_id) values (23, 23, '2019-07-23 16:11:20', 601543, 96246.88, 412);
insert into factura (factura_id, folio, fecha, monto_total, iva, tarjeta_id) values (24, 24, '2020-03-04 23:24:58', 315397, 50463.52, 315);
insert into factura (factura_id, folio, fecha, monto_total, iva, tarjeta_id) values (25, 25, '2019-08-19 03:45:39', 270489, 43278.24, 94);
insert into factura (factura_id, folio, fecha, monto_total, iva, tarjeta_id) values (26, 26, '2020-04-28 15:51:15', 539585, 86333.6, 354);
insert into factura (factura_id, folio, fecha, monto_total, iva, tarjeta_id) values (27, 27, '2019-08-09 12:19:32', 718768, 115002.88, 36);
insert into factura (factura_id, folio, fecha, monto_total, iva, tarjeta_id) values (28, 28, '2019-06-21 02:58:00', 48652, 7784.32, 8);
insert into factura (factura_id, folio, fecha, monto_total, iva, tarjeta_id) values (29, 29, '2020-03-15 01:53:38', 805622, 128899.52, 350);
insert into factura (factura_id, folio, fecha, monto_total, iva, tarjeta_id) values (30, 30, '2019-11-17 21:27:28', 294896, 47183.36, 175);
insert into factura (factura_id, folio, fecha, monto_total, iva, tarjeta_id) values (31, 31, '2019-11-22 06:34:51', 74397, 11903.52, 210);
insert into factura (factura_id, folio, fecha, monto_total, iva, tarjeta_id) values (32, 32, '2019-11-02 14:15:33', 76471, 12235.36, 61);
insert into factura (factura_id, folio, fecha, monto_total, iva, tarjeta_id) values (33, 33, '2019-09-20 14:59:53', 864831, 138372.96, 79);
insert into factura (factura_id, folio, fecha, monto_total, iva, tarjeta_id) values (34, 34, '2019-07-05 23:46:13', 780301, 124848.16, 204);
insert into factura (factura_id, folio, fecha, monto_total, iva, tarjeta_id) values (35, 35, '2019-12-10 11:06:21', 630401, 100864.16, 298);
insert into factura (factura_id, folio, fecha, monto_total, iva, tarjeta_id) values (36, 36, '2019-09-08 18:36:39', 490472, 78475.52, 416);
insert into factura (factura_id, folio, fecha, monto_total, iva, tarjeta_id) values (37, 37, '2020-04-10 21:32:08', 392040, 62726.4, 254);
insert into factura (factura_id, folio, fecha, monto_total, iva, tarjeta_id) values (38, 38, '2020-06-03 03:06:46', 757217, 121154.72, 316);
insert into factura (factura_id, folio, fecha, monto_total, iva, tarjeta_id) values (39, 39, '2019-08-22 15:06:43', 774159, 123865.44, 379);
insert into factura (factura_id, folio, fecha, monto_total, iva, tarjeta_id) values (40, 40, '2020-01-26 10:22:50', 832077, 133132.32, 140);
insert into factura (factura_id, folio, fecha, monto_total, iva, tarjeta_id) values (41, 41, '2020-03-18 02:22:31', 824563, 131930.08, 69);
insert into factura (factura_id, folio, fecha, monto_total, iva, tarjeta_id) values (42, 42, '2019-08-23 18:50:37', 547500, 87600, 147);
insert into factura (factura_id, folio, fecha, monto_total, iva, tarjeta_id) values (43, 43, '2019-08-28 09:58:46', 984362, 157497.92, 494);
insert into factura (factura_id, folio, fecha, monto_total, iva, tarjeta_id) values (44, 44, '2019-08-26 15:14:57', 766462, 122633.92, 95);
insert into factura (factura_id, folio, fecha, monto_total, iva, tarjeta_id) values (45, 45, '2019-06-27 03:40:24', 997376, 159580.16, 229);
insert into factura (factura_id, folio, fecha, monto_total, iva, tarjeta_id) values (46, 46, '2019-06-25 14:15:07', 66916, 10706.56, 218);
insert into factura (factura_id, folio, fecha, monto_total, iva, tarjeta_id) values (47, 47, '2019-06-29 22:30:40', 679454, 108712.64, 329);
insert into factura (factura_id, folio, fecha, monto_total, iva, tarjeta_id) values (48, 48, '2020-01-29 03:32:39', 948544, 151767.04, 193);
insert into factura (factura_id, folio, fecha, monto_total, iva, tarjeta_id) values (49, 49, '2019-07-09 06:26:07', 524764, 83962.24, 498);
insert into factura (factura_id, folio, fecha, monto_total, iva, tarjeta_id) values (50, 50, '2020-04-26 18:16:36', 334464, 53514.24, 140);
insert into factura (factura_id, folio, fecha, monto_total, iva, tarjeta_id) values (51, 51, '2019-10-19 11:11:50', 627937, 100469.92, 52);
insert into factura (factura_id, folio, fecha, monto_total, iva, tarjeta_id) values (52, 52, '2019-08-01 05:41:49', 643855, 103016.8, 279);
insert into factura (factura_id, folio, fecha, monto_total, iva, tarjeta_id) values (53, 53, '2019-10-11 23:55:07', 21972, 3515.52, 28);
insert into factura (factura_id, folio, fecha, monto_total, iva, tarjeta_id) values (54, 54, '2019-09-15 10:26:14', 79678, 12748.48, 476);
insert into factura (factura_id, folio, fecha, monto_total, iva, tarjeta_id) values (55, 55, '2019-12-14 16:48:24', 241292, 38606.72, 209);
insert into factura (factura_id, folio, fecha, monto_total, iva, tarjeta_id) values (56, 56, '2019-08-04 07:06:52', 850218, 136034.88, 484);
insert into factura (factura_id, folio, fecha, monto_total, iva, tarjeta_id) values (57, 57, '2020-02-15 19:34:17', 152582, 24413.12, 420);
insert into factura (factura_id, folio, fecha, monto_total, iva, tarjeta_id) values (58, 58, '2019-07-24 19:00:43', 594584, 95133.44, 434);
insert into factura (factura_id, folio, fecha, monto_total, iva, tarjeta_id) values (59, 59, '2019-08-13 08:00:35', 720605, 115296.8, 212);
insert into factura (factura_id, folio, fecha, monto_total, iva, tarjeta_id) values (60, 60, '2020-01-10 23:01:08', 232747, 37239.52, 201);
insert into factura (factura_id, folio, fecha, monto_total, iva, tarjeta_id) values (61, 61, '2020-01-05 10:31:01', 461223, 73795.68, 348);
insert into factura (factura_id, folio, fecha, monto_total, iva, tarjeta_id) values (62, 62, '2020-01-23 19:08:13', 556313, 89010.08, 150);
insert into factura (factura_id, folio, fecha, monto_total, iva, tarjeta_id) values (63, 63, '2020-02-01 04:50:41', 658936, 105429.76, 447);
insert into factura (factura_id, folio, fecha, monto_total, iva, tarjeta_id) values (64, 64, '2020-04-28 20:31:47', 480108, 76817.28, 328);
insert into factura (factura_id, folio, fecha, monto_total, iva, tarjeta_id) values (65, 65, '2019-07-31 00:02:04', 298838, 47814.08, 316);
insert into factura (factura_id, folio, fecha, monto_total, iva, tarjeta_id) values (66, 66, '2019-12-18 00:44:30', 769529, 123124.64, 304);
insert into factura (factura_id, folio, fecha, monto_total, iva, tarjeta_id) values (67, 67, '2019-11-11 11:35:28', 982844, 157255.04, 159);
insert into factura (factura_id, folio, fecha, monto_total, iva, tarjeta_id) values (68, 68, '2019-07-07 17:47:16', 153251, 24520.16, 282);
insert into factura (factura_id, folio, fecha, monto_total, iva, tarjeta_id) values (69, 69, '2019-07-20 15:19:30', 425247, 68039.52, 435);
insert into factura (factura_id, folio, fecha, monto_total, iva, tarjeta_id) values (70, 70, '2020-04-23 14:52:31', 39824, 6371.84, 249);
insert into factura (factura_id, folio, fecha, monto_total, iva, tarjeta_id) values (71, 71, '2020-04-13 19:56:25', 567423, 90787.68, 293);
insert into factura (factura_id, folio, fecha, monto_total, iva, tarjeta_id) values (72, 72, '2019-10-30 12:40:44', 117154, 18744.64, 452);
insert into factura (factura_id, folio, fecha, monto_total, iva, tarjeta_id) values (73, 73, '2020-05-17 19:50:48', 639153, 102264.48, 87);
insert into factura (factura_id, folio, fecha, monto_total, iva, tarjeta_id) values (74, 74, '2019-07-28 03:49:03', 723720, 115795.2, 372);
insert into factura (factura_id, folio, fecha, monto_total, iva, tarjeta_id) values (75, 75, '2019-08-07 20:43:40', 787924, 126067.84, 379);
insert into factura (factura_id, folio, fecha, monto_total, iva, tarjeta_id) values (76, 76, '2019-09-29 19:01:28', 881706, 141072.96, 365);
insert into factura (factura_id, folio, fecha, monto_total, iva, tarjeta_id) values (77, 77, '2020-03-23 02:50:13', 769072, 123051.52, 374);
insert into factura (factura_id, folio, fecha, monto_total, iva, tarjeta_id) values (78, 78, '2020-04-07 12:13:53', 506331, 81012.96, 484);
insert into factura (factura_id, folio, fecha, monto_total, iva, tarjeta_id) values (79, 79, '2020-02-07 04:48:01', 503026, 80484.16, 298);
insert into factura (factura_id, folio, fecha, monto_total, iva, tarjeta_id) values (80, 80, '2020-02-09 04:39:19', 66945, 10711.2, 281);
insert into factura (factura_id, folio, fecha, monto_total, iva, tarjeta_id) values (81, 81, '2020-03-06 23:25:42', 212034, 33925.44, 169);
insert into factura (factura_id, folio, fecha, monto_total, iva, tarjeta_id) values (82, 82, '2019-12-15 10:11:30', 90711, 14513.76, 489);
insert into factura (factura_id, folio, fecha, monto_total, iva, tarjeta_id) values (83, 83, '2019-10-04 02:15:17', 664009, 106241.44, 211);
insert into factura (factura_id, folio, fecha, monto_total, iva, tarjeta_id) values (84, 84, '2020-02-12 22:09:01', 500156, 80024.96, 73);
insert into factura (factura_id, folio, fecha, monto_total, iva, tarjeta_id) values (85, 85, '2019-09-20 01:26:46', 984854, 157576.64, 290);
insert into factura (factura_id, folio, fecha, monto_total, iva, tarjeta_id) values (86, 86, '2019-11-25 12:04:15', 664931, 106388.96, 38);
insert into factura (factura_id, folio, fecha, monto_total, iva, tarjeta_id) values (87, 87, '2020-01-10 04:08:43', 109107, 17457.12, 370);
insert into factura (factura_id, folio, fecha, monto_total, iva, tarjeta_id) values (88, 88, '2020-04-16 12:34:39', 137674, 22027.84, 76);
insert into factura (factura_id, folio, fecha, monto_total, iva, tarjeta_id) values (89, 89, '2020-04-29 02:25:58', 250926, 40148.16, 128);
insert into factura (factura_id, folio, fecha, monto_total, iva, tarjeta_id) values (90, 90, '2020-04-16 07:17:30', 478640, 76582.4, 63);
insert into factura (factura_id, folio, fecha, monto_total, iva, tarjeta_id) values (91, 91, '2019-11-10 22:51:32', 38153, 6104.48, 203);
insert into factura (factura_id, folio, fecha, monto_total, iva, tarjeta_id) values (92, 92, '2020-03-24 19:41:38', 537849, 86055.84, 130);
insert into factura (factura_id, folio, fecha, monto_total, iva, tarjeta_id) values (93, 93, '2019-12-18 15:30:07', 382640, 61222.4, 295);
insert into factura (factura_id, folio, fecha, monto_total, iva, tarjeta_id) values (94, 94, '2020-06-19 08:01:32', 493174, 78907.84, 179);
insert into factura (factura_id, folio, fecha, monto_total, iva, tarjeta_id) values (95, 95, '2019-07-23 04:07:03', 482854, 77256.64, 52);
insert into factura (factura_id, folio, fecha, monto_total, iva, tarjeta_id) values (96, 96, '2020-05-20 15:17:45', 716026, 114564.16, 383);
insert into factura (factura_id, folio, fecha, monto_total, iva, tarjeta_id) values (97, 97, '2020-05-12 15:19:21', 579492, 92718.72, 424);
insert into factura (factura_id, folio, fecha, monto_total, iva, tarjeta_id) values (98, 98, '2020-04-07 07:56:47', 114917, 18386.72, 220);
insert into factura (factura_id, folio, fecha, monto_total, iva, tarjeta_id) values (99, 99, '2019-12-23 06:18:16', 593594, 94975.04, 26);
insert into factura (factura_id, folio, fecha, monto_total, iva, tarjeta_id) values (100, 100, '2020-01-15 09:28:29', 34304, 5488.64, 151);
insert into factura (factura_id, folio, fecha, monto_total, iva, cuenta_banco_id) values (101, 101, '2019-08-11 07:03:51', 873481, 139756.96, 239);
insert into factura (factura_id, folio, fecha, monto_total, iva, cuenta_banco_id) values (102, 102, '2020-02-04 11:38:30', 585589, 93694.24, 322);
insert into factura (factura_id, folio, fecha, monto_total, iva, cuenta_banco_id) values (103, 103, '2019-10-28 19:43:13', 151640, 24262.4, 401);
insert into factura (factura_id, folio, fecha, monto_total, iva, cuenta_banco_id) values (104, 104, '2019-07-20 05:32:16', 775907, 124145.12, 128);
insert into factura (factura_id, folio, fecha, monto_total, iva, cuenta_banco_id) values (105, 105, '2020-05-06 07:48:18', 410690, 65710.4, 494);
insert into factura (factura_id, folio, fecha, monto_total, iva, cuenta_banco_id) values (106, 106, '2019-06-25 03:36:35', 129608, 20737.28, 143);
insert into factura (factura_id, folio, fecha, monto_total, iva, cuenta_banco_id) values (107, 107, '2019-09-13 13:46:01', 32816, 5250.56, 166);
insert into factura (factura_id, folio, fecha, monto_total, iva, cuenta_banco_id) values (108, 108, '2019-12-19 04:08:57', 279381, 44700.96, 477);
insert into factura (factura_id, folio, fecha, monto_total, iva, cuenta_banco_id) values (109, 109, '2020-01-24 19:05:54', 953133, 152501.28, 280);
insert into factura (factura_id, folio, fecha, monto_total, iva, cuenta_banco_id) values (110, 110, '2020-01-24 05:03:40', 599368, 95898.88, 56);
insert into factura (factura_id, folio, fecha, monto_total, iva, cuenta_banco_id) values (111, 111, '2019-10-27 04:15:58', 878542, 140566.72, 381);
insert into factura (factura_id, folio, fecha, monto_total, iva, cuenta_banco_id) values (112, 112, '2020-03-20 11:56:40', 533174, 85307.84, 3);
insert into factura (factura_id, folio, fecha, monto_total, iva, cuenta_banco_id) values (113, 113, '2020-05-09 00:17:52', 709953, 113592.48, 55);
insert into factura (factura_id, folio, fecha, monto_total, iva, cuenta_banco_id) values (114, 114, '2020-03-17 20:36:16', 57254, 9160.64, 393);
insert into factura (factura_id, folio, fecha, monto_total, iva, cuenta_banco_id) values (115, 115, '2019-11-08 04:10:45', 340128, 54420.48, 21);
insert into factura (factura_id, folio, fecha, monto_total, iva, cuenta_banco_id) values (116, 116, '2019-08-04 13:20:35', 250331, 40052.96, 42);
insert into factura (factura_id, folio, fecha, monto_total, iva, cuenta_banco_id) values (117, 117, '2019-09-28 03:04:15', 241946, 38711.36, 109);
insert into factura (factura_id, folio, fecha, monto_total, iva, cuenta_banco_id) values (118, 118, '2020-05-24 01:40:04', 780259, 124841.44, 30);
insert into factura (factura_id, folio, fecha, monto_total, iva, cuenta_banco_id) values (119, 119, '2019-10-17 08:35:30', 308844, 49415.04, 312);
insert into factura (factura_id, folio, fecha, monto_total, iva, cuenta_banco_id) values (120, 120, '2020-01-02 10:56:15', 861745, 137879.2, 297);
insert into factura (factura_id, folio, fecha, monto_total, iva, cuenta_banco_id) values (121, 121, '2020-03-15 17:52:11', 873776, 139804.16, 474);
insert into factura (factura_id, folio, fecha, monto_total, iva, cuenta_banco_id) values (122, 122, '2020-01-29 23:54:38', 558315, 89330.4, 47);
insert into factura (factura_id, folio, fecha, monto_total, iva, cuenta_banco_id) values (123, 123, '2020-06-01 19:28:23', 82569, 13211.04, 441);
insert into factura (factura_id, folio, fecha, monto_total, iva, cuenta_banco_id) values (124, 124, '2019-06-23 06:12:34', 747666, 119626.56, 8);
insert into factura (factura_id, folio, fecha, monto_total, iva, cuenta_banco_id) values (125, 125, '2019-12-02 23:27:10', 502064, 80330.24, 284);
insert into factura (factura_id, folio, fecha, monto_total, iva, cuenta_banco_id) values (126, 126, '2020-04-18 15:31:37', 526225, 84196, 94);
insert into factura (factura_id, folio, fecha, monto_total, iva, cuenta_banco_id) values (127, 127, '2020-03-05 21:10:04', 861390, 137822.4, 272);
insert into factura (factura_id, folio, fecha, monto_total, iva, cuenta_banco_id) values (128, 128, '2019-10-03 02:14:17', 741352, 118616.32, 497);
insert into factura (factura_id, folio, fecha, monto_total, iva, cuenta_banco_id) values (129, 129, '2020-04-04 10:41:37', 466209, 74593.44, 441);
insert into factura (factura_id, folio, fecha, monto_total, iva, cuenta_banco_id) values (130, 130, '2019-09-01 02:20:18', 796770, 127483.2, 230);
insert into factura (factura_id, folio, fecha, monto_total, iva, cuenta_banco_id) values (131, 131, '2019-09-20 08:18:45', 607253, 97160.48, 270);
insert into factura (factura_id, folio, fecha, monto_total, iva, cuenta_banco_id) values (132, 132, '2019-10-31 20:05:03', 64589, 10334.24, 142);
insert into factura (factura_id, folio, fecha, monto_total, iva, cuenta_banco_id) values (133, 133, '2019-09-09 13:52:15', 299408, 47905.28, 313);
insert into factura (factura_id, folio, fecha, monto_total, iva, cuenta_banco_id) values (134, 134, '2020-04-29 15:14:04', 685007, 109601.12, 398);
insert into factura (factura_id, folio, fecha, monto_total, iva, cuenta_banco_id) values (135, 135, '2020-02-26 11:16:47', 419253, 67080.48, 88);
insert into factura (factura_id, folio, fecha, monto_total, iva, cuenta_banco_id) values (136, 136, '2020-04-16 14:46:54', 325506, 52080.96, 374);
insert into factura (factura_id, folio, fecha, monto_total, iva, cuenta_banco_id) values (137, 137, '2020-06-10 16:10:40', 988990, 158238.4, 56);
insert into factura (factura_id, folio, fecha, monto_total, iva, cuenta_banco_id) values (138, 138, '2019-11-24 05:43:06', 541991, 86718.56, 148);
insert into factura (factura_id, folio, fecha, monto_total, iva, cuenta_banco_id) values (139, 139, '2020-05-06 05:52:53', 697253, 111560.48, 418);
insert into factura (factura_id, folio, fecha, monto_total, iva, cuenta_banco_id) values (140, 140, '2020-02-12 00:49:38', 269174, 43067.84, 390);
insert into factura (factura_id, folio, fecha, monto_total, iva, cuenta_banco_id) values (141, 141, '2020-02-22 18:49:36', 250383, 40061.28, 441);
insert into factura (factura_id, folio, fecha, monto_total, iva, cuenta_banco_id) values (142, 142, '2019-06-22 06:41:30', 83684, 13389.44, 96);
insert into factura (factura_id, folio, fecha, monto_total, iva, cuenta_banco_id) values (143, 143, '2020-06-10 09:44:40', 904084, 144653.44, 358);
insert into factura (factura_id, folio, fecha, monto_total, iva, cuenta_banco_id) values (144, 144, '2020-03-08 10:55:43', 371803, 59488.48, 25);
insert into factura (factura_id, folio, fecha, monto_total, iva, cuenta_banco_id) values (145, 145, '2019-06-25 14:22:42', 138523, 22163.68, 118);
insert into factura (factura_id, folio, fecha, monto_total, iva, cuenta_banco_id) values (146, 146, '2019-08-29 18:05:48', 733046, 117287.36, 487);
insert into factura (factura_id, folio, fecha, monto_total, iva, cuenta_banco_id) values (147, 147, '2020-05-14 11:19:37', 221175, 35388, 320);
insert into factura (factura_id, folio, fecha, monto_total, iva, cuenta_banco_id) values (148, 148, '2020-02-22 14:45:41', 250882, 40141.12, 497);
insert into factura (factura_id, folio, fecha, monto_total, iva, cuenta_banco_id) values (149, 149, '2019-07-18 18:34:34', 331945, 53111.2, 184);
insert into factura (factura_id, folio, fecha, monto_total, iva, cuenta_banco_id) values (150, 150, '2020-02-18 09:37:26', 320979, 51356.64, 58);
insert into factura (factura_id, folio, fecha, monto_total, iva, cuenta_banco_id) values (151, 151, '2020-02-02 14:38:55', 618532, 98965.12, 216);
insert into factura (factura_id, folio, fecha, monto_total, iva, cuenta_banco_id) values (152, 152, '2019-12-13 09:48:27', 199501, 31920.16, 361);
insert into factura (factura_id, folio, fecha, monto_total, iva, cuenta_banco_id) values (153, 153, '2020-05-31 14:23:12', 287865, 46058.4, 423);
insert into factura (factura_id, folio, fecha, monto_total, iva, cuenta_banco_id) values (154, 154, '2019-11-27 18:49:49', 633604, 101376.64, 277);
insert into factura (factura_id, folio, fecha, monto_total, iva, cuenta_banco_id) values (155, 155, '2019-10-20 05:56:34', 203654, 32584.64, 277);
insert into factura (factura_id, folio, fecha, monto_total, iva, cuenta_banco_id) values (156, 156, '2020-01-06 07:08:25', 586475, 93836, 316);
insert into factura (factura_id, folio, fecha, monto_total, iva, cuenta_banco_id) values (157, 157, '2020-06-07 11:42:41', 792552, 126808.32, 377);
insert into factura (factura_id, folio, fecha, monto_total, iva, cuenta_banco_id) values (158, 158, '2019-12-02 15:33:31', 606094, 96975.04, 398);
insert into factura (factura_id, folio, fecha, monto_total, iva, cuenta_banco_id) values (159, 159, '2019-10-04 19:33:17', 558977, 89436.32, 46);
insert into factura (factura_id, folio, fecha, monto_total, iva, cuenta_banco_id) values (160, 160, '2020-05-24 15:23:48', 564218, 90274.88, 62);
insert into factura (factura_id, folio, fecha, monto_total, iva, cuenta_banco_id) values (161, 161, '2020-05-16 11:11:48', 971382, 155421.12, 436);
insert into factura (factura_id, folio, fecha, monto_total, iva, cuenta_banco_id) values (162, 162, '2019-11-30 06:06:22', 32404, 5184.64, 6);
insert into factura (factura_id, folio, fecha, monto_total, iva, cuenta_banco_id) values (163, 163, '2020-01-13 11:06:11', 711742, 113878.72, 174);
insert into factura (factura_id, folio, fecha, monto_total, iva, cuenta_banco_id) values (164, 164, '2019-09-26 12:52:56', 974901, 155984.16, 459);
insert into factura (factura_id, folio, fecha, monto_total, iva, cuenta_banco_id) values (165, 165, '2019-06-26 09:29:29', 848210, 135713.6, 368);
insert into factura (factura_id, folio, fecha, monto_total, iva, cuenta_banco_id) values (166, 166, '2020-03-03 22:30:01', 27548, 4407.68, 156);
insert into factura (factura_id, folio, fecha, monto_total, iva, cuenta_banco_id) values (167, 167, '2019-08-02 08:45:25', 642252, 102760.32, 276);
insert into factura (factura_id, folio, fecha, monto_total, iva, cuenta_banco_id) values (168, 168, '2019-08-08 17:45:59', 244586, 39133.76, 468);
insert into factura (factura_id, folio, fecha, monto_total, iva, cuenta_banco_id) values (169, 169, '2020-03-11 13:45:57', 226146, 36183.36, 484);
insert into factura (factura_id, folio, fecha, monto_total, iva, cuenta_banco_id) values (170, 170, '2020-01-03 04:28:35', 764777, 122364.32, 297);
insert into factura (factura_id, folio, fecha, monto_total, iva, cuenta_banco_id) values (171, 171, '2020-04-17 09:33:46', 450089, 72014.24, 285);
insert into factura (factura_id, folio, fecha, monto_total, iva, cuenta_banco_id) values (172, 172, '2019-12-20 08:49:33', 342893, 54862.88, 77);
insert into factura (factura_id, folio, fecha, monto_total, iva, cuenta_banco_id) values (173, 173, '2019-06-25 21:42:19', 706768, 113082.88, 49);
insert into factura (factura_id, folio, fecha, monto_total, iva, cuenta_banco_id) values (174, 174, '2020-01-26 22:27:40', 841463, 134634.08, 163);
insert into factura (factura_id, folio, fecha, monto_total, iva, cuenta_banco_id) values (175, 175, '2019-11-14 22:11:29', 873610, 139777.6, 78);
insert into factura (factura_id, folio, fecha, monto_total, iva, cuenta_banco_id) values (176, 176, '2020-01-28 07:40:15', 148816, 23810.56, 492);
insert into factura (factura_id, folio, fecha, monto_total, iva, cuenta_banco_id) values (177, 177, '2020-03-09 02:27:36', 132429, 21188.64, 38);
insert into factura (factura_id, folio, fecha, monto_total, iva, cuenta_banco_id) values (178, 178, '2019-07-03 22:44:04', 645162, 103225.92, 391);
insert into factura (factura_id, folio, fecha, monto_total, iva, cuenta_banco_id) values (179, 179, '2020-03-19 04:26:25', 825606, 132096.96, 57);
insert into factura (factura_id, folio, fecha, monto_total, iva, cuenta_banco_id) values (180, 180, '2019-09-11 13:37:53', 689144, 110263.04, 50);
insert into factura (factura_id, folio, fecha, monto_total, iva, cuenta_banco_id) values (181, 181, '2020-01-03 05:32:50', 843242, 134918.72, 198);
insert into factura (factura_id, folio, fecha, monto_total, iva, cuenta_banco_id) values (182, 182, '2020-04-16 10:37:15', 538902, 86224.32, 155);
insert into factura (factura_id, folio, fecha, monto_total, iva, cuenta_banco_id) values (183, 183, '2019-10-26 22:42:56', 907788, 145246.08, 206);
insert into factura (factura_id, folio, fecha, monto_total, iva, cuenta_banco_id) values (184, 184, '2019-10-24 14:18:59', 371032, 59365.12, 399);
insert into factura (factura_id, folio, fecha, monto_total, iva, cuenta_banco_id) values (185, 185, '2019-06-28 10:49:37', 636558, 101849.28, 291);
insert into factura (factura_id, folio, fecha, monto_total, iva, cuenta_banco_id) values (186, 186, '2019-10-28 16:21:15', 287162, 45945.92, 53);
insert into factura (factura_id, folio, fecha, monto_total, iva, cuenta_banco_id) values (187, 187, '2019-08-10 14:53:43', 638304, 102128.64, 376);
insert into factura (factura_id, folio, fecha, monto_total, iva, cuenta_banco_id) values (188, 188, '2020-06-13 09:22:51', 706990, 113118.4, 488);
insert into factura (factura_id, folio, fecha, monto_total, iva, cuenta_banco_id) values (189, 189, '2020-02-05 04:45:56', 884342, 141494.72, 39);
insert into factura (factura_id, folio, fecha, monto_total, iva, cuenta_banco_id) values (190, 190, '2020-04-25 18:52:19', 860400, 137664, 416);
insert into factura (factura_id, folio, fecha, monto_total, iva, cuenta_banco_id) values (191, 191, '2019-09-18 12:55:41', 751490, 120238.4, 113);
insert into factura (factura_id, folio, fecha, monto_total, iva, cuenta_banco_id) values (192, 192, '2019-10-17 03:21:07', 765653, 122504.48, 158);
insert into factura (factura_id, folio, fecha, monto_total, iva, cuenta_banco_id) values (193, 193, '2019-10-06 10:25:18', 145507, 23281.12, 68);
insert into factura (factura_id, folio, fecha, monto_total, iva, cuenta_banco_id) values (194, 194, '2019-09-07 15:40:23', 185194, 29631.04, 178);
insert into factura (factura_id, folio, fecha, monto_total, iva, cuenta_banco_id) values (195, 195, '2019-11-23 02:01:37', 608857, 97417.12, 293);
insert into factura (factura_id, folio, fecha, monto_total, iva, cuenta_banco_id) values (196, 196, '2019-12-17 08:50:33', 764154, 122264.64, 109);
insert into factura (factura_id, folio, fecha, monto_total, iva, cuenta_banco_id) values (197, 197, '2020-01-18 22:46:46', 246381, 39420.96, 40);
insert into factura (factura_id, folio, fecha, monto_total, iva, cuenta_banco_id) values (198, 198, '2019-06-27 19:51:24', 930835, 148933.6, 407);
insert into factura (factura_id, folio, fecha, monto_total, iva, cuenta_banco_id) values (199, 199, '2019-10-31 17:50:21', 329204, 52672.64, 302);
insert into factura (factura_id, folio, fecha, monto_total, iva, cuenta_banco_id) values (200, 200, '2020-04-04 17:16:56', 776494, 124239.04, 323);
--Foto_objeto
insert into foto_objeto (foto_objeto_id, foto, objeto_id) values (1, 'fa4731415f70c6bd33f7cefa1ddef7b1832194551cdbb3e7564e67e6f747849f', 25);
insert into foto_objeto (foto_objeto_id, foto, objeto_id) values (2, '19b904e721a6c2fd3f7af105c327a25de0af845b2ccc4c237885d5065a35cd6f', 300);
insert into foto_objeto (foto_objeto_id, foto, objeto_id) values (3, '4f7e1c016b20f11730ca8661bb4f2ed17d5a459c893ae1481105dc8e198b799b', 78);
insert into foto_objeto (foto_objeto_id, foto, objeto_id) values (4, '5177549256f957518211b409675ab87fcfc4aabeae9cc2e8b440b51c493ab52f', 89);
insert into foto_objeto (foto_objeto_id, foto, objeto_id) values (5, '935e7432b1367d354a418f10f4e42873f7c5b90fd6a296de911c78875edd2d89', 35);
insert into foto_objeto (foto_objeto_id, foto, objeto_id) values (6, 'ff3cb9500ad92f98f445450b154dc6de59ce23a06159c987323056eb4f2be45a', 264);
insert into foto_objeto (foto_objeto_id, foto, objeto_id) values (7, 'a0c7eb569e0a22447f4a56cca40bd9d3e7abde54968f093c575448ad73d0a437', 216);
insert into foto_objeto (foto_objeto_id, foto, objeto_id) values (8, '82f6eb8656f79f23cc886361a10ab2e9d98cc3c754d6e8a7c356c558b33db7b4', 247);
insert into foto_objeto (foto_objeto_id, foto, objeto_id) values (9, 'fbe890d3f8960fa0db50be0ff8aa6cbeef77bc6ddaf64e1f1b7b29550a72e9a7', 58);
insert into foto_objeto (foto_objeto_id, foto, objeto_id) values (10, 'f7624503cba8b9ed16c35a346c6ded35962ba17ffa9c71dc5cc6e189c45d83eb', 151);
insert into foto_objeto (foto_objeto_id, foto, objeto_id) values (11, 'efd0b98b86205bd6028e7b39de77f40c4cf7f96730504aa2a42edca6954e578a', 77);
insert into foto_objeto (foto_objeto_id, foto, objeto_id) values (12, 'e31cbcffdc5d40d3b70ffe5a3d15ab262d12efe89d13bdafb2bd0bcdc6558081', 35);
insert into foto_objeto (foto_objeto_id, foto, objeto_id) values (13, 'f6f37b1a276e11213024b77045979647ce0219e3f4ef0683cf4cfc317694f675', 271);
insert into foto_objeto (foto_objeto_id, foto, objeto_id) values (14, '1d6bcc9d05079ba002c35de5fadf1ab04671c06ddbe00df2044202a0bac6b26e', 131);
insert into foto_objeto (foto_objeto_id, foto, objeto_id) values (15, '30864c4078248222fcd340cb2c1e9ac1dda1b1f5850b399580d6cab8b6cee408', 260);
insert into foto_objeto (foto_objeto_id, foto, objeto_id) values (16, '6b3fdf734d64151da6ea9a786f4507e508d5de967ae3e634e0a67b3b0b236ee3', 79);
insert into foto_objeto (foto_objeto_id, foto, objeto_id) values (17, 'd461cd6748459d3a7c901818f482061bbea0f927c47083a318e2855e151ab839', 220);
insert into foto_objeto (foto_objeto_id, foto, objeto_id) values (18, 'a19cad08e5eebfdf0b0758544b1036f690ba608602420012428ab7c1f5276234', 263);
insert into foto_objeto (foto_objeto_id, foto, objeto_id) values (19, '4ab3fbbd2fbf83dfae4999af5a73c7a14b747a7fc5291b8a5e4895953d253ad1', 53);
insert into foto_objeto (foto_objeto_id, foto, objeto_id) values (20, 'dace158eb9f543715e4c75d2cab01ab0d06366c13c70b5374b92635a42cf2776', 85);
insert into foto_objeto (foto_objeto_id, foto, objeto_id) values (21, '2c2bcb2e883081a99ec56022c6f8176be8e70323b0087efca64668251848cb3a', 277);
insert into foto_objeto (foto_objeto_id, foto, objeto_id) values (22, '2fa00a43f413257e3179a97b5fa4a31ebc4d3f3b813231a755592def41871d6a', 290);
insert into foto_objeto (foto_objeto_id, foto, objeto_id) values (23, '47a1069c8549c468ae8ea40a2e7742c3f7fbc7ece65109e3647fb81963a88ea4', 148);
insert into foto_objeto (foto_objeto_id, foto, objeto_id) values (24, '74487cbfa8b591081eec64325059e08fa19e4d0439760b993ed42f7db570473d', 122);
insert into foto_objeto (foto_objeto_id, foto, objeto_id) values (25, '6966800dc6c0c6620db929312955b832ceb9c032016c317bafb1bebb55c159c1', 170);
insert into foto_objeto (foto_objeto_id, foto, objeto_id) values (26, '3de6e7341858e8b82d4a43c05d3505f0c6f26c8297806e117fda6605747699c6', 128);
insert into foto_objeto (foto_objeto_id, foto, objeto_id) values (27, '385985f7dc52110c11ccd3570a5eeea53cdba0cd346ed2c3f77396c6ee222660', 50);
insert into foto_objeto (foto_objeto_id, foto, objeto_id) values (28, 'b26aa1a3eb3385f99626b6b86a6753e598f56017fcdcc6b7a6dbdf6b0d89d2b4', 268);
insert into foto_objeto (foto_objeto_id, foto, objeto_id) values (29, '6d451d94b007eb4b8e7d465df2d8749be3cf463dacded6e328ef02a7041ff1db', 21);
insert into foto_objeto (foto_objeto_id, foto, objeto_id) values (30, 'd776cb5a515b0ddb2486c26419c0d5fc577056c27513d65fdadee3b26cba46de', 234);
insert into foto_objeto (foto_objeto_id, foto, objeto_id) values (31, 'cc545ee3ca32dfaa4fd0eb37b1b29f48192133eca367ee1e7c5bd5bc817d2ea9', 78);
insert into foto_objeto (foto_objeto_id, foto, objeto_id) values (32, '4215da370a87cf75b33352b9abc4d42117c2dfecccf71159eca48ffbc5a8ced3', 271);
insert into foto_objeto (foto_objeto_id, foto, objeto_id) values (33, 'cbbe08ffa63479d08465bf1c388bd7671cec175eaa569b43e529ac7562786fae', 125);
insert into foto_objeto (foto_objeto_id, foto, objeto_id) values (34, 'ae2eb94e2ebe3338300e5ffd6267386fb5d6da8fa8c9baa1e2ea870eaced8093', 49);
insert into foto_objeto (foto_objeto_id, foto, objeto_id) values (35, 'ef8357270c0e639c2d2d65ca4dfbf2a5a53481b40e9558ddb47f4f69d80a9424', 196);
insert into foto_objeto (foto_objeto_id, foto, objeto_id) values (36, '7459a0af6247131ebcbb4c50559df8fcb71dfbe22622e8be200f13f51c74b880', 272);
insert into foto_objeto (foto_objeto_id, foto, objeto_id) values (37, 'd3734bdbd620dd49f15599d824ae084fe7507b761e25cf4a0da219edf26f50fc', 233);
insert into foto_objeto (foto_objeto_id, foto, objeto_id) values (38, '3876ddaa0c15b473e0d38cb7bfa25ab94290381c98f677d5b930b3b8d3dadaeb', 202);
insert into foto_objeto (foto_objeto_id, foto, objeto_id) values (39, 'b39a42197396943bbb9b492a6918464aeb27e10b108ba14a4d7c17ecd14e6246', 82);
insert into foto_objeto (foto_objeto_id, foto, objeto_id) values (40, '5805738ead6380e5d0d4e9fd71570d71b329801aa1a6bb5148efbfefa1787b2e', 249);
insert into foto_objeto (foto_objeto_id, foto, objeto_id) values (41, '80e47e8ed914283b1246caee531c2245afecbea332ea5ef66c6c53b8282096c2', 54);
insert into foto_objeto (foto_objeto_id, foto, objeto_id) values (42, 'd137b6e39e28221c09e5b337e4d12184414abe10ed259fadd1d45d9fa9091b1b', 267);
insert into foto_objeto (foto_objeto_id, foto, objeto_id) values (43, '774054a6f3dbc8ba8a304c207691adc0b67d020fbf83611af2b91ee0ae7aecdf', 71);
insert into foto_objeto (foto_objeto_id, foto, objeto_id) values (44, '45bd12569746990329e35ce7e28ad904c045cbd21eb4d592f655432ffb8a4e18', 134);
insert into foto_objeto (foto_objeto_id, foto, objeto_id) values (45, '0c3851b409ba49def37793bc19a2b8961f3441719891b1a55631bb1a24092fb1', 93);
insert into foto_objeto (foto_objeto_id, foto, objeto_id) values (46, '991cd8ed0d31a6d1c8046e6c911619661eea6ddbc20ec49d79827d61f76ee6ab', 173);
insert into foto_objeto (foto_objeto_id, foto, objeto_id) values (47, '739bdf5d04f7b579718a9780c9c31b85a523adfc9491a93513ecaf33d7c588f7', 185);
insert into foto_objeto (foto_objeto_id, foto, objeto_id) values (48, '7a0a13e4d5a9b27d88e6428acfa54f92eafcfa58d62954cabbf18cf0823cd099', 262);
insert into foto_objeto (foto_objeto_id, foto, objeto_id) values (49, '57bb813b2b162f23f788c4c381c4097db283b5d5277b7fbcc62d327a90118bfe', 11);
insert into foto_objeto (foto_objeto_id, foto, objeto_id) values (50, '065534d1fbc02077df3a307cae2e4349745e8fa7222406f7fd32b8b86d31a64f', 198);
insert into foto_objeto (foto_objeto_id, foto, objeto_id) values (51, '3b77e3430801ad9bc3f072a5296b5ebf6644adf56ff8ad6fe93f687b4449794a', 107);
insert into foto_objeto (foto_objeto_id, foto, objeto_id) values (52, 'ccb1fb301aa78d1153764b04919770ef5c90c01e2895c8bd5d239cc6fee1b000', 197);
insert into foto_objeto (foto_objeto_id, foto, objeto_id) values (53, '1c5451c77774cd2be80a17e4b80e24caf4592bb2e60a24257de0f9c87f8f0af1', 247);
insert into foto_objeto (foto_objeto_id, foto, objeto_id) values (54, 'ed4580dadc802423ad36f4e78c9e03fe74339412ba9db99b9839d4a4b23960dd', 44);
insert into foto_objeto (foto_objeto_id, foto, objeto_id) values (55, '08bd252c1cecd6aeacfff829344d20f4cbe17e69d08e4f7622ccb9f5db78255f', 288);
insert into foto_objeto (foto_objeto_id, foto, objeto_id) values (56, '7390839dd50d03d344977a13d4d364efd43322707e10c1743a9210cbed7f65f0', 98);
insert into foto_objeto (foto_objeto_id, foto, objeto_id) values (57, '85f1e9f19ec76d16dbc7c2549769e0a1b4d3b35514bb02356c9fc2af7f2f6c7f', 31);
insert into foto_objeto (foto_objeto_id, foto, objeto_id) values (58, '89c3b285bc2224c79bad1ee47cf0cb9493460dafafb5edeef17b5bd1f8dae084', 159);
insert into foto_objeto (foto_objeto_id, foto, objeto_id) values (59, '9d06745e44c7bd035da0e7da01e15d9e435144bcaab0951688994f3756751c88', 56);
insert into foto_objeto (foto_objeto_id, foto, objeto_id) values (60, 'aa6955f8539b1673da88c0d5cfc317bdf9e0e3e44aac82a1f781428d087bea5c', 282);
insert into foto_objeto (foto_objeto_id, foto, objeto_id) values (61, 'f5d90e0226a93732556fe02fd86e5af3e9e4fc73b2d91d686124be80ecef75d7', 170);
insert into foto_objeto (foto_objeto_id, foto, objeto_id) values (62, '95c1a701d376f2f679bdbb56c70edf463fcc859efe243206fd86ee7d8d5084ad', 251);
insert into foto_objeto (foto_objeto_id, foto, objeto_id) values (63, '257adf69572881cef905794ddb131363729c90170b85f8dfd4c8b880e56af5a2', 233);
insert into foto_objeto (foto_objeto_id, foto, objeto_id) values (64, '23e367871c0f376b7b65098119ba5e510dcd373e4b64f61c3261db4fe78aed3a', 70);
insert into foto_objeto (foto_objeto_id, foto, objeto_id) values (65, '0cbd85762877cf16144ab3a63536eda8ce165befa6c86622e237c55c7258735c', 268);
insert into foto_objeto (foto_objeto_id, foto, objeto_id) values (66, '56dd55296a562e236d5a1fb0ce65057a7f1deb9a680a86f46ec36aacda4985cb', 80);
insert into foto_objeto (foto_objeto_id, foto, objeto_id) values (67, 'd5624e82db1d30da47bfd35bac95a7532b3100277840bebbfeaa2c777be1c79c', 164);
insert into foto_objeto (foto_objeto_id, foto, objeto_id) values (68, '432fd016a6e111528287084f049bfb28c9cd6309067a8dbd3017795cd546c823', 248);
insert into foto_objeto (foto_objeto_id, foto, objeto_id) values (69, '81e521a4e7e21935d4a3b6ecadd86a9f6356f75827aab44682c38fcd16fcdee6', 222);
insert into foto_objeto (foto_objeto_id, foto, objeto_id) values (70, '80e8e7e67002fb51c22869079393bb855e9607ed72de5d0f10f569df92bd42e7', 275);
insert into foto_objeto (foto_objeto_id, foto, objeto_id) values (71, 'bf3629c14769da935ed4dc6bc3f724be04d14277b7dfa09522a37f2db1402379', 235);
insert into foto_objeto (foto_objeto_id, foto, objeto_id) values (72, '2ae7148e6d3c7270645fa37683b77950b3b98e0df5cdc1723d09c4069de08af6', 281);
insert into foto_objeto (foto_objeto_id, foto, objeto_id) values (73, '0b56eb2dad8ec62eeb01c3e48f45a48933230da603912d94323bc429c397320d', 87);
insert into foto_objeto (foto_objeto_id, foto, objeto_id) values (74, '25550585a26c984a4238cb0f5ea36e8d64c7992918c752b0c573a04eaac996b3', 278);
insert into foto_objeto (foto_objeto_id, foto, objeto_id) values (75, '9703c362f6beef2f45aebd9da2080cb8fe265b90ab99aeab0c271efbd09562ed', 244);
insert into foto_objeto (foto_objeto_id, foto, objeto_id) values (76, '972c5200e2ca50db1a584f03260b6605b7c95d5e9637e5a600cb6d7bce5f8bed', 173);
insert into foto_objeto (foto_objeto_id, foto, objeto_id) values (77, 'a9cd20629cea597fa68c5c5b5509d6babd7884028b52e7eb1d2948fe27dfa982', 292);
insert into foto_objeto (foto_objeto_id, foto, objeto_id) values (78, '52d8fd478299deaa472cb36c0acfea038883ae02a2216faeb04d91430b67c350', 225);
insert into foto_objeto (foto_objeto_id, foto, objeto_id) values (79, '382244ee8b322ff146ebf5009167db071575641349709c33197f5edca48ea4f2', 128);
insert into foto_objeto (foto_objeto_id, foto, objeto_id) values (80, '63dde4518d3d9f355be5ae416be1c2c76c1487e2d38c6f885ca7a3bc9bfeeff5', 116);
insert into foto_objeto (foto_objeto_id, foto, objeto_id) values (81, '76ea0faabd067fa39a7616180a1fea97e21729c7f673e8bfab60250dba48f862', 214);
insert into foto_objeto (foto_objeto_id, foto, objeto_id) values (82, '687dc7568dc07918146fa9054472193c0a79da60b601ed52033770df23e0c0b0', 119);
insert into foto_objeto (foto_objeto_id, foto, objeto_id) values (83, '4753990cd42a2800e0675aba8a85efd09a56cb92c359e6a0c2369eb7994156f7', 6);
insert into foto_objeto (foto_objeto_id, foto, objeto_id) values (84, '790c865ef89cb94defd056bbeae8a8828233f6a055a947145e26d6d125cea495', 86);
insert into foto_objeto (foto_objeto_id, foto, objeto_id) values (85, 'c9d20ebd36bccc76f8e838b3408ced6e9343bc2d309e03240e837406804ae9d9', 118);
insert into foto_objeto (foto_objeto_id, foto, objeto_id) values (86, '2b8d5cbcd41a7927505d6655073f2afcf7d82b5c1eb458c0d9b8b12b989d6a51', 83);
insert into foto_objeto (foto_objeto_id, foto, objeto_id) values (87, '151545f532f49da5c1332c6b77629d8a02d7d9ce7cfe48640a1a0ef86d9de84d', 254);
insert into foto_objeto (foto_objeto_id, foto, objeto_id) values (88, '1afbcc9705e06fab5431726d9ae4aefde354285a2f859df73287c2350ff76529', 106);
insert into foto_objeto (foto_objeto_id, foto, objeto_id) values (89, '9d3fc96f21f33f8a4dfb3dc03d04a31a5feaed8455c58ade55ee168370e27485', 231);
insert into foto_objeto (foto_objeto_id, foto, objeto_id) values (90, 'd8bcbb0e0efa756d50fec462bfafe7f849e4ef19bf56ee8bcc8c1397789aec70', 95);
insert into foto_objeto (foto_objeto_id, foto, objeto_id) values (91, '7e3874a3afede1ef76d00714487cb6e3a9d3eed1c504b25b7b6745d34aa70cd2', 57);
insert into foto_objeto (foto_objeto_id, foto, objeto_id) values (92, '32c9c9864b14ea4c80c9f2101be76373c03cf1493c06725c9e5a770a7afd6150', 253);
insert into foto_objeto (foto_objeto_id, foto, objeto_id) values (93, '71e99cc47ac14541edebf28294a3783f2ec4f7ad05d1b0b88e4acfd19520471d', 234);
insert into foto_objeto (foto_objeto_id, foto, objeto_id) values (94, '8c9f22777f4ccf7567375772b1251f2e86cf1df7bac22e855e471854815e2409', 51);
insert into foto_objeto (foto_objeto_id, foto, objeto_id) values (95, '588aaa02871d6c38346aae80998a41ca56a77a91855b315de3cbe786e9cf5703', 246);
insert into foto_objeto (foto_objeto_id, foto, objeto_id) values (96, 'f2106ff645a9eb78ccb8809fb2a9e923de8f3581cbe40f866e8d044c9bd437a6', 251);
insert into foto_objeto (foto_objeto_id, foto, objeto_id) values (97, '474bb7a4a597d3d1ba7fc31e1cdf327792fe8d65fd7224e439e7447fe0f29b17', 181);
insert into foto_objeto (foto_objeto_id, foto, objeto_id) values (98, '498377879cd05f5e5e356a4465869c6dd022518e115e0fc5b86594ea86718e08', 35);
insert into foto_objeto (foto_objeto_id, foto, objeto_id) values (99, 'f844d94ee4af70368928ae499fb2ab5b5fb686e076c6e5f051a67ef230678e02', 146);
insert into foto_objeto (foto_objeto_id, foto, objeto_id) values (100, '95f6edc4edf4f043d8f158c0a0c8b795d60d3102535145618b924485019969ba', 35);
insert into foto_objeto (foto_objeto_id, foto, objeto_id) values (101, 'a9db498f80d53019630fcc063eb2d837e68683afa33cbcc86c4db1c236c81761', 250);
insert into foto_objeto (foto_objeto_id, foto, objeto_id) values (102, '7da620200d2467048b8ce60395987db9cbab1fcfc1181db6704f7ac852270fdf', 221);
insert into foto_objeto (foto_objeto_id, foto, objeto_id) values (103, '8239078f0af7dc6c4caacd20e28a3d95f4506a41ec2f89318940242008f61030', 273);
insert into foto_objeto (foto_objeto_id, foto, objeto_id) values (104, '5c2f0ab6e15726534f799fbdfb6accb437e8133a05b2e33fd2cde1718deb42b2', 123);
insert into foto_objeto (foto_objeto_id, foto, objeto_id) values (105, '546b5c9b40542632e7ce84579d9d1a4818e36d89e33fbca9d816f8365afa11f5', 217);
insert into foto_objeto (foto_objeto_id, foto, objeto_id) values (106, 'a9337778ecfbaf1bba7c0c5accf17051fc3b47ae67a6e82224c7611dac40606c', 193);
insert into foto_objeto (foto_objeto_id, foto, objeto_id) values (107, '32ef594c6295b8ab9b475e957817eb9f797502ac69b6ccbecc04be1c0cfcb949', 117);
insert into foto_objeto (foto_objeto_id, foto, objeto_id) values (108, '02b0ffa340660fcf39b826502283ab8bc3e6322be5d805b86ca2eab265ebef2a', 208);
insert into foto_objeto (foto_objeto_id, foto, objeto_id) values (109, 'd36263ea59c6d3428e85e083356af926d9329fe1ac2c7dab3e2f9e1248103dc4', 219);
insert into foto_objeto (foto_objeto_id, foto, objeto_id) values (110, 'b2d8467c54bbc793bb9c9b242afcfd814c1891b949cfc80faba8c0764e83c1cd', 259);
insert into foto_objeto (foto_objeto_id, foto, objeto_id) values (111, 'f2dd5f1262d02b43729b7d10b099d37007d34b85460e7c299dc0ba4acf467150', 158);
insert into foto_objeto (foto_objeto_id, foto, objeto_id) values (112, '335d7b7870821aefddb0330dd1fc528f5f8bf5ab1884f0f7651c273b2cc74d00', 178);
insert into foto_objeto (foto_objeto_id, foto, objeto_id) values (113, '263f7e083cd613a89de3dd98b705a986d842cdc92198fb70967f1cc7315ef6fe', 247);
insert into foto_objeto (foto_objeto_id, foto, objeto_id) values (114, '91825273f582f1aa3a1657774b516940ad07a60abc1bb52a1487b02dc28ad742', 263);
insert into foto_objeto (foto_objeto_id, foto, objeto_id) values (115, '27e09acc9a5ed593399a798dcbe69109c41d0a055eab5638e4f7fa14d57cea9c', 109);
insert into foto_objeto (foto_objeto_id, foto, objeto_id) values (116, '3f748dc6d18e7c86c7f93284f61dfd173484c19b09525b4e99c2fe7048a2f6b9', 31);
insert into foto_objeto (foto_objeto_id, foto, objeto_id) values (117, '59a513685fa5f2e74d023857166b12f079bf51eea92fe35029e211d02ff7d648', 28);
insert into foto_objeto (foto_objeto_id, foto, objeto_id) values (118, 'cfb4104bf9ed23e9aacc20543d6149ea3279dc219e364db14252558ac57ad681', 176);
insert into foto_objeto (foto_objeto_id, foto, objeto_id) values (119, '3e0973a681f712ed03f6bb49b1b5a4f60d4df2159df8ad4c4ae3d49ab7c56bdd', 240);
insert into foto_objeto (foto_objeto_id, foto, objeto_id) values (120, '243d6c6ab819560da858499b0a8eaa659a70a7b20cb01da9ebf0b69a8392095e', 140);
insert into foto_objeto (foto_objeto_id, foto, objeto_id) values (121, 'fa57bac7bcf84ae66334fcf6dd697ddf1206adef4a1a9173ef546ddd30b94a65', 37);
insert into foto_objeto (foto_objeto_id, foto, objeto_id) values (122, '6751b905434d55b710c04dfce79e5923042f04f511417c837d9ba579650962ed', 190);
insert into foto_objeto (foto_objeto_id, foto, objeto_id) values (123, 'fd1773b5dac813bc40458969899784bc44ba74942316d16c2129091a230ef262', 279);
insert into foto_objeto (foto_objeto_id, foto, objeto_id) values (124, '312e52a768f71ac443128cddf66e1c3606a057101835122b419fba2e8905764b', 215);
insert into foto_objeto (foto_objeto_id, foto, objeto_id) values (125, 'df4399bd1416420871f3fe82af0b2fce1ce0f934dd368e9f4ef32a28be45ceb3', 237);
insert into foto_objeto (foto_objeto_id, foto, objeto_id) values (126, 'fb6f19a1d4eebbe027c20c43b661280361bd15fca39e5d3bdae4affc20139b3e', 47);
insert into foto_objeto (foto_objeto_id, foto, objeto_id) values (127, 'bb04de0ff9f2feb1d6c51cafb9e8cdb503ba692e28b7a4e543ca9a09f54f9d88', 88);
insert into foto_objeto (foto_objeto_id, foto, objeto_id) values (128, '8b51b768f5bcce641bcb2ed360178b887431c3238c951bfcb14fc4ef4f718843', 209);
insert into foto_objeto (foto_objeto_id, foto, objeto_id) values (129, 'd4582281d790a4b73b6eaeaea294b63eba16d1d196c0fdf878b54bb5b9e5f97e', 221);
insert into foto_objeto (foto_objeto_id, foto, objeto_id) values (130, 'afa84f1463169bab00c2d923864f0c2d3c6202ad0e8620482878870e0f624719', 101);
insert into foto_objeto (foto_objeto_id, foto, objeto_id) values (131, 'b397e293dd25f196f10565e1d01ec54f70997fd555dad920c80387bd5bca5a0d', 116);
insert into foto_objeto (foto_objeto_id, foto, objeto_id) values (132, 'b8cd96effac7b93a954d920b9007f385891996b7df3a8950fee44d8f84c043d0', 289);
insert into foto_objeto (foto_objeto_id, foto, objeto_id) values (133, 'c9c8461b5aa0565dbbf0a5824cc12f8f1ac269375fa12ea4a620b549ea30fc65', 75);
insert into foto_objeto (foto_objeto_id, foto, objeto_id) values (134, '9ba513096187f737b4b7dc19b75a94593d0b0ebe6f01db9999c948945cf911ae', 54);
insert into foto_objeto (foto_objeto_id, foto, objeto_id) values (135, '3f32a0b4422f0fbd8002e043bd3dd8e1463dc29f7e1f9e17ad204e2fd9b74a24', 119);
insert into foto_objeto (foto_objeto_id, foto, objeto_id) values (136, '6f1731902218d04028d1213dcd9ab15f729f0dcff0f69a53e05e6ba0fb8cf32c', 255);
insert into foto_objeto (foto_objeto_id, foto, objeto_id) values (137, '11e1b9b0c1ef82afb021a10d5df09c1230ad3cd3ce565c798ed6df1486b817d7', 172);
insert into foto_objeto (foto_objeto_id, foto, objeto_id) values (138, 'bdb4b4a22bbb5d264f3118b77397ff999a454d1d8dec3b565fade0bd6072b617', 134);
insert into foto_objeto (foto_objeto_id, foto, objeto_id) values (139, '8933cc57e7677fb4eddb8dfdbebeb4ebb1f6e07932ab1c6710272381518b3c8f', 53);
insert into foto_objeto (foto_objeto_id, foto, objeto_id) values (140, '9c993ae2e5ce0ee0be9fe22488938615fab72c5f538c99070e3de1ec385172b3', 96);
insert into foto_objeto (foto_objeto_id, foto, objeto_id) values (141, '9be5cb9f474e4845876e947ac804f399fa16f0463a0dc24e1a6194244688ca4f', 51);
insert into foto_objeto (foto_objeto_id, foto, objeto_id) values (142, '90678531d403fdc00debfa0e5702b95e8fe299059b7263a8c1a9828993614c45', 100);
insert into foto_objeto (foto_objeto_id, foto, objeto_id) values (143, '9876e3685e04884716b8151ef7c105f98d50cee84c23d62ff5f19a7a2e9634c2', 198);
insert into foto_objeto (foto_objeto_id, foto, objeto_id) values (144, '98d25621a2e1f759ac975638c8406c593be617d64b8ccc37c00df3b11b6f6143', 198);
insert into foto_objeto (foto_objeto_id, foto, objeto_id) values (145, 'f30fedfbc026d90dcad5915ae0b64854bf8271249848f66dd56437fab9284b4b', 174);
insert into foto_objeto (foto_objeto_id, foto, objeto_id) values (146, '5e62695fdc1f3e6219689b8e7b9e0123c96963b7c73c638d526c75e201df1f5c', 46);
insert into foto_objeto (foto_objeto_id, foto, objeto_id) values (147, '885475515fe934db962caa914baf1a865ad984d3d081a3f28e9f2e07ca625fe9', 81);
insert into foto_objeto (foto_objeto_id, foto, objeto_id) values (148, 'bb2e41787d20eced1871408ae74ed81a682185999e4cdef26062a95702b06c3c', 187);
insert into foto_objeto (foto_objeto_id, foto, objeto_id) values (149, '5970932b8b08191e64c9b3d46af0dbd340aa2dfb4c8230464e6b745d11e6688e', 216);
insert into foto_objeto (foto_objeto_id, foto, objeto_id) values (150, 'f4f75fe4c535956c7998e77588626853930984cc39a349273e2ba00fd1bd2ffa', 144);
insert into foto_objeto (foto_objeto_id, foto, objeto_id) values (151, 'bcb12f6cc0f707b173b58b8a4a70db9b6f87e64d3c78449e420e24cbb1225036', 152);
insert into foto_objeto (foto_objeto_id, foto, objeto_id) values (152, 'ddbc15583810389334d592f3716586968965e1d68496790b01d7b32015925e89', 268);
insert into foto_objeto (foto_objeto_id, foto, objeto_id) values (153, 'e4760c9d82b96e7d2cf87c4c5d7a2d1439b45aed58f2845ca90fe815da377b39', 102);
insert into foto_objeto (foto_objeto_id, foto, objeto_id) values (154, 'fd57dc0c3d64e7138e6b9ca08e2fd693e029ca1d89204641ac7c509b7d830a76', 142);
insert into foto_objeto (foto_objeto_id, foto, objeto_id) values (155, '1d4a763c76f875873fd7df2d4b09dae3ba5d05119b03a1f6ddf70620a380ddd6', 154);
insert into foto_objeto (foto_objeto_id, foto, objeto_id) values (156, '64cb658069e2483c749cdc216d80a376d9e1c7ba84ab9dad425c263e89ae72ef', 184);
insert into foto_objeto (foto_objeto_id, foto, objeto_id) values (157, '871abce83027fc862ed310712faeaf29e2d802c4242c2aece56294e46ba9b6e2', 290);
insert into foto_objeto (foto_objeto_id, foto, objeto_id) values (158, '3aa43157bcc4ed2bc90b8ebbf6fda1735d2673d514d550f3d1d6688def8480d0', 268);
insert into foto_objeto (foto_objeto_id, foto, objeto_id) values (159, 'bfb7024cbdc6a569f7afe945881df8b266068ce14108e50dbf823052715f1d1c', 299);
insert into foto_objeto (foto_objeto_id, foto, objeto_id) values (160, 'caf8a24e01261ae2dcc0aced60461fa9eef300a2472d48f25a52a832bdbec85e', 36);
insert into foto_objeto (foto_objeto_id, foto, objeto_id) values (161, '308a3a4dd07add30fc9de857c1c42dded92350bc7c0b678bea4ca506f469bff6', 30);
insert into foto_objeto (foto_objeto_id, foto, objeto_id) values (162, 'c02d80cc3b78703106d0be17bfcc56a71fb0620ae554b622b7d7c7b14dfcbd6b', 33);
insert into foto_objeto (foto_objeto_id, foto, objeto_id) values (163, 'd7fa4aa9fb83c838abafce9b1361a5d17922f153df61657c751e4661b9d0b42b', 190);
insert into foto_objeto (foto_objeto_id, foto, objeto_id) values (164, 'b56966e2a98c3624f9553ec6d03729b61def92e33b78887c93c44df79c65242d', 101);
insert into foto_objeto (foto_objeto_id, foto, objeto_id) values (165, 'ea62848e4162c971e41c480eaa3ec1febd46b5c7d9fb201e5197dfca806f746e', 236);
insert into foto_objeto (foto_objeto_id, foto, objeto_id) values (166, 'ed80e1e1efe549227afc90b7c40118570e25d98c1d1a8f769c1a34427823aa4c', 218);
insert into foto_objeto (foto_objeto_id, foto, objeto_id) values (167, '574193d9124753da8de6b9f53119fde67053548c19fb00c882552daea67b541e', 201);
insert into foto_objeto (foto_objeto_id, foto, objeto_id) values (168, 'f4d9e570556df259f3f4aad4fa3b23dd46e1bc3777f85a3b1513753c6f8f2611', 139);
insert into foto_objeto (foto_objeto_id, foto, objeto_id) values (169, '92043d70770ea3c9dfb11bea8daddf68bcfc5042b4722dc8b4f0865996213e26', 92);
insert into foto_objeto (foto_objeto_id, foto, objeto_id) values (170, '99be47b5e1454ab6db15d937c14cfb6e01faa026aeb6addcc09085c36b74819b', 171);
insert into foto_objeto (foto_objeto_id, foto, objeto_id) values (171, '0b27773685565e604337ab4f869a1276fb757a465f4b79d8874b6fb7a21eaf30', 183);
insert into foto_objeto (foto_objeto_id, foto, objeto_id) values (172, 'c762335c957dc1345bb5994714fad610279965d15aa0316c3987823e82923a22', 172);
insert into foto_objeto (foto_objeto_id, foto, objeto_id) values (173, 'c2bb5b957674df701acd5c834d2ec9cf3a656c75169d7bce7ad92ef7b26c8300', 164);
insert into foto_objeto (foto_objeto_id, foto, objeto_id) values (174, '70567af9c1834a79170d720bff27b50904af952581b83c64dabb870862410caa', 142);
insert into foto_objeto (foto_objeto_id, foto, objeto_id) values (175, '94bb3fc245f413733aa644e925e9ed2432a8c17e7ebdcd97d0ffdcd84adf5db8', 49);
insert into foto_objeto (foto_objeto_id, foto, objeto_id) values (176, '529a8146347f751943529a189c98571d75d56f9e47617f4524957b330bc1ab73', 56);
insert into foto_objeto (foto_objeto_id, foto, objeto_id) values (177, 'b028cdf7f0049eeec806488b7bda9f08c63bde474d802811a3a163c53376737e', 221);
insert into foto_objeto (foto_objeto_id, foto, objeto_id) values (178, '22d17c42fcb6591a09492e45d35689cd71d1db8ef2bc1a9bc4553c9df7218c99', 103);
insert into foto_objeto (foto_objeto_id, foto, objeto_id) values (179, 'add49bb9e96d4082d75732b1b6f6da3506fd9aa2bbd824266aa739559148ac78', 231);
insert into foto_objeto (foto_objeto_id, foto, objeto_id) values (180, '9f04ea37142f6b9e274a667f3d3fd2b23ae6e6a60fa6f9ad4b1617ac0b6ed98f', 229);
insert into foto_objeto (foto_objeto_id, foto, objeto_id) values (181, 'f0e6aac9b04c6a5d9092b2f432b7468e79e792ed54d861d6036ebb3edf918249', 74);
insert into foto_objeto (foto_objeto_id, foto, objeto_id) values (182, '12c17e1483c9ed6fd16f952fbef5a09c853909a88057992b845c1b43ae9f08b2', 52);
insert into foto_objeto (foto_objeto_id, foto, objeto_id) values (183, '195cd6561e53c4761a3d2dfb6a4e267eed4bbf3640dc8e708b479ef01b7e5f3d', 61);
insert into foto_objeto (foto_objeto_id, foto, objeto_id) values (184, 'f75f5014be87dcc4ea74150437e0fba136ead9c1220856468a27db57b50ac350', 239);
insert into foto_objeto (foto_objeto_id, foto, objeto_id) values (185, 'e54d07f09c19a8975c403776bbf92e2e0d6d824b3d9ec78f56b01546a3308a76', 41);
insert into foto_objeto (foto_objeto_id, foto, objeto_id) values (186, 'f30e07f66637ac7b02939a354ca695a87432ceb4df50901749138419da3725b4', 4);
insert into foto_objeto (foto_objeto_id, foto, objeto_id) values (187, '26146ac5265ce80942f9fa094997c2b8e9041e373f053feac00901c309284e36', 283);
insert into foto_objeto (foto_objeto_id, foto, objeto_id) values (188, 'a82daf01e4466b672b650a329f036877eb11a24de7a259f041c788503559d330', 54);
insert into foto_objeto (foto_objeto_id, foto, objeto_id) values (189, '48657d90009c0a69f15419e292eaf5797b950890603450936c39ed4af2ffe1f3', 285);
insert into foto_objeto (foto_objeto_id, foto, objeto_id) values (190, '8c13c1e4c4f26ce285a73292a836d92bd5b8453e1cbfafcebfb7ce238a2be03a', 291);
insert into foto_objeto (foto_objeto_id, foto, objeto_id) values (191, 'cc6c8bd82fc39a1e6915214ad03f3df4fed822c89361a7046311c5f5b3bde35e', 145);
insert into foto_objeto (foto_objeto_id, foto, objeto_id) values (192, '935dd4d6c73d95b8dd623fb9813740f7bc9b161386dad9d8696c0003dea54d51', 262);
insert into foto_objeto (foto_objeto_id, foto, objeto_id) values (193, '85c291c572c107894ea1546f321f8a03c3b9c4f1cbd4c49ad7b2418b76b852db', 192);
insert into foto_objeto (foto_objeto_id, foto, objeto_id) values (194, 'c93aa1e79f8f2f01769328b7fb86e8e44201abffd35b6719bc6362f448e1efc2', 73);
insert into foto_objeto (foto_objeto_id, foto, objeto_id) values (195, '7d9e9ed47bf25033fbb2f2319f0862fc436b5afe12a7a1871a7a0d08c60de2c5', 208);
insert into foto_objeto (foto_objeto_id, foto, objeto_id) values (196, '5966f9339424bb1ac35b6bc04a89ca99a77470ca3c90cce17ae1f8381ec1c65b', 111);
insert into foto_objeto (foto_objeto_id, foto, objeto_id) values (197, '525101f4c20ce7e0c0bbce315a633fc2717bc75f8809d35f98494fabc304e577', 179);
insert into foto_objeto (foto_objeto_id, foto, objeto_id) values (198, '6c98e1194d03a4cafffbb4ab04761b6e45b1dae142ed5378353b057511ff540d', 241);
insert into foto_objeto (foto_objeto_id, foto, objeto_id) values (199, '75fd51d24ba99381b9f640d491dd7cf61b3587890045b6f423f53b665c73fbe9', 177);
insert into foto_objeto (foto_objeto_id, foto, objeto_id) values (200, '341a21d6a36c15e4a5215eaa6826c6b2de441029ea316bfa13f68333deda5652', 128);
--historico_status_objeto
insert into historico_status_objeto (historico_status_objeto_id, fecha_status, objeto_id, status_objeto_id) values (1, '2019-08-16 17:21:41', 297, 3);
insert into historico_status_objeto (historico_status_objeto_id, fecha_status, objeto_id, status_objeto_id) values (2, '2019-12-16 09:29:24', 26, 1);
insert into historico_status_objeto (historico_status_objeto_id, fecha_status, objeto_id, status_objeto_id) values (3, '2020-01-20 09:29:18', 78, 3);
insert into historico_status_objeto (historico_status_objeto_id, fecha_status, objeto_id, status_objeto_id) values (4, '2019-10-04 03:27:14', 176, 2);
insert into historico_status_objeto (historico_status_objeto_id, fecha_status, objeto_id, status_objeto_id) values (5, '2019-10-30 22:57:07', 244, 2);
insert into historico_status_objeto (historico_status_objeto_id, fecha_status, objeto_id, status_objeto_id) values (6, '2020-01-20 22:59:45', 282, 2);
insert into historico_status_objeto (historico_status_objeto_id, fecha_status, objeto_id, status_objeto_id) values (7, '2020-05-16 23:30:56', 70, 2);
insert into historico_status_objeto (historico_status_objeto_id, fecha_status, objeto_id, status_objeto_id) values (8, '2020-06-09 06:55:38', 56, 2);
insert into historico_status_objeto (historico_status_objeto_id, fecha_status, objeto_id, status_objeto_id) values (9, '2020-06-09 08:07:08', 168, 1);
insert into historico_status_objeto (historico_status_objeto_id, fecha_status, objeto_id, status_objeto_id) values (10, '2019-07-28 00:21:17', 102, 3);
insert into historico_status_objeto (historico_status_objeto_id, fecha_status, objeto_id, status_objeto_id) values (11, '2019-09-26 00:31:51', 290, 1);
insert into historico_status_objeto (historico_status_objeto_id, fecha_status, objeto_id, status_objeto_id) values (12, '2019-06-25 23:58:19', 155, 3);
insert into historico_status_objeto (historico_status_objeto_id, fecha_status, objeto_id, status_objeto_id) values (13, '2019-09-16 17:10:51', 29, 2);
insert into historico_status_objeto (historico_status_objeto_id, fecha_status, objeto_id, status_objeto_id) values (14, '2020-06-14 03:22:53', 184, 1);
insert into historico_status_objeto (historico_status_objeto_id, fecha_status, objeto_id, status_objeto_id) values (15, '2020-04-23 17:53:53', 227, 3);
insert into historico_status_objeto (historico_status_objeto_id, fecha_status, objeto_id, status_objeto_id) values (16, '2020-02-27 01:33:30', 32, 2);
insert into historico_status_objeto (historico_status_objeto_id, fecha_status, objeto_id, status_objeto_id) values (17, '2019-07-13 08:47:29', 77, 2);
insert into historico_status_objeto (historico_status_objeto_id, fecha_status, objeto_id, status_objeto_id) values (18, '2019-11-23 16:58:59', 278, 3);
insert into historico_status_objeto (historico_status_objeto_id, fecha_status, objeto_id, status_objeto_id) values (19, '2019-07-10 10:43:40', 53, 3);
insert into historico_status_objeto (historico_status_objeto_id, fecha_status, objeto_id, status_objeto_id) values (20, '2019-12-24 15:12:09', 203, 2);
insert into historico_status_objeto (historico_status_objeto_id, fecha_status, objeto_id, status_objeto_id) values (21, '2019-06-24 16:32:56', 243, 1);
insert into historico_status_objeto (historico_status_objeto_id, fecha_status, objeto_id, status_objeto_id) values (22, '2019-10-27 00:06:13', 288, 1);
insert into historico_status_objeto (historico_status_objeto_id, fecha_status, objeto_id, status_objeto_id) values (23, '2020-01-20 03:15:50', 217, 3);
insert into historico_status_objeto (historico_status_objeto_id, fecha_status, objeto_id, status_objeto_id) values (24, '2020-03-23 02:40:58', 203, 1);
insert into historico_status_objeto (historico_status_objeto_id, fecha_status, objeto_id, status_objeto_id) values (25, '2020-04-06 20:08:03', 280, 3);
insert into historico_status_objeto (historico_status_objeto_id, fecha_status, objeto_id, status_objeto_id) values (26, '2020-02-05 02:24:03', 113, 3);
insert into historico_status_objeto (historico_status_objeto_id, fecha_status, objeto_id, status_objeto_id) values (27, '2020-02-06 19:10:19', 271, 2);
insert into historico_status_objeto (historico_status_objeto_id, fecha_status, objeto_id, status_objeto_id) values (28, '2019-06-27 14:04:13', 49, 1);
insert into historico_status_objeto (historico_status_objeto_id, fecha_status, objeto_id, status_objeto_id) values (29, '2020-03-25 03:32:07', 154, 1);
insert into historico_status_objeto (historico_status_objeto_id, fecha_status, objeto_id, status_objeto_id) values (30, '2020-03-23 21:09:43', 111, 1);
insert into historico_status_objeto (historico_status_objeto_id, fecha_status, objeto_id, status_objeto_id) values (31, '2019-07-19 10:13:06', 270, 2);
insert into historico_status_objeto (historico_status_objeto_id, fecha_status, objeto_id, status_objeto_id) values (32, '2019-09-10 06:59:38', 71, 1);
insert into historico_status_objeto (historico_status_objeto_id, fecha_status, objeto_id, status_objeto_id) values (33, '2019-08-25 19:23:57', 264, 1);
insert into historico_status_objeto (historico_status_objeto_id, fecha_status, objeto_id, status_objeto_id) values (34, '2020-02-14 22:03:41', 266, 2);
insert into historico_status_objeto (historico_status_objeto_id, fecha_status, objeto_id, status_objeto_id) values (35, '2019-09-14 13:38:43', 154, 3);
insert into historico_status_objeto (historico_status_objeto_id, fecha_status, objeto_id, status_objeto_id) values (36, '2019-10-02 19:08:26', 16, 2);
insert into historico_status_objeto (historico_status_objeto_id, fecha_status, objeto_id, status_objeto_id) values (37, '2020-02-16 10:04:00', 185, 2);
insert into historico_status_objeto (historico_status_objeto_id, fecha_status, objeto_id, status_objeto_id) values (38, '2019-08-01 20:56:20', 132, 2);
insert into historico_status_objeto (historico_status_objeto_id, fecha_status, objeto_id, status_objeto_id) values (39, '2019-07-26 00:31:59', 145, 3);
insert into historico_status_objeto (historico_status_objeto_id, fecha_status, objeto_id, status_objeto_id) values (40, '2019-10-20 17:04:23', 173, 3);
insert into historico_status_objeto (historico_status_objeto_id, fecha_status, objeto_id, status_objeto_id) values (41, '2019-09-01 20:24:52', 100, 1);
insert into historico_status_objeto (historico_status_objeto_id, fecha_status, objeto_id, status_objeto_id) values (42, '2019-11-26 11:35:10', 54, 2);
insert into historico_status_objeto (historico_status_objeto_id, fecha_status, objeto_id, status_objeto_id) values (43, '2019-11-13 17:36:16', 246, 1);
insert into historico_status_objeto (historico_status_objeto_id, fecha_status, objeto_id, status_objeto_id) values (44, '2019-10-24 22:28:44', 275, 1);
insert into historico_status_objeto (historico_status_objeto_id, fecha_status, objeto_id, status_objeto_id) values (45, '2020-02-09 21:46:06', 216, 3);
insert into historico_status_objeto (historico_status_objeto_id, fecha_status, objeto_id, status_objeto_id) values (46, '2019-08-20 04:04:22', 92, 2);
insert into historico_status_objeto (historico_status_objeto_id, fecha_status, objeto_id, status_objeto_id) values (47, '2019-10-21 03:25:43', 56, 3);
insert into historico_status_objeto (historico_status_objeto_id, fecha_status, objeto_id, status_objeto_id) values (48, '2020-05-11 20:21:36', 23, 2);
insert into historico_status_objeto (historico_status_objeto_id, fecha_status, objeto_id, status_objeto_id) values (49, '2020-03-03 18:26:40', 215, 3);
insert into historico_status_objeto (historico_status_objeto_id, fecha_status, objeto_id, status_objeto_id) values (50, '2020-06-06 07:59:25', 185, 2);
insert into historico_status_objeto (historico_status_objeto_id, fecha_status, objeto_id, status_objeto_id) values (51, '2019-10-26 13:55:34', 26, 2);
insert into historico_status_objeto (historico_status_objeto_id, fecha_status, objeto_id, status_objeto_id) values (52, '2019-10-14 06:58:29', 230, 3);
insert into historico_status_objeto (historico_status_objeto_id, fecha_status, objeto_id, status_objeto_id) values (53, '2020-06-03 01:45:06', 67, 2);
insert into historico_status_objeto (historico_status_objeto_id, fecha_status, objeto_id, status_objeto_id) values (54, '2019-07-30 04:43:16', 106, 2);
insert into historico_status_objeto (historico_status_objeto_id, fecha_status, objeto_id, status_objeto_id) values (55, '2019-07-16 06:43:22', 294, 1);
insert into historico_status_objeto (historico_status_objeto_id, fecha_status, objeto_id, status_objeto_id) values (56, '2019-11-21 17:20:46', 86, 1);
insert into historico_status_objeto (historico_status_objeto_id, fecha_status, objeto_id, status_objeto_id) values (57, '2020-01-01 10:37:59', 222, 3);
insert into historico_status_objeto (historico_status_objeto_id, fecha_status, objeto_id, status_objeto_id) values (58, '2020-05-27 20:21:24', 213, 3);
insert into historico_status_objeto (historico_status_objeto_id, fecha_status, objeto_id, status_objeto_id) values (59, '2019-10-08 09:24:44', 147, 3);
insert into historico_status_objeto (historico_status_objeto_id, fecha_status, objeto_id, status_objeto_id) values (60, '2019-09-18 09:47:57', 166, 2);
insert into historico_status_objeto (historico_status_objeto_id, fecha_status, objeto_id, status_objeto_id) values (61, '2019-08-07 11:45:08', 101, 1);
insert into historico_status_objeto (historico_status_objeto_id, fecha_status, objeto_id, status_objeto_id) values (62, '2020-03-17 22:39:52', 15, 1);
insert into historico_status_objeto (historico_status_objeto_id, fecha_status, objeto_id, status_objeto_id) values (63, '2020-02-14 22:03:58', 237, 2);
insert into historico_status_objeto (historico_status_objeto_id, fecha_status, objeto_id, status_objeto_id) values (64, '2020-05-18 01:50:45', 147, 1);
insert into historico_status_objeto (historico_status_objeto_id, fecha_status, objeto_id, status_objeto_id) values (65, '2019-12-01 13:43:10', 255, 1);
insert into historico_status_objeto (historico_status_objeto_id, fecha_status, objeto_id, status_objeto_id) values (66, '2020-05-24 01:29:51', 299, 3);
insert into historico_status_objeto (historico_status_objeto_id, fecha_status, objeto_id, status_objeto_id) values (67, '2020-02-12 21:36:08', 200, 3);
insert into historico_status_objeto (historico_status_objeto_id, fecha_status, objeto_id, status_objeto_id) values (68, '2020-03-10 19:30:58', 141, 2);
insert into historico_status_objeto (historico_status_objeto_id, fecha_status, objeto_id, status_objeto_id) values (69, '2019-12-24 08:05:45', 154, 3);
insert into historico_status_objeto (historico_status_objeto_id, fecha_status, objeto_id, status_objeto_id) values (70, '2019-10-05 17:38:26', 254, 2);
insert into historico_status_objeto (historico_status_objeto_id, fecha_status, objeto_id, status_objeto_id) values (71, '2019-06-21 16:38:27', 139, 3);
insert into historico_status_objeto (historico_status_objeto_id, fecha_status, objeto_id, status_objeto_id) values (72, '2020-01-11 12:53:22', 202, 3);
insert into historico_status_objeto (historico_status_objeto_id, fecha_status, objeto_id, status_objeto_id) values (73, '2020-02-14 20:44:01', 75, 1);
insert into historico_status_objeto (historico_status_objeto_id, fecha_status, objeto_id, status_objeto_id) values (74, '2020-05-12 18:23:07', 271, 3);
insert into historico_status_objeto (historico_status_objeto_id, fecha_status, objeto_id, status_objeto_id) values (75, '2019-07-21 16:36:26', 184, 3);
insert into historico_status_objeto (historico_status_objeto_id, fecha_status, objeto_id, status_objeto_id) values (76, '2020-01-19 19:25:52', 96, 2);
insert into historico_status_objeto (historico_status_objeto_id, fecha_status, objeto_id, status_objeto_id) values (77, '2020-04-30 07:15:22', 241, 2);
insert into historico_status_objeto (historico_status_objeto_id, fecha_status, objeto_id, status_objeto_id) values (78, '2020-01-26 05:59:30', 23, 3);
insert into historico_status_objeto (historico_status_objeto_id, fecha_status, objeto_id, status_objeto_id) values (79, '2020-01-09 15:54:49', 172, 1);
insert into historico_status_objeto (historico_status_objeto_id, fecha_status, objeto_id, status_objeto_id) values (80, '2020-03-26 16:15:28', 291, 2);
insert into historico_status_objeto (historico_status_objeto_id, fecha_status, objeto_id, status_objeto_id) values (81, '2020-06-02 01:50:58', 244, 3);
insert into historico_status_objeto (historico_status_objeto_id, fecha_status, objeto_id, status_objeto_id) values (82, '2019-09-08 21:37:48', 141, 3);
insert into historico_status_objeto (historico_status_objeto_id, fecha_status, objeto_id, status_objeto_id) values (83, '2020-02-24 05:28:45', 124, 3);
insert into historico_status_objeto (historico_status_objeto_id, fecha_status, objeto_id, status_objeto_id) values (84, '2020-06-11 23:37:45', 184, 1);
insert into historico_status_objeto (historico_status_objeto_id, fecha_status, objeto_id, status_objeto_id) values (85, '2019-09-19 14:35:43', 72, 1);
insert into historico_status_objeto (historico_status_objeto_id, fecha_status, objeto_id, status_objeto_id) values (86, '2019-11-24 18:52:50', 86, 2);
insert into historico_status_objeto (historico_status_objeto_id, fecha_status, objeto_id, status_objeto_id) values (87, '2020-05-10 02:11:03', 282, 1);
insert into historico_status_objeto (historico_status_objeto_id, fecha_status, objeto_id, status_objeto_id) values (88, '2020-02-20 12:38:58', 242, 3);
insert into historico_status_objeto (historico_status_objeto_id, fecha_status, objeto_id, status_objeto_id) values (89, '2020-05-06 11:43:22', 235, 2);
insert into historico_status_objeto (historico_status_objeto_id, fecha_status, objeto_id, status_objeto_id) values (90, '2019-12-22 13:27:08', 207, 3);
insert into historico_status_objeto (historico_status_objeto_id, fecha_status, objeto_id, status_objeto_id) values (91, '2019-08-09 23:13:01', 45, 2);
insert into historico_status_objeto (historico_status_objeto_id, fecha_status, objeto_id, status_objeto_id) values (92, '2020-02-19 16:17:17', 262, 2);
insert into historico_status_objeto (historico_status_objeto_id, fecha_status, objeto_id, status_objeto_id) values (93, '2019-11-16 10:43:33', 63, 2);
insert into historico_status_objeto (historico_status_objeto_id, fecha_status, objeto_id, status_objeto_id) values (94, '2019-07-25 00:46:26', 32, 3);
insert into historico_status_objeto (historico_status_objeto_id, fecha_status, objeto_id, status_objeto_id) values (95, '2020-01-10 22:18:03', 189, 1);
insert into historico_status_objeto (historico_status_objeto_id, fecha_status, objeto_id, status_objeto_id) values (96, '2019-09-04 16:09:26', 21, 2);
insert into historico_status_objeto (historico_status_objeto_id, fecha_status, objeto_id, status_objeto_id) values (97, '2020-01-02 19:00:07', 262, 3);
insert into historico_status_objeto (historico_status_objeto_id, fecha_status, objeto_id, status_objeto_id) values (98, '2020-05-16 10:09:51', 35, 1);
insert into historico_status_objeto (historico_status_objeto_id, fecha_status, objeto_id, status_objeto_id) values (99, '2020-04-03 06:50:21', 298, 3);
insert into historico_status_objeto (historico_status_objeto_id, fecha_status, objeto_id, status_objeto_id) values (100, '2019-12-12 14:51:31', 41, 1);
insert into historico_status_objeto (historico_status_objeto_id, fecha_status, objeto_id, status_objeto_id) values (101, '2019-09-20 00:53:54', 166, 2);
insert into historico_status_objeto (historico_status_objeto_id, fecha_status, objeto_id, status_objeto_id) values (102, '2019-09-29 05:39:46', 288, 2);
insert into historico_status_objeto (historico_status_objeto_id, fecha_status, objeto_id, status_objeto_id) values (103, '2019-10-19 08:09:23', 242, 2);
insert into historico_status_objeto (historico_status_objeto_id, fecha_status, objeto_id, status_objeto_id) values (104, '2019-09-12 21:58:54', 150, 3);
insert into historico_status_objeto (historico_status_objeto_id, fecha_status, objeto_id, status_objeto_id) values (105, '2019-07-13 15:24:58', 238, 1);
insert into historico_status_objeto (historico_status_objeto_id, fecha_status, objeto_id, status_objeto_id) values (106, '2019-12-04 05:38:04', 213, 3);
insert into historico_status_objeto (historico_status_objeto_id, fecha_status, objeto_id, status_objeto_id) values (107, '2019-07-29 06:25:13', 222, 2);
insert into historico_status_objeto (historico_status_objeto_id, fecha_status, objeto_id, status_objeto_id) values (108, '2019-08-14 14:57:18', 219, 3);
insert into historico_status_objeto (historico_status_objeto_id, fecha_status, objeto_id, status_objeto_id) values (109, '2020-03-15 09:06:54', 76, 2);
insert into historico_status_objeto (historico_status_objeto_id, fecha_status, objeto_id, status_objeto_id) values (110, '2019-08-24 00:49:05', 238, 1);
insert into historico_status_objeto (historico_status_objeto_id, fecha_status, objeto_id, status_objeto_id) values (111, '2020-03-05 00:54:27', 268, 1);
insert into historico_status_objeto (historico_status_objeto_id, fecha_status, objeto_id, status_objeto_id) values (112, '2019-09-28 16:23:03', 290, 3);
insert into historico_status_objeto (historico_status_objeto_id, fecha_status, objeto_id, status_objeto_id) values (113, '2019-11-15 02:18:48', 76, 3);
insert into historico_status_objeto (historico_status_objeto_id, fecha_status, objeto_id, status_objeto_id) values (114, '2019-10-07 03:25:11', 178, 3);
insert into historico_status_objeto (historico_status_objeto_id, fecha_status, objeto_id, status_objeto_id) values (115, '2020-01-31 22:57:34', 103, 3);
insert into historico_status_objeto (historico_status_objeto_id, fecha_status, objeto_id, status_objeto_id) values (116, '2019-08-17 18:44:55', 1, 1);
insert into historico_status_objeto (historico_status_objeto_id, fecha_status, objeto_id, status_objeto_id) values (117, '2019-07-29 23:42:43', 200, 1);
insert into historico_status_objeto (historico_status_objeto_id, fecha_status, objeto_id, status_objeto_id) values (118, '2019-11-12 05:48:07', 220, 2);
insert into historico_status_objeto (historico_status_objeto_id, fecha_status, objeto_id, status_objeto_id) values (119, '2019-10-02 02:35:40', 282, 2);
insert into historico_status_objeto (historico_status_objeto_id, fecha_status, objeto_id, status_objeto_id) values (120, '2020-05-01 22:53:47', 228, 2);
insert into historico_status_objeto (historico_status_objeto_id, fecha_status, objeto_id, status_objeto_id) values (121, '2019-10-18 09:01:08', 142, 2);
insert into historico_status_objeto (historico_status_objeto_id, fecha_status, objeto_id, status_objeto_id) values (122, '2019-09-04 23:19:31', 18, 2);
insert into historico_status_objeto (historico_status_objeto_id, fecha_status, objeto_id, status_objeto_id) values (123, '2020-04-10 09:27:07', 251, 3);
insert into historico_status_objeto (historico_status_objeto_id, fecha_status, objeto_id, status_objeto_id) values (124, '2019-09-25 00:03:10', 22, 1);
insert into historico_status_objeto (historico_status_objeto_id, fecha_status, objeto_id, status_objeto_id) values (125, '2020-05-19 02:06:05', 166, 3);
insert into historico_status_objeto (historico_status_objeto_id, fecha_status, objeto_id, status_objeto_id) values (126, '2020-03-14 04:16:03', 169, 2);
insert into historico_status_objeto (historico_status_objeto_id, fecha_status, objeto_id, status_objeto_id) values (127, '2019-07-20 12:44:39', 184, 3);
insert into historico_status_objeto (historico_status_objeto_id, fecha_status, objeto_id, status_objeto_id) values (128, '2019-06-29 08:01:30', 242, 3);
insert into historico_status_objeto (historico_status_objeto_id, fecha_status, objeto_id, status_objeto_id) values (129, '2019-12-30 17:41:54', 13, 1);
insert into historico_status_objeto (historico_status_objeto_id, fecha_status, objeto_id, status_objeto_id) values (130, '2019-10-19 01:42:09', 290, 2);
insert into historico_status_objeto (historico_status_objeto_id, fecha_status, objeto_id, status_objeto_id) values (131, '2019-09-19 22:25:54', 250, 1);
insert into historico_status_objeto (historico_status_objeto_id, fecha_status, objeto_id, status_objeto_id) values (132, '2019-09-20 07:37:20', 300, 1);
insert into historico_status_objeto (historico_status_objeto_id, fecha_status, objeto_id, status_objeto_id) values (133, '2020-05-11 06:24:37', 36, 2);
insert into historico_status_objeto (historico_status_objeto_id, fecha_status, objeto_id, status_objeto_id) values (134, '2019-12-29 12:43:28', 42, 3);
insert into historico_status_objeto (historico_status_objeto_id, fecha_status, objeto_id, status_objeto_id) values (135, '2019-12-02 03:02:08', 287, 2);
insert into historico_status_objeto (historico_status_objeto_id, fecha_status, objeto_id, status_objeto_id) values (136, '2019-09-25 19:08:10', 267, 1);
insert into historico_status_objeto (historico_status_objeto_id, fecha_status, objeto_id, status_objeto_id) values (137, '2019-07-07 10:12:40', 250, 3);
insert into historico_status_objeto (historico_status_objeto_id, fecha_status, objeto_id, status_objeto_id) values (138, '2019-09-23 12:37:56', 281, 3);
insert into historico_status_objeto (historico_status_objeto_id, fecha_status, objeto_id, status_objeto_id) values (139, '2020-04-20 06:35:40', 134, 1);
insert into historico_status_objeto (historico_status_objeto_id, fecha_status, objeto_id, status_objeto_id) values (140, '2019-08-02 02:40:09', 129, 3);
insert into historico_status_objeto (historico_status_objeto_id, fecha_status, objeto_id, status_objeto_id) values (141, '2020-05-29 18:19:20', 176, 1);
insert into historico_status_objeto (historico_status_objeto_id, fecha_status, objeto_id, status_objeto_id) values (142, '2020-01-22 00:17:54', 169, 1);
insert into historico_status_objeto (historico_status_objeto_id, fecha_status, objeto_id, status_objeto_id) values (143, '2020-04-30 23:27:06', 168, 2);
insert into historico_status_objeto (historico_status_objeto_id, fecha_status, objeto_id, status_objeto_id) values (144, '2019-10-19 09:54:37', 144, 3);
insert into historico_status_objeto (historico_status_objeto_id, fecha_status, objeto_id, status_objeto_id) values (145, '2019-11-22 21:16:24', 50, 3);
insert into historico_status_objeto (historico_status_objeto_id, fecha_status, objeto_id, status_objeto_id) values (146, '2019-06-27 04:32:22', 71, 2);
insert into historico_status_objeto (historico_status_objeto_id, fecha_status, objeto_id, status_objeto_id) values (147, '2020-01-23 18:10:32', 285, 2);
insert into historico_status_objeto (historico_status_objeto_id, fecha_status, objeto_id, status_objeto_id) values (148, '2020-05-01 13:50:30', 107, 3);
insert into historico_status_objeto (historico_status_objeto_id, fecha_status, objeto_id, status_objeto_id) values (149, '2019-09-09 10:49:47', 98, 1);
insert into historico_status_objeto (historico_status_objeto_id, fecha_status, objeto_id, status_objeto_id) values (150, '2019-10-12 20:39:29', 89, 1);
insert into historico_status_objeto (historico_status_objeto_id, fecha_status, objeto_id, status_objeto_id) values (151, '2020-04-07 01:55:26', 187, 3);
insert into historico_status_objeto (historico_status_objeto_id, fecha_status, objeto_id, status_objeto_id) values (152, '2019-07-16 00:21:11', 287, 3);
insert into historico_status_objeto (historico_status_objeto_id, fecha_status, objeto_id, status_objeto_id) values (153, '2020-04-15 13:52:03', 128, 1);
insert into historico_status_objeto (historico_status_objeto_id, fecha_status, objeto_id, status_objeto_id) values (154, '2020-05-22 05:31:59', 104, 1);
insert into historico_status_objeto (historico_status_objeto_id, fecha_status, objeto_id, status_objeto_id) values (155, '2019-12-22 02:27:38', 32, 3);
insert into historico_status_objeto (historico_status_objeto_id, fecha_status, objeto_id, status_objeto_id) values (156, '2020-06-03 16:16:32', 86, 2);
insert into historico_status_objeto (historico_status_objeto_id, fecha_status, objeto_id, status_objeto_id) values (157, '2019-08-18 09:33:05', 168, 3);
insert into historico_status_objeto (historico_status_objeto_id, fecha_status, objeto_id, status_objeto_id) values (158, '2019-10-25 19:24:10', 38, 1);
insert into historico_status_objeto (historico_status_objeto_id, fecha_status, objeto_id, status_objeto_id) values (159, '2019-07-03 13:40:30', 243, 2);
insert into historico_status_objeto (historico_status_objeto_id, fecha_status, objeto_id, status_objeto_id) values (160, '2020-03-14 13:42:42', 254, 3);
insert into historico_status_objeto (historico_status_objeto_id, fecha_status, objeto_id, status_objeto_id) values (161, '2020-02-13 08:41:13', 251, 1);
insert into historico_status_objeto (historico_status_objeto_id, fecha_status, objeto_id, status_objeto_id) values (162, '2020-05-04 09:49:06', 103, 3);
insert into historico_status_objeto (historico_status_objeto_id, fecha_status, objeto_id, status_objeto_id) values (163, '2019-11-04 05:39:50', 121, 2);
insert into historico_status_objeto (historico_status_objeto_id, fecha_status, objeto_id, status_objeto_id) values (164, '2020-02-07 08:37:25', 58, 1);
insert into historico_status_objeto (historico_status_objeto_id, fecha_status, objeto_id, status_objeto_id) values (165, '2020-03-05 03:09:38', 101, 2);
insert into historico_status_objeto (historico_status_objeto_id, fecha_status, objeto_id, status_objeto_id) values (166, '2020-06-10 14:49:05', 165, 2);
insert into historico_status_objeto (historico_status_objeto_id, fecha_status, objeto_id, status_objeto_id) values (167, '2019-07-12 23:08:21', 270, 1);
insert into historico_status_objeto (historico_status_objeto_id, fecha_status, objeto_id, status_objeto_id) values (168, '2020-05-27 12:01:21', 8, 3);
insert into historico_status_objeto (historico_status_objeto_id, fecha_status, objeto_id, status_objeto_id) values (169, '2019-08-08 03:13:22', 112, 3);
insert into historico_status_objeto (historico_status_objeto_id, fecha_status, objeto_id, status_objeto_id) values (170, '2019-10-09 07:29:00', 93, 3);
insert into historico_status_objeto (historico_status_objeto_id, fecha_status, objeto_id, status_objeto_id) values (171, '2020-06-16 08:52:30', 150, 3);
insert into historico_status_objeto (historico_status_objeto_id, fecha_status, objeto_id, status_objeto_id) values (172, '2020-02-23 23:57:13', 108, 1);
insert into historico_status_objeto (historico_status_objeto_id, fecha_status, objeto_id, status_objeto_id) values (173, '2019-07-22 06:42:02', 113, 2);
insert into historico_status_objeto (historico_status_objeto_id, fecha_status, objeto_id, status_objeto_id) values (174, '2020-01-19 20:48:22', 90, 1);
insert into historico_status_objeto (historico_status_objeto_id, fecha_status, objeto_id, status_objeto_id) values (175, '2019-08-20 07:48:19', 149, 2);
insert into historico_status_objeto (historico_status_objeto_id, fecha_status, objeto_id, status_objeto_id) values (176, '2020-06-09 03:57:33', 200, 3);
insert into historico_status_objeto (historico_status_objeto_id, fecha_status, objeto_id, status_objeto_id) values (177, '2020-02-24 10:33:01', 202, 2);
insert into historico_status_objeto (historico_status_objeto_id, fecha_status, objeto_id, status_objeto_id) values (178, '2019-12-27 18:09:58', 203, 3);
insert into historico_status_objeto (historico_status_objeto_id, fecha_status, objeto_id, status_objeto_id) values (179, '2019-06-21 10:03:04', 43, 3);
insert into historico_status_objeto (historico_status_objeto_id, fecha_status, objeto_id, status_objeto_id) values (180, '2019-10-10 22:49:39', 222, 3);
insert into historico_status_objeto (historico_status_objeto_id, fecha_status, objeto_id, status_objeto_id) values (181, '2020-04-06 19:05:41', 22, 3);
insert into historico_status_objeto (historico_status_objeto_id, fecha_status, objeto_id, status_objeto_id) values (182, '2020-05-31 22:13:17', 178, 1);
insert into historico_status_objeto (historico_status_objeto_id, fecha_status, objeto_id, status_objeto_id) values (183, '2019-08-17 07:24:55', 86, 2);
insert into historico_status_objeto (historico_status_objeto_id, fecha_status, objeto_id, status_objeto_id) values (184, '2019-11-30 08:07:11', 123, 1);
insert into historico_status_objeto (historico_status_objeto_id, fecha_status, objeto_id, status_objeto_id) values (185, '2019-08-27 11:03:08', 99, 2);
insert into historico_status_objeto (historico_status_objeto_id, fecha_status, objeto_id, status_objeto_id) values (186, '2020-02-21 04:29:31', 278, 2);
insert into historico_status_objeto (historico_status_objeto_id, fecha_status, objeto_id, status_objeto_id) values (187, '2019-09-20 18:02:56', 217, 1);
insert into historico_status_objeto (historico_status_objeto_id, fecha_status, objeto_id, status_objeto_id) values (188, '2019-08-11 04:32:16', 227, 2);
insert into historico_status_objeto (historico_status_objeto_id, fecha_status, objeto_id, status_objeto_id) values (189, '2020-05-06 00:48:42', 154, 1);
insert into historico_status_objeto (historico_status_objeto_id, fecha_status, objeto_id, status_objeto_id) values (190, '2020-06-05 07:38:28', 280, 2);
insert into historico_status_objeto (historico_status_objeto_id, fecha_status, objeto_id, status_objeto_id) values (191, '2020-01-15 06:16:23', 287, 1);
insert into historico_status_objeto (historico_status_objeto_id, fecha_status, objeto_id, status_objeto_id) values (192, '2020-02-02 15:39:17', 112, 2);
insert into historico_status_objeto (historico_status_objeto_id, fecha_status, objeto_id, status_objeto_id) values (193, '2019-08-02 10:57:06', 6, 3);
insert into historico_status_objeto (historico_status_objeto_id, fecha_status, objeto_id, status_objeto_id) values (194, '2019-07-11 22:42:51', 220, 1);
insert into historico_status_objeto (historico_status_objeto_id, fecha_status, objeto_id, status_objeto_id) values (195, '2019-08-18 03:05:06', 89, 2);
insert into historico_status_objeto (historico_status_objeto_id, fecha_status, objeto_id, status_objeto_id) values (196, '2020-06-07 00:00:50', 154, 1);
insert into historico_status_objeto (historico_status_objeto_id, fecha_status, objeto_id, status_objeto_id) values (197, '2020-02-03 17:32:04', 289, 1);
insert into historico_status_objeto (historico_status_objeto_id, fecha_status, objeto_id, status_objeto_id) values (198, '2019-10-11 06:57:44', 209, 3);
insert into historico_status_objeto (historico_status_objeto_id, fecha_status, objeto_id, status_objeto_id) values (199, '2020-03-27 07:45:02', 110, 1);
insert into historico_status_objeto (historico_status_objeto_id, fecha_status, objeto_id, status_objeto_id) values (200, '2019-09-23 11:37:28', 153, 2);
--OFERTA
insert into oferta (oferta_id, fecha, precio, comprador_id, objeto_id) values (1, '2019-07-22 00:51:46', 81670, 313, 130);
insert into oferta (oferta_id, fecha, precio, comprador_id, objeto_id) values (2, '2019-10-17 08:25:40', 533045, 390, 241);
insert into oferta (oferta_id, fecha, precio, comprador_id, objeto_id) values (3, '2019-07-12 21:40:26', 647511, 91, 117);
insert into oferta (oferta_id, fecha, precio, comprador_id, objeto_id) values (4, '2020-02-23 23:07:24', 39791, 257, 274);
insert into oferta (oferta_id, fecha, precio, comprador_id, objeto_id) values (5, '2020-05-26 16:22:00', 512007, 722, 114);
insert into oferta (oferta_id, fecha, precio, comprador_id, objeto_id) values (6, '2020-01-04 19:10:17', 136986, 689, 66);
insert into oferta (oferta_id, fecha, precio, comprador_id, objeto_id) values (7, '2019-08-29 08:00:17', 654643, 416, 142);
insert into oferta (oferta_id, fecha, precio, comprador_id, objeto_id) values (8, '2019-09-14 23:21:09', 646054, 819, 70);
insert into oferta (oferta_id, fecha, precio, comprador_id, objeto_id) values (9, '2019-11-27 06:26:30', 224000, 237, 292);
insert into oferta (oferta_id, fecha, precio, comprador_id, objeto_id) values (10, '2019-09-10 03:59:11', 783393, 599, 296);
insert into oferta (oferta_id, fecha, precio, comprador_id, objeto_id) values (11, '2020-06-19 23:53:21', 946729, 761, 6);
insert into oferta (oferta_id, fecha, precio, comprador_id, objeto_id) values (12, '2020-05-05 22:10:24', 120332, 491, 129);
insert into oferta (oferta_id, fecha, precio, comprador_id, objeto_id) values (13, '2019-12-13 01:51:45', 633951, 963, 231);
insert into oferta (oferta_id, fecha, precio, comprador_id, objeto_id) values (14, '2020-04-12 08:50:09', 855852, 503, 74);
insert into oferta (oferta_id, fecha, precio, comprador_id, objeto_id) values (15, '2020-06-15 02:59:32', 436356, 398, 180);
insert into oferta (oferta_id, fecha, precio, comprador_id, objeto_id) values (16, '2020-04-28 03:16:42', 222508, 962, 242);
insert into oferta (oferta_id, fecha, precio, comprador_id, objeto_id) values (17, '2019-08-21 09:19:55', 8612, 405, 298);
insert into oferta (oferta_id, fecha, precio, comprador_id, objeto_id) values (18, '2020-05-23 20:33:39', 411060, 602, 262);
insert into oferta (oferta_id, fecha, precio, comprador_id, objeto_id) values (19, '2020-04-22 18:26:20', 230184, 764, 278);
insert into oferta (oferta_id, fecha, precio, comprador_id, objeto_id) values (20, '2020-06-12 21:24:08', 547768, 220, 229);
insert into oferta (oferta_id, fecha, precio, comprador_id, objeto_id) values (21, '2019-10-20 08:51:32', 221417, 86, 143);
insert into oferta (oferta_id, fecha, precio, comprador_id, objeto_id) values (22, '2020-05-02 05:14:57', 346643, 148, 113);
insert into oferta (oferta_id, fecha, precio, comprador_id, objeto_id) values (23, '2019-10-02 08:47:01', 305866, 547, 5);
insert into oferta (oferta_id, fecha, precio, comprador_id, objeto_id) values (24, '2020-06-09 18:09:07', 674508, 558, 50);
insert into oferta (oferta_id, fecha, precio, comprador_id, objeto_id) values (25, '2019-06-22 13:18:39', 151823, 598, 158);
insert into oferta (oferta_id, fecha, precio, comprador_id, objeto_id) values (26, '2019-10-23 21:13:32', 799270, 735, 202);
insert into oferta (oferta_id, fecha, precio, comprador_id, objeto_id) values (27, '2019-11-07 07:47:57', 59554, 102, 97);
insert into oferta (oferta_id, fecha, precio, comprador_id, objeto_id) values (28, '2019-10-03 01:21:37', 196255, 153, 45);
insert into oferta (oferta_id, fecha, precio, comprador_id, objeto_id) values (29, '2019-11-09 03:17:21', 399303, 135, 239);
insert into oferta (oferta_id, fecha, precio, comprador_id, objeto_id) values (30, '2019-09-19 19:58:04', 887751, 937, 230);
insert into oferta (oferta_id, fecha, precio, comprador_id, objeto_id) values (31, '2019-07-15 15:32:13', 88270, 28, 167);
insert into oferta (oferta_id, fecha, precio, comprador_id, objeto_id) values (32, '2019-08-05 17:26:20', 611380, 74, 213);
insert into oferta (oferta_id, fecha, precio, comprador_id, objeto_id) values (33, '2020-02-25 18:56:27', 998534, 59, 24);
insert into oferta (oferta_id, fecha, precio, comprador_id, objeto_id) values (34, '2019-07-15 17:49:55', 919907, 40, 238);
insert into oferta (oferta_id, fecha, precio, comprador_id, objeto_id) values (35, '2020-02-24 04:07:19', 410581, 694, 147);
insert into oferta (oferta_id, fecha, precio, comprador_id, objeto_id) values (36, '2019-09-07 22:29:55', 545450, 90, 144);
insert into oferta (oferta_id, fecha, precio, comprador_id, objeto_id) values (37, '2019-11-09 02:27:01', 146540, 65, 66);
insert into oferta (oferta_id, fecha, precio, comprador_id, objeto_id) values (38, '2019-08-05 06:38:36', 618577, 491, 101);
insert into oferta (oferta_id, fecha, precio, comprador_id, objeto_id) values (39, '2020-03-05 05:21:27', 122148, 433, 206);
insert into oferta (oferta_id, fecha, precio, comprador_id, objeto_id) values (40, '2019-08-29 10:12:44', 756858, 394, 177);
insert into oferta (oferta_id, fecha, precio, comprador_id, objeto_id) values (41, '2019-12-19 16:31:54', 571412, 878, 111);
insert into oferta (oferta_id, fecha, precio, comprador_id, objeto_id) values (42, '2019-09-29 08:57:17', 652941, 125, 272);
insert into oferta (oferta_id, fecha, precio, comprador_id, objeto_id) values (43, '2020-03-26 20:08:14', 161586, 57, 84);
insert into oferta (oferta_id, fecha, precio, comprador_id, objeto_id) values (44, '2019-08-30 15:26:46', 88610, 282, 15);
insert into oferta (oferta_id, fecha, precio, comprador_id, objeto_id) values (45, '2020-06-11 19:01:59', 668661, 857, 171);
insert into oferta (oferta_id, fecha, precio, comprador_id, objeto_id) values (46, '2019-12-19 13:53:18', 372542, 757, 224);
insert into oferta (oferta_id, fecha, precio, comprador_id, objeto_id) values (47, '2019-08-15 15:17:34', 982113, 955, 42);
insert into oferta (oferta_id, fecha, precio, comprador_id, objeto_id) values (48, '2020-03-22 18:13:14', 979721, 555, 198);
insert into oferta (oferta_id, fecha, precio, comprador_id, objeto_id) values (49, '2019-10-20 09:43:51', 936148, 215, 172);
insert into oferta (oferta_id, fecha, precio, comprador_id, objeto_id) values (50, '2019-11-19 01:39:54', 498039, 880, 264);
insert into oferta (oferta_id, fecha, precio, comprador_id, objeto_id) values (51, '2020-02-26 12:40:33', 781094, 45, 230);
insert into oferta (oferta_id, fecha, precio, comprador_id, objeto_id) values (52, '2020-06-03 09:23:37', 923793, 559, 149);
insert into oferta (oferta_id, fecha, precio, comprador_id, objeto_id) values (53, '2019-11-19 03:28:20', 161046, 924, 102);
insert into oferta (oferta_id, fecha, precio, comprador_id, objeto_id) values (54, '2019-10-08 01:25:52', 170473, 564, 220);
insert into oferta (oferta_id, fecha, precio, comprador_id, objeto_id) values (55, '2020-06-13 03:21:51', 938262, 986, 68);
insert into oferta (oferta_id, fecha, precio, comprador_id, objeto_id) values (56, '2019-09-29 19:45:28', 921040, 772, 245);
insert into oferta (oferta_id, fecha, precio, comprador_id, objeto_id) values (57, '2019-11-09 00:46:52', 787612, 922, 115);
insert into oferta (oferta_id, fecha, precio, comprador_id, objeto_id) values (58, '2020-05-20 02:29:08', 702677, 474, 211);
insert into oferta (oferta_id, fecha, precio, comprador_id, objeto_id) values (59, '2020-01-16 11:36:14', 161477, 90, 216);
insert into oferta (oferta_id, fecha, precio, comprador_id, objeto_id) values (60, '2020-02-18 05:38:09', 553377, 554, 268);
insert into oferta (oferta_id, fecha, precio, comprador_id, objeto_id) values (61, '2019-06-23 05:25:27', 563223, 852, 296);
insert into oferta (oferta_id, fecha, precio, comprador_id, objeto_id) values (62, '2019-06-21 01:20:47', 838531, 933, 248);
insert into oferta (oferta_id, fecha, precio, comprador_id, objeto_id) values (63, '2019-07-06 05:34:23', 518767, 495, 233);
insert into oferta (oferta_id, fecha, precio, comprador_id, objeto_id) values (64, '2019-11-10 10:54:28', 34517, 28, 219);
insert into oferta (oferta_id, fecha, precio, comprador_id, objeto_id) values (65, '2019-09-13 03:03:15', 17575, 391, 273);
insert into oferta (oferta_id, fecha, precio, comprador_id, objeto_id) values (66, '2019-06-28 10:15:41', 898129, 716, 113);
insert into oferta (oferta_id, fecha, precio, comprador_id, objeto_id) values (67, '2019-09-14 22:27:51', 200202, 201, 294);
insert into oferta (oferta_id, fecha, precio, comprador_id, objeto_id) values (68, '2019-06-28 18:29:27', 700011, 565, 110);
insert into oferta (oferta_id, fecha, precio, comprador_id, objeto_id) values (69, '2019-08-03 03:13:35', 745664, 16, 43);
insert into oferta (oferta_id, fecha, precio, comprador_id, objeto_id) values (70, '2019-12-16 21:47:11', 651596, 430, 274);
insert into oferta (oferta_id, fecha, precio, comprador_id, objeto_id) values (71, '2019-07-07 19:31:18', 582781, 779, 139);
insert into oferta (oferta_id, fecha, precio, comprador_id, objeto_id) values (72, '2020-05-25 03:22:36', 19087, 220, 69);
insert into oferta (oferta_id, fecha, precio, comprador_id, objeto_id) values (73, '2019-12-11 08:34:53', 171288, 997, 146);
insert into oferta (oferta_id, fecha, precio, comprador_id, objeto_id) values (74, '2019-09-09 03:07:47', 284527, 117, 39);
insert into oferta (oferta_id, fecha, precio, comprador_id, objeto_id) values (75, '2019-11-30 00:29:14', 303326, 239, 83);
insert into oferta (oferta_id, fecha, precio, comprador_id, objeto_id) values (76, '2020-01-11 16:47:16', 341681, 768, 251);
insert into oferta (oferta_id, fecha, precio, comprador_id, objeto_id) values (77, '2020-05-21 15:57:31', 204690, 399, 211);
insert into oferta (oferta_id, fecha, precio, comprador_id, objeto_id) values (78, '2020-01-22 04:54:03', 824652, 478, 176);
insert into oferta (oferta_id, fecha, precio, comprador_id, objeto_id) values (79, '2019-08-02 01:57:14', 433294, 934, 20);
insert into oferta (oferta_id, fecha, precio, comprador_id, objeto_id) values (80, '2019-12-23 06:47:32', 175911, 618, 38);
insert into oferta (oferta_id, fecha, precio, comprador_id, objeto_id) values (81, '2019-11-23 04:56:56', 161416, 302, 279);
insert into oferta (oferta_id, fecha, precio, comprador_id, objeto_id) values (82, '2020-03-29 21:29:01', 518069, 504, 81);
insert into oferta (oferta_id, fecha, precio, comprador_id, objeto_id) values (83, '2019-06-25 20:42:23', 341156, 971, 148);
insert into oferta (oferta_id, fecha, precio, comprador_id, objeto_id) values (84, '2020-02-22 00:57:28', 659140, 989, 202);
insert into oferta (oferta_id, fecha, precio, comprador_id, objeto_id) values (85, '2020-01-24 16:05:30', 23810, 46, 189);
insert into oferta (oferta_id, fecha, precio, comprador_id, objeto_id) values (86, '2019-07-31 12:58:03', 746370, 737, 191);
insert into oferta (oferta_id, fecha, precio, comprador_id, objeto_id) values (87, '2020-02-29 07:35:10', 85764, 734, 118);
insert into oferta (oferta_id, fecha, precio, comprador_id, objeto_id) values (88, '2019-08-18 17:42:28', 764888, 678, 176);
insert into oferta (oferta_id, fecha, precio, comprador_id, objeto_id) values (89, '2019-08-29 02:35:55', 234189, 600, 93);
insert into oferta (oferta_id, fecha, precio, comprador_id, objeto_id) values (90, '2019-09-08 03:59:22', 974145, 691, 297);
insert into oferta (oferta_id, fecha, precio, comprador_id, objeto_id) values (91, '2020-06-05 13:32:32', 347737, 227, 66);
insert into oferta (oferta_id, fecha, precio, comprador_id, objeto_id) values (92, '2020-03-07 20:50:11', 411241, 947, 167);
insert into oferta (oferta_id, fecha, precio, comprador_id, objeto_id) values (93, '2019-07-26 09:52:55', 410254, 980, 113);
insert into oferta (oferta_id, fecha, precio, comprador_id, objeto_id) values (94, '2019-10-27 17:38:29', 102038, 30, 53);
insert into oferta (oferta_id, fecha, precio, comprador_id, objeto_id) values (95, '2019-07-08 20:37:32', 255101, 850, 267);
insert into oferta (oferta_id, fecha, precio, comprador_id, objeto_id) values (96, '2019-07-02 02:39:42', 779477, 695, 65);
insert into oferta (oferta_id, fecha, precio, comprador_id, objeto_id) values (97, '2020-02-07 04:27:45', 562736, 700, 174);
insert into oferta (oferta_id, fecha, precio, comprador_id, objeto_id) values (98, '2019-08-12 07:28:09', 672612, 902, 287);
insert into oferta (oferta_id, fecha, precio, comprador_id, objeto_id) values (99, '2019-12-02 10:54:20', 728171, 131, 242);
insert into oferta (oferta_id, fecha, precio, comprador_id, objeto_id) values (100, '2019-12-05 13:39:10', 975123, 75, 255);
insert into oferta (oferta_id, fecha, precio, comprador_id, objeto_id) values (101, '2019-10-23 12:58:36', 32306, 161, 97);
insert into oferta (oferta_id, fecha, precio, comprador_id, objeto_id) values (102, '2020-05-06 19:53:58', 261661, 243, 48);
insert into oferta (oferta_id, fecha, precio, comprador_id, objeto_id) values (103, '2019-10-29 09:30:15', 407183, 698, 58);
insert into oferta (oferta_id, fecha, precio, comprador_id, objeto_id) values (104, '2020-02-06 11:55:33', 395579, 933, 161);
insert into oferta (oferta_id, fecha, precio, comprador_id, objeto_id) values (105, '2020-05-29 10:05:03', 181765, 371, 145);
insert into oferta (oferta_id, fecha, precio, comprador_id, objeto_id) values (106, '2020-01-20 09:47:49', 688117, 783, 138);
insert into oferta (oferta_id, fecha, precio, comprador_id, objeto_id) values (107, '2019-12-02 17:38:22', 715395, 668, 106);
insert into oferta (oferta_id, fecha, precio, comprador_id, objeto_id) values (108, '2019-08-25 11:47:36', 922962, 282, 143);
insert into oferta (oferta_id, fecha, precio, comprador_id, objeto_id) values (109, '2020-02-18 09:32:22', 283703, 811, 151);
insert into oferta (oferta_id, fecha, precio, comprador_id, objeto_id) values (110, '2020-02-19 21:03:46', 114193, 131, 207);
insert into oferta (oferta_id, fecha, precio, comprador_id, objeto_id) values (111, '2020-01-05 08:12:04', 416859, 242, 16);
insert into oferta (oferta_id, fecha, precio, comprador_id, objeto_id) values (112, '2020-01-09 01:15:37', 350183, 571, 116);
insert into oferta (oferta_id, fecha, precio, comprador_id, objeto_id) values (113, '2019-10-11 17:23:03', 641354, 379, 290);
insert into oferta (oferta_id, fecha, precio, comprador_id, objeto_id) values (114, '2019-11-11 07:55:40', 396036, 54, 204);
insert into oferta (oferta_id, fecha, precio, comprador_id, objeto_id) values (115, '2020-04-13 05:58:03', 321674, 242, 105);
insert into oferta (oferta_id, fecha, precio, comprador_id, objeto_id) values (116, '2020-03-14 19:16:48', 2509, 605, 192);
insert into oferta (oferta_id, fecha, precio, comprador_id, objeto_id) values (117, '2020-01-16 02:39:12', 804124, 233, 239);
insert into oferta (oferta_id, fecha, precio, comprador_id, objeto_id) values (118, '2020-06-11 14:57:02', 875842, 559, 291);
insert into oferta (oferta_id, fecha, precio, comprador_id, objeto_id) values (119, '2020-02-06 22:48:24', 525065, 310, 167);
insert into oferta (oferta_id, fecha, precio, comprador_id, objeto_id) values (120, '2019-12-08 20:59:33', 847848, 658, 40);
insert into oferta (oferta_id, fecha, precio, comprador_id, objeto_id) values (121, '2020-03-03 01:04:48', 833356, 282, 88);
insert into oferta (oferta_id, fecha, precio, comprador_id, objeto_id) values (122, '2020-02-27 21:11:41', 78705, 246, 42);
insert into oferta (oferta_id, fecha, precio, comprador_id, objeto_id) values (123, '2019-12-30 06:06:22', 972812, 569, 224);
insert into oferta (oferta_id, fecha, precio, comprador_id, objeto_id) values (124, '2019-10-08 23:29:23', 355382, 323, 57);
insert into oferta (oferta_id, fecha, precio, comprador_id, objeto_id) values (125, '2020-02-09 18:39:42', 919199, 272, 161);
insert into oferta (oferta_id, fecha, precio, comprador_id, objeto_id) values (126, '2019-10-06 22:55:34', 357013, 616, 42);
insert into oferta (oferta_id, fecha, precio, comprador_id, objeto_id) values (127, '2020-05-16 19:38:54', 97713, 877, 92);
insert into oferta (oferta_id, fecha, precio, comprador_id, objeto_id) values (128, '2020-04-06 09:06:49', 953763, 743, 55);
insert into oferta (oferta_id, fecha, precio, comprador_id, objeto_id) values (129, '2019-11-21 12:14:57', 470577, 316, 103);
insert into oferta (oferta_id, fecha, precio, comprador_id, objeto_id) values (130, '2019-12-15 04:44:01', 321350, 110, 289);
insert into oferta (oferta_id, fecha, precio, comprador_id, objeto_id) values (131, '2019-11-13 13:20:29', 957449, 287, 98);
insert into oferta (oferta_id, fecha, precio, comprador_id, objeto_id) values (132, '2020-03-18 22:07:14', 912232, 75, 241);
insert into oferta (oferta_id, fecha, precio, comprador_id, objeto_id) values (133, '2020-03-05 06:27:34', 985715, 584, 6);
insert into oferta (oferta_id, fecha, precio, comprador_id, objeto_id) values (134, '2019-10-23 12:13:28', 607525, 492, 285);
insert into oferta (oferta_id, fecha, precio, comprador_id, objeto_id) values (135, '2019-08-21 22:29:01', 83082, 442, 115);
insert into oferta (oferta_id, fecha, precio, comprador_id, objeto_id) values (136, '2019-08-26 03:24:15', 642059, 50, 263);
insert into oferta (oferta_id, fecha, precio, comprador_id, objeto_id) values (137, '2019-12-08 15:27:53', 934021, 984, 141);
insert into oferta (oferta_id, fecha, precio, comprador_id, objeto_id) values (138, '2020-03-30 12:25:59', 645174, 210, 285);
insert into oferta (oferta_id, fecha, precio, comprador_id, objeto_id) values (139, '2019-08-04 20:33:11', 748907, 780, 69);
insert into oferta (oferta_id, fecha, precio, comprador_id, objeto_id) values (140, '2019-11-07 18:27:37', 406776, 110, 57);
insert into oferta (oferta_id, fecha, precio, comprador_id, objeto_id) values (141, '2019-09-01 10:53:19', 631300, 264, 131);
insert into oferta (oferta_id, fecha, precio, comprador_id, objeto_id) values (142, '2020-01-16 02:52:07', 35315, 624, 171);
insert into oferta (oferta_id, fecha, precio, comprador_id, objeto_id) values (143, '2019-10-11 03:40:09', 227280, 824, 39);
insert into oferta (oferta_id, fecha, precio, comprador_id, objeto_id) values (144, '2020-02-23 06:07:43', 995511, 513, 152);
insert into oferta (oferta_id, fecha, precio, comprador_id, objeto_id) values (145, '2019-07-12 03:35:44', 633698, 146, 257);
insert into oferta (oferta_id, fecha, precio, comprador_id, objeto_id) values (146, '2019-09-03 16:54:31', 110227, 600, 131);
insert into oferta (oferta_id, fecha, precio, comprador_id, objeto_id) values (147, '2019-10-21 13:51:15', 194848, 891, 158);
insert into oferta (oferta_id, fecha, precio, comprador_id, objeto_id) values (148, '2019-10-16 14:19:30', 31370, 652, 3);
insert into oferta (oferta_id, fecha, precio, comprador_id, objeto_id) values (149, '2019-08-11 19:15:48', 360695, 850, 197);
insert into oferta (oferta_id, fecha, precio, comprador_id, objeto_id) values (150, '2019-11-29 09:05:55', 255380, 414, 193);
insert into oferta (oferta_id, fecha, precio, comprador_id, objeto_id) values (151, '2020-04-26 03:51:43', 960767, 383, 244);
insert into oferta (oferta_id, fecha, precio, comprador_id, objeto_id) values (152, '2019-12-10 04:40:58', 333652, 175, 217);
insert into oferta (oferta_id, fecha, precio, comprador_id, objeto_id) values (153, '2019-12-16 09:30:13', 291928, 711, 207);
insert into oferta (oferta_id, fecha, precio, comprador_id, objeto_id) values (154, '2020-04-09 22:15:15', 378219, 435, 251);
insert into oferta (oferta_id, fecha, precio, comprador_id, objeto_id) values (155, '2020-04-02 14:43:31', 132999, 224, 233);
insert into oferta (oferta_id, fecha, precio, comprador_id, objeto_id) values (156, '2019-08-24 02:16:52', 621931, 420, 143);
insert into oferta (oferta_id, fecha, precio, comprador_id, objeto_id) values (157, '2020-06-16 19:50:03', 14078, 189, 252);
insert into oferta (oferta_id, fecha, precio, comprador_id, objeto_id) values (158, '2019-10-22 17:31:51', 343727, 270, 162);
insert into oferta (oferta_id, fecha, precio, comprador_id, objeto_id) values (159, '2020-01-03 16:12:35', 645541, 546, 266);
insert into oferta (oferta_id, fecha, precio, comprador_id, objeto_id) values (160, '2019-07-22 20:06:41', 943847, 235, 290);
insert into oferta (oferta_id, fecha, precio, comprador_id, objeto_id) values (161, '2019-06-26 06:26:20', 890843, 785, 80);
insert into oferta (oferta_id, fecha, precio, comprador_id, objeto_id) values (162, '2020-02-06 23:34:58', 191898, 91, 169);
insert into oferta (oferta_id, fecha, precio, comprador_id, objeto_id) values (163, '2019-11-08 06:30:54', 741857, 226, 294);
insert into oferta (oferta_id, fecha, precio, comprador_id, objeto_id) values (164, '2020-03-25 19:05:05', 25392, 864, 283);
insert into oferta (oferta_id, fecha, precio, comprador_id, objeto_id) values (165, '2019-10-25 04:42:02', 890493, 298, 280);
insert into oferta (oferta_id, fecha, precio, comprador_id, objeto_id) values (166, '2020-01-25 07:19:42', 999179, 850, 30);
insert into oferta (oferta_id, fecha, precio, comprador_id, objeto_id) values (167, '2019-06-28 19:03:02', 640889, 588, 82);
insert into oferta (oferta_id, fecha, precio, comprador_id, objeto_id) values (168, '2019-10-23 21:26:56', 570125, 297, 272);
insert into oferta (oferta_id, fecha, precio, comprador_id, objeto_id) values (169, '2020-02-29 20:13:56', 970447, 911, 286);
insert into oferta (oferta_id, fecha, precio, comprador_id, objeto_id) values (170, '2020-06-14 23:25:00', 841135, 788, 265);
insert into oferta (oferta_id, fecha, precio, comprador_id, objeto_id) values (171, '2019-10-21 07:22:43', 913694, 402, 106);
insert into oferta (oferta_id, fecha, precio, comprador_id, objeto_id) values (172, '2019-09-26 16:55:50', 926599, 282, 104);
insert into oferta (oferta_id, fecha, precio, comprador_id, objeto_id) values (173, '2020-04-14 10:12:57', 798180, 233, 14);
insert into oferta (oferta_id, fecha, precio, comprador_id, objeto_id) values (174, '2020-04-03 18:51:19', 63374, 369, 159);
insert into oferta (oferta_id, fecha, precio, comprador_id, objeto_id) values (175, '2020-06-13 15:37:56', 622027, 272, 165);
insert into oferta (oferta_id, fecha, precio, comprador_id, objeto_id) values (176, '2020-02-10 01:44:01', 774573, 232, 234);
insert into oferta (oferta_id, fecha, precio, comprador_id, objeto_id) values (177, '2020-02-07 05:17:18', 519687, 295, 271);
insert into oferta (oferta_id, fecha, precio, comprador_id, objeto_id) values (178, '2019-11-10 13:21:16', 209228, 309, 206);
insert into oferta (oferta_id, fecha, precio, comprador_id, objeto_id) values (179, '2020-04-12 08:34:02', 575989, 261, 208);
insert into oferta (oferta_id, fecha, precio, comprador_id, objeto_id) values (180, '2019-09-02 22:37:41', 442743, 142, 273);
insert into oferta (oferta_id, fecha, precio, comprador_id, objeto_id) values (181, '2020-04-04 00:25:57', 285231, 133, 134);
insert into oferta (oferta_id, fecha, precio, comprador_id, objeto_id) values (182, '2020-06-19 00:54:19', 562091, 998, 243);
insert into oferta (oferta_id, fecha, precio, comprador_id, objeto_id) values (183, '2019-10-30 14:37:08', 418272, 156, 48);
insert into oferta (oferta_id, fecha, precio, comprador_id, objeto_id) values (184, '2020-02-21 02:22:26', 591221, 489, 116);
insert into oferta (oferta_id, fecha, precio, comprador_id, objeto_id) values (185, '2020-06-01 16:49:36', 568163, 548, 156);
insert into oferta (oferta_id, fecha, precio, comprador_id, objeto_id) values (186, '2019-09-06 17:01:08', 120287, 42, 65);
insert into oferta (oferta_id, fecha, precio, comprador_id, objeto_id) values (187, '2020-01-27 23:30:15', 5401, 48, 92);
insert into oferta (oferta_id, fecha, precio, comprador_id, objeto_id) values (188, '2019-07-24 14:55:32', 604727, 24, 162);
insert into oferta (oferta_id, fecha, precio, comprador_id, objeto_id) values (189, '2019-12-09 23:51:05', 157098, 618, 219);
insert into oferta (oferta_id, fecha, precio, comprador_id, objeto_id) values (190, '2019-11-21 06:34:37', 231802, 190, 287);
insert into oferta (oferta_id, fecha, precio, comprador_id, objeto_id) values (191, '2019-07-07 19:07:33', 788893, 73, 277);
insert into oferta (oferta_id, fecha, precio, comprador_id, objeto_id) values (192, '2020-03-11 05:52:57', 90870, 735, 272);
insert into oferta (oferta_id, fecha, precio, comprador_id, objeto_id) values (193, '2019-10-04 10:03:07', 881782, 860, 162);
insert into oferta (oferta_id, fecha, precio, comprador_id, objeto_id) values (194, '2019-07-24 13:47:00', 442545, 573, 141);
insert into oferta (oferta_id, fecha, precio, comprador_id, objeto_id) values (195, '2019-09-23 11:22:10', 584721, 115, 30);
insert into oferta (oferta_id, fecha, precio, comprador_id, objeto_id) values (196, '2020-02-13 00:06:35', 304074, 233, 165);
insert into oferta (oferta_id, fecha, precio, comprador_id, objeto_id) values (197, '2020-01-04 09:17:43', 832025, 142, 174);
insert into oferta (oferta_id, fecha, precio, comprador_id, objeto_id) values (198, '2020-01-16 21:37:28', 821542, 335, 114);
insert into oferta (oferta_id, fecha, precio, comprador_id, objeto_id) values (199, '2020-02-17 14:54:34', 69170, 967, 287);
insert into oferta (oferta_id, fecha, precio, comprador_id, objeto_id) values (200, '2019-12-07 22:14:17', 363615, 809, 99);
--PASSWORD
insert into password_comprador (password_comprador_id, password, comprador_id) values (1, 'DwzN2aYuO', 1);
insert into password_comprador (password_comprador_id, password, comprador_id) values (2, 'AYMNrfH7V', 2);
insert into password_comprador (password_comprador_id, password, comprador_id) values (3, 'Sec0U2fd9j', 3);
insert into password_comprador (password_comprador_id, password, comprador_id) values (4, 'NRBZmDr5a6', 4);
insert into password_comprador (password_comprador_id, password, comprador_id) values (5, 'RvKRCDb', 5);
insert into password_comprador (password_comprador_id, password, comprador_id) values (6, 'XSYy50J', 6);
insert into password_comprador (password_comprador_id, password, comprador_id) values (7, 'CAtOelGPPc', 7);
insert into password_comprador (password_comprador_id, password, comprador_id) values (8, 'vPeTCawj', 8);
insert into password_comprador (password_comprador_id, password, comprador_id) values (9, '6ii0MCnDSR', 9);
insert into password_comprador (password_comprador_id, password, comprador_id) values (10, 'IT1fU71j9S', 10);
insert into password_comprador (password_comprador_id, password, comprador_id) values (11, '9GBGn3cxpVYy', 11);
insert into password_comprador (password_comprador_id, password, comprador_id) values (12, 'fVnLBJj6xp', 12);
insert into password_comprador (password_comprador_id, password, comprador_id) values (13, 'VK0JjEmsPnVp', 13);
insert into password_comprador (password_comprador_id, password, comprador_id) values (14, 'SEIZCCglk0Dm', 14);
insert into password_comprador (password_comprador_id, password, comprador_id) values (15, '16OiAEAhp', 15);
insert into password_comprador (password_comprador_id, password, comprador_id) values (16, 'TA5JtuLwHPk', 16);
insert into password_comprador (password_comprador_id, password, comprador_id) values (17, 'RQln7fNZIn9W', 17);
insert into password_comprador (password_comprador_id, password, comprador_id) values (18, 'qIuLzl7Wsugf', 18);
insert into password_comprador (password_comprador_id, password, comprador_id) values (19, 'OT5E8wrSz', 19);
insert into password_comprador (password_comprador_id, password, comprador_id) values (20, 'boz8InGe', 20);
insert into password_comprador (password_comprador_id, password, comprador_id) values (21, 'LanzH0', 21);
insert into password_comprador (password_comprador_id, password, comprador_id) values (22, 'cQN0T58', 22);
insert into password_comprador (password_comprador_id, password, comprador_id) values (23, 'sU1koSFlg', 23);
insert into password_comprador (password_comprador_id, password, comprador_id) values (24, 'S2bVkXqpeh0T', 24);
insert into password_comprador (password_comprador_id, password, comprador_id) values (25, 'HlazHkdh', 25);
insert into password_comprador (password_comprador_id, password, comprador_id) values (26, 'IQyFK4b', 26);
insert into password_comprador (password_comprador_id, password, comprador_id) values (27, 'DLPFGympu', 27);
insert into password_comprador (password_comprador_id, password, comprador_id) values (28, 'Cs5C9eSuS90g', 28);
insert into password_comprador (password_comprador_id, password, comprador_id) values (29, 'KH2Lnp0WXYO', 29);
insert into password_comprador (password_comprador_id, password, comprador_id) values (30, '485VXEqFHH', 30);
insert into password_comprador (password_comprador_id, password, comprador_id) values (31, 'V69YXmk0A', 31);
insert into password_comprador (password_comprador_id, password, comprador_id) values (32, 'KCYrQxffDG', 32);
insert into password_comprador (password_comprador_id, password, comprador_id) values (33, 'rXGy57cPpWou', 33);
insert into password_comprador (password_comprador_id, password, comprador_id) values (34, 'FQ4xNglyzo', 34);
insert into password_comprador (password_comprador_id, password, comprador_id) values (35, 'ATerDYjKW4j3', 35);
insert into password_comprador (password_comprador_id, password, comprador_id) values (36, 'pbnWW60yMu3', 36);
insert into password_comprador (password_comprador_id, password, comprador_id) values (37, 'LeG5qExQ98hj', 37);
insert into password_comprador (password_comprador_id, password, comprador_id) values (38, 'BswH76u50', 38);
insert into password_comprador (password_comprador_id, password, comprador_id) values (39, 'AnjkirT6F', 39);
insert into password_comprador (password_comprador_id, password, comprador_id) values (40, 'EChgwX', 40);
insert into password_comprador (password_comprador_id, password, comprador_id) values (41, '7CRJhFLX', 41);
insert into password_comprador (password_comprador_id, password, comprador_id) values (42, 'OWdc9IkeVA1M', 42);
insert into password_comprador (password_comprador_id, password, comprador_id) values (43, 'dhkRewUXc4', 43);
insert into password_comprador (password_comprador_id, password, comprador_id) values (44, 'hmYPgKd0yZW', 44);
insert into password_comprador (password_comprador_id, password, comprador_id) values (45, 'sUUUveFyA', 45);
insert into password_comprador (password_comprador_id, password, comprador_id) values (46, 'YZBqm1', 46);
insert into password_comprador (password_comprador_id, password, comprador_id) values (47, '3ECLdI4', 47);
insert into password_comprador (password_comprador_id, password, comprador_id) values (48, '3ZsoJQ7Oe', 48);
insert into password_comprador (password_comprador_id, password, comprador_id) values (49, 'kI6jdU232', 49);
insert into password_comprador (password_comprador_id, password, comprador_id) values (50, '1fbR6C', 50);
insert into password_comprador (password_comprador_id, password, comprador_id) values (51, 'HK9gN0ErpGCa', 51);
insert into password_comprador (password_comprador_id, password, comprador_id) values (52, 'tBhGlESMF', 52);
insert into password_comprador (password_comprador_id, password, comprador_id) values (53, '4RxxwDlP', 53);
insert into password_comprador (password_comprador_id, password, comprador_id) values (54, 'omburUTpP', 54);
insert into password_comprador (password_comprador_id, password, comprador_id) values (55, 'neFoC7XHgiub', 55);
insert into password_comprador (password_comprador_id, password, comprador_id) values (56, 'l0Cgekok', 56);
insert into password_comprador (password_comprador_id, password, comprador_id) values (57, 'fN4pb0v', 57);
insert into password_comprador (password_comprador_id, password, comprador_id) values (58, 'dl6C0xqFHWbz', 58);
insert into password_comprador (password_comprador_id, password, comprador_id) values (59, 'ETO8nVn', 59);
insert into password_comprador (password_comprador_id, password, comprador_id) values (60, 'nvVyFlNjmGC', 60);
insert into password_comprador (password_comprador_id, password, comprador_id) values (61, 'THdSi0M', 61);
insert into password_comprador (password_comprador_id, password, comprador_id) values (62, 'neyd8fs5OW', 62);
insert into password_comprador (password_comprador_id, password, comprador_id) values (63, 'LyW0PqzUc3M', 63);
insert into password_comprador (password_comprador_id, password, comprador_id) values (64, 'pimZRSPYs9b', 64);
insert into password_comprador (password_comprador_id, password, comprador_id) values (65, 'hXEicl', 65);
insert into password_comprador (password_comprador_id, password, comprador_id) values (66, 'eDzaFqf', 66);
insert into password_comprador (password_comprador_id, password, comprador_id) values (67, '08MWh4Z6rEDE', 67);
insert into password_comprador (password_comprador_id, password, comprador_id) values (68, 'aBDr9xVznXgl', 68);
insert into password_comprador (password_comprador_id, password, comprador_id) values (69, 'xh1P2e1irr9', 69);
insert into password_comprador (password_comprador_id, password, comprador_id) values (70, 'MuovjKqWtL5', 70);
insert into password_comprador (password_comprador_id, password, comprador_id) values (71, 'f478j2C', 71);
insert into password_comprador (password_comprador_id, password, comprador_id) values (72, '0acWer', 72);
insert into password_comprador (password_comprador_id, password, comprador_id) values (73, 'EdacFslTtu', 73);
insert into password_comprador (password_comprador_id, password, comprador_id) values (74, 'thIvyDHGi3B', 74);
insert into password_comprador (password_comprador_id, password, comprador_id) values (75, '1AoSmv6Madd', 75);
insert into password_comprador (password_comprador_id, password, comprador_id) values (76, '5eBe7hNup', 76);
insert into password_comprador (password_comprador_id, password, comprador_id) values (77, 'yvO5RB', 77);
insert into password_comprador (password_comprador_id, password, comprador_id) values (78, 'eHhS1ctWRw5V', 78);
insert into password_comprador (password_comprador_id, password, comprador_id) values (79, 'gPF0pmJzKkk', 79);
insert into password_comprador (password_comprador_id, password, comprador_id) values (80, '2KZHu8', 80);
insert into password_comprador (password_comprador_id, password, comprador_id) values (81, 'PAA3tJbDh', 81);
insert into password_comprador (password_comprador_id, password, comprador_id) values (82, 'i5KgDut0Z50J', 82);
insert into password_comprador (password_comprador_id, password, comprador_id) values (83, 'EPX62zZz', 83);
insert into password_comprador (password_comprador_id, password, comprador_id) values (84, 'SW1lUKO80W', 84);
insert into password_comprador (password_comprador_id, password, comprador_id) values (85, 'Ta93KW1Y', 85);
insert into password_comprador (password_comprador_id, password, comprador_id) values (86, 'FHOdBFHu0ho', 86);
insert into password_comprador (password_comprador_id, password, comprador_id) values (87, '6C4p4M', 87);
insert into password_comprador (password_comprador_id, password, comprador_id) values (88, 'y292Y5P', 88);
insert into password_comprador (password_comprador_id, password, comprador_id) values (89, 'WBopF4Cza', 89);
insert into password_comprador (password_comprador_id, password, comprador_id) values (90, 'CfcflhdVObau', 90);
insert into password_comprador (password_comprador_id, password, comprador_id) values (91, 'rZQkp7rScp', 91);
insert into password_comprador (password_comprador_id, password, comprador_id) values (92, 'nOSUYm5o3dx', 92);
insert into password_comprador (password_comprador_id, password, comprador_id) values (93, 'ZG8VDXL1l', 93);
insert into password_comprador (password_comprador_id, password, comprador_id) values (94, '0ckXmadk9Mcw', 94);
insert into password_comprador (password_comprador_id, password, comprador_id) values (95, 'SfSrLj', 95);
insert into password_comprador (password_comprador_id, password, comprador_id) values (96, '8aXI8ecqrQ', 96);
insert into password_comprador (password_comprador_id, password, comprador_id) values (97, 'mbKDuR40c11v', 97);
insert into password_comprador (password_comprador_id, password, comprador_id) values (98, 'qoygMMxKV', 98);
insert into password_comprador (password_comprador_id, password, comprador_id) values (99, 'E2VtWB', 99);
insert into password_comprador (password_comprador_id, password, comprador_id) values (100, '0jW5TP', 100);
insert into password_comprador (password_comprador_id, password, comprador_id) values (101, 'JRu6A5K2', 101);
insert into password_comprador (password_comprador_id, password, comprador_id) values (102, '970X1qdUk', 102);
insert into password_comprador (password_comprador_id, password, comprador_id) values (103, 'TS1lMrDl0L', 103);
insert into password_comprador (password_comprador_id, password, comprador_id) values (104, 'W9molgzBP', 104);
insert into password_comprador (password_comprador_id, password, comprador_id) values (105, 'PzRHz6DJQm', 105);
insert into password_comprador (password_comprador_id, password, comprador_id) values (106, 'tSrbElg1RE9', 106);
insert into password_comprador (password_comprador_id, password, comprador_id) values (107, 'KJ10T7', 107);
insert into password_comprador (password_comprador_id, password, comprador_id) values (108, 'K9Dlrtlk2', 108);
insert into password_comprador (password_comprador_id, password, comprador_id) values (109, 'yPmqUljH0XH', 109);
insert into password_comprador (password_comprador_id, password, comprador_id) values (110, 'CePs5eubs', 110);
insert into password_comprador (password_comprador_id, password, comprador_id) values (111, 'UwORUjzaVokD', 111);
insert into password_comprador (password_comprador_id, password, comprador_id) values (112, 'ZjKpULhUoSZ', 112);
insert into password_comprador (password_comprador_id, password, comprador_id) values (113, 'Ztf3GygA2c', 113);
insert into password_comprador (password_comprador_id, password, comprador_id) values (114, '6W0VUxPX', 114);
insert into password_comprador (password_comprador_id, password, comprador_id) values (115, 'IcL79S', 115);
insert into password_comprador (password_comprador_id, password, comprador_id) values (116, '2pxPDaZ', 116);
insert into password_comprador (password_comprador_id, password, comprador_id) values (117, '59RFqBdt53', 117);
insert into password_comprador (password_comprador_id, password, comprador_id) values (118, 'T919MxPB', 118);
insert into password_comprador (password_comprador_id, password, comprador_id) values (119, 'mmks1o5dS', 119);
insert into password_comprador (password_comprador_id, password, comprador_id) values (120, 'EpbZ3CCDMw', 120);
insert into password_comprador (password_comprador_id, password, comprador_id) values (121, 'FziKP78r5Bx', 121);
insert into password_comprador (password_comprador_id, password, comprador_id) values (122, '1KoXii', 122);
insert into password_comprador (password_comprador_id, password, comprador_id) values (123, 'kEV6yW', 123);
insert into password_comprador (password_comprador_id, password, comprador_id) values (124, 'zEXrSQjyWxR', 124);
insert into password_comprador (password_comprador_id, password, comprador_id) values (125, 'Bx651dE', 125);
insert into password_comprador (password_comprador_id, password, comprador_id) values (126, 'JknnZSA7qC', 126);
insert into password_comprador (password_comprador_id, password, comprador_id) values (127, 'IE6zWSEvuXSr', 127);
insert into password_comprador (password_comprador_id, password, comprador_id) values (128, 'CEOcNnsQ', 128);
insert into password_comprador (password_comprador_id, password, comprador_id) values (129, 'Grjrk7Y', 129);
insert into password_comprador (password_comprador_id, password, comprador_id) values (130, 'spRhqDKosTtW', 130);
insert into password_comprador (password_comprador_id, password, comprador_id) values (131, 'Bbx3Kux', 131);
insert into password_comprador (password_comprador_id, password, comprador_id) values (132, '67bhYAvy', 132);
insert into password_comprador (password_comprador_id, password, comprador_id) values (133, 'hjLWbae9', 133);
insert into password_comprador (password_comprador_id, password, comprador_id) values (134, 'nY8ovO69HGjn', 134);
insert into password_comprador (password_comprador_id, password, comprador_id) values (135, 'pqhCYGOMhUW', 135);
insert into password_comprador (password_comprador_id, password, comprador_id) values (136, 'V2rUhbVg', 136);
insert into password_comprador (password_comprador_id, password, comprador_id) values (137, 'kDqv0o0', 137);
insert into password_comprador (password_comprador_id, password, comprador_id) values (138, 'sNuYFzECIMx', 138);
insert into password_comprador (password_comprador_id, password, comprador_id) values (139, 'UIJIWzQwlg9', 139);
insert into password_comprador (password_comprador_id, password, comprador_id) values (140, 'LimHoI', 140);
insert into password_comprador (password_comprador_id, password, comprador_id) values (141, 'af8Cr4', 141);
insert into password_comprador (password_comprador_id, password, comprador_id) values (142, 'iLn89z0cvt', 142);
insert into password_comprador (password_comprador_id, password, comprador_id) values (143, 'VyiIRLvxmVl7', 143);
insert into password_comprador (password_comprador_id, password, comprador_id) values (144, 'lt3l6y', 144);
insert into password_comprador (password_comprador_id, password, comprador_id) values (145, 'NPWy27rj', 145);
insert into password_comprador (password_comprador_id, password, comprador_id) values (146, '7ytbmxLIlxOp', 146);
insert into password_comprador (password_comprador_id, password, comprador_id) values (147, '2eI3wNN0', 147);
insert into password_comprador (password_comprador_id, password, comprador_id) values (148, 'UVUidkS', 148);
insert into password_comprador (password_comprador_id, password, comprador_id) values (149, 'lj4AvZTfLc', 149);
insert into password_comprador (password_comprador_id, password, comprador_id) values (150, 'R7smBJ', 150);
insert into password_comprador (password_comprador_id, password, comprador_id) values (151, 'HehfMlTMpAM', 151);
insert into password_comprador (password_comprador_id, password, comprador_id) values (152, 'fSu5uCO8', 152);
insert into password_comprador (password_comprador_id, password, comprador_id) values (153, 'ucH5F4', 153);
insert into password_comprador (password_comprador_id, password, comprador_id) values (154, 'qg8FNRfP', 154);
insert into password_comprador (password_comprador_id, password, comprador_id) values (155, '03VyipVw', 155);
insert into password_comprador (password_comprador_id, password, comprador_id) values (156, 'hAgQwZGQ', 156);
insert into password_comprador (password_comprador_id, password, comprador_id) values (157, '7Lht6UKA', 157);
insert into password_comprador (password_comprador_id, password, comprador_id) values (158, 'RfmxdLp', 158);
insert into password_comprador (password_comprador_id, password, comprador_id) values (159, 'GZsHbGnd380V', 159);
insert into password_comprador (password_comprador_id, password, comprador_id) values (160, 'bOSzR5e', 160);
insert into password_comprador (password_comprador_id, password, comprador_id) values (161, '5X656pJ6DS', 161);
insert into password_comprador (password_comprador_id, password, comprador_id) values (162, 'd9rbeZaZFyPY', 162);
insert into password_comprador (password_comprador_id, password, comprador_id) values (163, 'ckAbvIoP', 163);
insert into password_comprador (password_comprador_id, password, comprador_id) values (164, 'W8HAa7sx', 164);
insert into password_comprador (password_comprador_id, password, comprador_id) values (165, 'yKf6S3mB', 165);
insert into password_comprador (password_comprador_id, password, comprador_id) values (166, 'oSjvOJFDV', 166);
insert into password_comprador (password_comprador_id, password, comprador_id) values (167, 'VtP18Ha', 167);
insert into password_comprador (password_comprador_id, password, comprador_id) values (168, 'iCBnVlZ9w', 168);
insert into password_comprador (password_comprador_id, password, comprador_id) values (169, 'MrjF8YGqgPZ', 169);
insert into password_comprador (password_comprador_id, password, comprador_id) values (170, 'VIt3YFn6cey', 170);
insert into password_comprador (password_comprador_id, password, comprador_id) values (171, 'xxaS0GGQm', 171);
insert into password_comprador (password_comprador_id, password, comprador_id) values (172, 'VESVLMSn', 172);
insert into password_comprador (password_comprador_id, password, comprador_id) values (173, 'lhwpS9RjHhY', 173);
insert into password_comprador (password_comprador_id, password, comprador_id) values (174, 'TrQ5dJ7a1D', 174);
insert into password_comprador (password_comprador_id, password, comprador_id) values (175, 'eODGQYC7ovh', 175);
insert into password_comprador (password_comprador_id, password, comprador_id) values (176, 'wtfQ7fFJg', 176);
insert into password_comprador (password_comprador_id, password, comprador_id) values (177, 'ZnrfTSFP', 177);
insert into password_comprador (password_comprador_id, password, comprador_id) values (178, 'sYdz1KDwF', 178);
insert into password_comprador (password_comprador_id, password, comprador_id) values (179, '5lUJK9pNk', 179);
insert into password_comprador (password_comprador_id, password, comprador_id) values (180, 'FHZXFUL', 180);
insert into password_comprador (password_comprador_id, password, comprador_id) values (181, 'ZVGhqjZgA9', 181);
insert into password_comprador (password_comprador_id, password, comprador_id) values (182, 'Ysqrn7', 182);
insert into password_comprador (password_comprador_id, password, comprador_id) values (183, 'hbVaDMQmm', 183);
insert into password_comprador (password_comprador_id, password, comprador_id) values (184, 'rR4z67aBpf', 184);
insert into password_comprador (password_comprador_id, password, comprador_id) values (185, 'BHYMCMXzo', 185);
insert into password_comprador (password_comprador_id, password, comprador_id) values (186, 'w5xZvC9RL5', 186);
insert into password_comprador (password_comprador_id, password, comprador_id) values (187, 'c15HvmBM', 187);
insert into password_comprador (password_comprador_id, password, comprador_id) values (188, 'N2tcc3F', 188);
insert into password_comprador (password_comprador_id, password, comprador_id) values (189, 'vvQK9Ey6i', 189);
insert into password_comprador (password_comprador_id, password, comprador_id) values (190, 'kbXJdrh', 190);
insert into password_comprador (password_comprador_id, password, comprador_id) values (191, '94uowZ7Ohw', 191);
insert into password_comprador (password_comprador_id, password, comprador_id) values (192, 'vqNGr52OMxKl', 192);
insert into password_comprador (password_comprador_id, password, comprador_id) values (193, 'ueO4Fa27Bd', 193);
insert into password_comprador (password_comprador_id, password, comprador_id) values (194, 's79aBEDk', 194);
insert into password_comprador (password_comprador_id, password, comprador_id) values (195, 'UTNNQKr8xzvF', 195);
insert into password_comprador (password_comprador_id, password, comprador_id) values (196, '365xwLq3Zp', 196);
insert into password_comprador (password_comprador_id, password, comprador_id) values (197, 'QSdnRhvVe', 197);
insert into password_comprador (password_comprador_id, password, comprador_id) values (198, 'fdOMwvNHGV0K', 198);
insert into password_comprador (password_comprador_id, password, comprador_id) values (199, '1TDNyN6m', 199);
insert into password_comprador (password_comprador_id, password, comprador_id) values (200, 'XQHdOSFsngk', 200);
insert into password_comprador (password_comprador_id, password, comprador_id) values (201, '2a48LSALA', 201);
insert into password_comprador (password_comprador_id, password, comprador_id) values (202, 'PZr4wS1ME1w', 202);
insert into password_comprador (password_comprador_id, password, comprador_id) values (203, 'bANRDwbeAMCc', 203);
insert into password_comprador (password_comprador_id, password, comprador_id) values (204, '6Nhxpp', 204);
insert into password_comprador (password_comprador_id, password, comprador_id) values (205, 'l42aqcU6i6F', 205);
insert into password_comprador (password_comprador_id, password, comprador_id) values (206, '43xfqntmj', 206);
insert into password_comprador (password_comprador_id, password, comprador_id) values (207, 'srlkB41zYYeJ', 207);
insert into password_comprador (password_comprador_id, password, comprador_id) values (208, 'koNGhLQXe', 208);
insert into password_comprador (password_comprador_id, password, comprador_id) values (209, 'IESHCO', 209);
insert into password_comprador (password_comprador_id, password, comprador_id) values (210, 'tnhVyZjllx', 210);
insert into password_comprador (password_comprador_id, password, comprador_id) values (211, 'chUl3PO', 211);
insert into password_comprador (password_comprador_id, password, comprador_id) values (212, 'GOT2wi1ngU3', 212);
insert into password_comprador (password_comprador_id, password, comprador_id) values (213, 'aoqMUhyRti', 213);
insert into password_comprador (password_comprador_id, password, comprador_id) values (214, 'eXKgVK1FAYq', 214);
insert into password_comprador (password_comprador_id, password, comprador_id) values (215, 'dtsuXA', 215);
insert into password_comprador (password_comprador_id, password, comprador_id) values (216, '25GGMV6M', 216);
insert into password_comprador (password_comprador_id, password, comprador_id) values (217, 'UaSRiFo', 217);
insert into password_comprador (password_comprador_id, password, comprador_id) values (218, 'ybxHDb', 218);
insert into password_comprador (password_comprador_id, password, comprador_id) values (219, 'iC1JcBIv', 219);
insert into password_comprador (password_comprador_id, password, comprador_id) values (220, 'FXlIw4', 220);
insert into password_comprador (password_comprador_id, password, comprador_id) values (221, 'hY7BnFsf', 221);
insert into password_comprador (password_comprador_id, password, comprador_id) values (222, 'fZgkFdM', 222);
insert into password_comprador (password_comprador_id, password, comprador_id) values (223, 'G63SH5AOBGKP', 223);
insert into password_comprador (password_comprador_id, password, comprador_id) values (224, '5Zwgs7vvs', 224);
insert into password_comprador (password_comprador_id, password, comprador_id) values (225, 'OrvnZV', 225);
insert into password_comprador (password_comprador_id, password, comprador_id) values (226, 'AZH3mAn2', 226);
insert into password_comprador (password_comprador_id, password, comprador_id) values (227, 'xH9vdc', 227);
insert into password_comprador (password_comprador_id, password, comprador_id) values (228, '1pfYsyXo', 228);
insert into password_comprador (password_comprador_id, password, comprador_id) values (229, 'sO3DFMCnTbq', 229);
insert into password_comprador (password_comprador_id, password, comprador_id) values (230, 'uo1X2B', 230);
insert into password_comprador (password_comprador_id, password, comprador_id) values (231, 'J5P8OMZM8oq', 231);
insert into password_comprador (password_comprador_id, password, comprador_id) values (232, '7AvhAOHu9', 232);
insert into password_comprador (password_comprador_id, password, comprador_id) values (233, 'GZiVB7bgZ9', 233);
insert into password_comprador (password_comprador_id, password, comprador_id) values (234, '5ppEaoZc', 234);
insert into password_comprador (password_comprador_id, password, comprador_id) values (235, 'jSUP2vKYiZm', 235);
insert into password_comprador (password_comprador_id, password, comprador_id) values (236, 'x20oaVDD8zv', 236);
insert into password_comprador (password_comprador_id, password, comprador_id) values (237, 'J1PM38fClo', 237);
insert into password_comprador (password_comprador_id, password, comprador_id) values (238, 'E3hvvedOwwuy', 238);
insert into password_comprador (password_comprador_id, password, comprador_id) values (239, 'MqtfGysNT', 239);
insert into password_comprador (password_comprador_id, password, comprador_id) values (240, '09t3Vh', 240);
insert into password_comprador (password_comprador_id, password, comprador_id) values (241, 'E9URQp', 241);
insert into password_comprador (password_comprador_id, password, comprador_id) values (242, 'ldxo7ua', 242);
insert into password_comprador (password_comprador_id, password, comprador_id) values (243, 'CszzJN3', 243);
insert into password_comprador (password_comprador_id, password, comprador_id) values (244, 'Vy9Vedmece', 244);
insert into password_comprador (password_comprador_id, password, comprador_id) values (245, 'WW8xBo', 245);
insert into password_comprador (password_comprador_id, password, comprador_id) values (246, 'RXCn4n', 246);
insert into password_comprador (password_comprador_id, password, comprador_id) values (247, 'H1yV4ILaGV', 247);
insert into password_comprador (password_comprador_id, password, comprador_id) values (248, 'EiZTwj9', 248);
insert into password_comprador (password_comprador_id, password, comprador_id) values (249, 'xyC5lIXm', 249);
insert into password_comprador (password_comprador_id, password, comprador_id) values (250, 'LHKStudA', 250);
insert into password_comprador (password_comprador_id, password, comprador_id) values (251, 'gucvjqFA', 251);
insert into password_comprador (password_comprador_id, password, comprador_id) values (252, '8Mp3TTxGCYU', 252);
insert into password_comprador (password_comprador_id, password, comprador_id) values (253, 'nwlIBDx63fXy', 253);
insert into password_comprador (password_comprador_id, password, comprador_id) values (254, 'LSZqjQ6b', 254);
insert into password_comprador (password_comprador_id, password, comprador_id) values (255, '1HWOSlQ70M', 255);
insert into password_comprador (password_comprador_id, password, comprador_id) values (256, 'LVIfpW1aK', 256);
insert into password_comprador (password_comprador_id, password, comprador_id) values (257, 'U5uJUe', 257);
insert into password_comprador (password_comprador_id, password, comprador_id) values (258, 'rubgVBnlfz', 258);
insert into password_comprador (password_comprador_id, password, comprador_id) values (259, 'mWHzFu', 259);
insert into password_comprador (password_comprador_id, password, comprador_id) values (260, 'Js3xQo7', 260);
insert into password_comprador (password_comprador_id, password, comprador_id) values (261, 'fl5fPt', 261);
insert into password_comprador (password_comprador_id, password, comprador_id) values (262, 'HHU8blUa9mg', 262);
insert into password_comprador (password_comprador_id, password, comprador_id) values (263, 'qPTIH4RjTrbp', 263);
insert into password_comprador (password_comprador_id, password, comprador_id) values (264, 'HxAnQ8NH', 264);
insert into password_comprador (password_comprador_id, password, comprador_id) values (265, 'V5Wu1GUr5', 265);
insert into password_comprador (password_comprador_id, password, comprador_id) values (266, 'yUYT3sJPj', 266);
insert into password_comprador (password_comprador_id, password, comprador_id) values (267, 'oRYIMCH', 267);
insert into password_comprador (password_comprador_id, password, comprador_id) values (268, '7jMy9yjN1pmk', 268);
insert into password_comprador (password_comprador_id, password, comprador_id) values (269, 'qnRI1tRzEzX', 269);
insert into password_comprador (password_comprador_id, password, comprador_id) values (270, 'DaqWXj6CdeB', 270);
insert into password_comprador (password_comprador_id, password, comprador_id) values (271, 'pggxjxUtRd', 271);
insert into password_comprador (password_comprador_id, password, comprador_id) values (272, 'DVmi4VC', 272);
insert into password_comprador (password_comprador_id, password, comprador_id) values (273, 'Z1Wx4KhA', 273);
insert into password_comprador (password_comprador_id, password, comprador_id) values (274, 'AnGmWBCQM4V', 274);
insert into password_comprador (password_comprador_id, password, comprador_id) values (275, 'g3eDH5Z', 275);
insert into password_comprador (password_comprador_id, password, comprador_id) values (276, 'i35Hzuz', 276);
insert into password_comprador (password_comprador_id, password, comprador_id) values (277, '5F1NDkl7m', 277);
insert into password_comprador (password_comprador_id, password, comprador_id) values (278, 'GdnxPw8RWRq', 278);
insert into password_comprador (password_comprador_id, password, comprador_id) values (279, 'PXo1c2Md', 279);
insert into password_comprador (password_comprador_id, password, comprador_id) values (280, 'rYgKe2', 280);
insert into password_comprador (password_comprador_id, password, comprador_id) values (281, 'xJQWUrCJCe', 281);
insert into password_comprador (password_comprador_id, password, comprador_id) values (282, '3L1wrxWU', 282);
insert into password_comprador (password_comprador_id, password, comprador_id) values (283, 'XO4jNnkdF', 283);
insert into password_comprador (password_comprador_id, password, comprador_id) values (284, '7wcpvrHE', 284);
insert into password_comprador (password_comprador_id, password, comprador_id) values (285, 'dJ8ThBNfl7fp', 285);
insert into password_comprador (password_comprador_id, password, comprador_id) values (286, '78y8DT2d33', 286);
insert into password_comprador (password_comprador_id, password, comprador_id) values (287, 'rs1ReVq', 287);
insert into password_comprador (password_comprador_id, password, comprador_id) values (288, 'PBFFUUD', 288);
insert into password_comprador (password_comprador_id, password, comprador_id) values (289, 'cK0cZg8WtIZy', 289);
insert into password_comprador (password_comprador_id, password, comprador_id) values (290, '9BEZA9', 290);
insert into password_comprador (password_comprador_id, password, comprador_id) values (291, '9x4x8V12Zh', 291);
insert into password_comprador (password_comprador_id, password, comprador_id) values (292, '1ewuO1Eq2eDv', 292);
insert into password_comprador (password_comprador_id, password, comprador_id) values (293, 'kYumAjR', 293);
insert into password_comprador (password_comprador_id, password, comprador_id) values (294, '9ZLiHBXZnLO', 294);
insert into password_comprador (password_comprador_id, password, comprador_id) values (295, 'RTXmIhThWwZ', 295);
insert into password_comprador (password_comprador_id, password, comprador_id) values (296, 'jNG1TZ9RLfrZ', 296);
insert into password_comprador (password_comprador_id, password, comprador_id) values (297, 'aCZl9ht2q', 297);
insert into password_comprador (password_comprador_id, password, comprador_id) values (298, 'Qb3lKL7Ug', 298);
insert into password_comprador (password_comprador_id, password, comprador_id) values (299, 'FXsjok22u', 299);
insert into password_comprador (password_comprador_id, password, comprador_id) values (300, 'nEtpSEmMX', 300);
insert into password_comprador (password_comprador_id, password, comprador_id) values (301, 'RO6uxozIJ', 301);
insert into password_comprador (password_comprador_id, password, comprador_id) values (302, 'U7gi39Y', 302);
insert into password_comprador (password_comprador_id, password, comprador_id) values (303, 'wEqAE7', 303);
insert into password_comprador (password_comprador_id, password, comprador_id) values (304, '6eCCxo', 304);
insert into password_comprador (password_comprador_id, password, comprador_id) values (305, 'hvgpJ1bkVzVG', 305);
insert into password_comprador (password_comprador_id, password, comprador_id) values (306, '074spPH2n', 306);
insert into password_comprador (password_comprador_id, password, comprador_id) values (307, 'WMTA3VOW', 307);
insert into password_comprador (password_comprador_id, password, comprador_id) values (308, 'VAZva74Ft', 308);
insert into password_comprador (password_comprador_id, password, comprador_id) values (309, 'Mr2flBUgM', 309);
insert into password_comprador (password_comprador_id, password, comprador_id) values (310, 'u0IZVHa', 310);
insert into password_comprador (password_comprador_id, password, comprador_id) values (311, 'SzypjT3wzndg', 311);
insert into password_comprador (password_comprador_id, password, comprador_id) values (312, '0lYpgSpuLkcZ', 312);
insert into password_comprador (password_comprador_id, password, comprador_id) values (313, 'YanChcbVXQ', 313);
insert into password_comprador (password_comprador_id, password, comprador_id) values (314, '7UWvbjbxrV', 314);
insert into password_comprador (password_comprador_id, password, comprador_id) values (315, 'qK3gMwzR', 315);
insert into password_comprador (password_comprador_id, password, comprador_id) values (316, 'UZb4s60fxxHz', 316);
insert into password_comprador (password_comprador_id, password, comprador_id) values (317, 'YboeQKsb', 317);
insert into password_comprador (password_comprador_id, password, comprador_id) values (318, 'HEjtVd', 318);
insert into password_comprador (password_comprador_id, password, comprador_id) values (319, '79SGnxFuuEL', 319);
insert into password_comprador (password_comprador_id, password, comprador_id) values (320, 'o3m1L7eO', 320);
insert into password_comprador (password_comprador_id, password, comprador_id) values (321, '6WFmTBol', 321);
insert into password_comprador (password_comprador_id, password, comprador_id) values (322, 'bDOlXdS6', 322);
insert into password_comprador (password_comprador_id, password, comprador_id) values (323, 'loU7j3Xl1', 323);
insert into password_comprador (password_comprador_id, password, comprador_id) values (324, 'mLT4GH', 324);
insert into password_comprador (password_comprador_id, password, comprador_id) values (325, 'F7xuSfJKeL', 325);
insert into password_comprador (password_comprador_id, password, comprador_id) values (326, 'XugGz58Vyv39', 326);
insert into password_comprador (password_comprador_id, password, comprador_id) values (327, 'sx5ndfGxX', 327);
insert into password_comprador (password_comprador_id, password, comprador_id) values (328, 'JmFJ51', 328);
insert into password_comprador (password_comprador_id, password, comprador_id) values (329, 'tJ9eufzxDY', 329);
insert into password_comprador (password_comprador_id, password, comprador_id) values (330, 'PmdLcFrJ', 330);
insert into password_comprador (password_comprador_id, password, comprador_id) values (331, 'ecr7b16NdVO', 331);
insert into password_comprador (password_comprador_id, password, comprador_id) values (332, 'to3ZwvE4T', 332);
insert into password_comprador (password_comprador_id, password, comprador_id) values (333, 'qdgu7fKGp1k8', 333);
insert into password_comprador (password_comprador_id, password, comprador_id) values (334, 't3PCCA', 334);
insert into password_comprador (password_comprador_id, password, comprador_id) values (335, 'hKc1IB7', 335);
insert into password_comprador (password_comprador_id, password, comprador_id) values (336, 'ABu3LrshE', 336);
insert into password_comprador (password_comprador_id, password, comprador_id) values (337, 'atdH4S2lkF', 337);
insert into password_comprador (password_comprador_id, password, comprador_id) values (338, '4V614nCLwZ', 338);
insert into password_comprador (password_comprador_id, password, comprador_id) values (339, 'W0xC3zmW', 339);
insert into password_comprador (password_comprador_id, password, comprador_id) values (340, '2amEyJ8M3', 340);
insert into password_comprador (password_comprador_id, password, comprador_id) values (341, '8xVYXV', 341);
insert into password_comprador (password_comprador_id, password, comprador_id) values (342, 'LWHEffMGwIu', 342);
insert into password_comprador (password_comprador_id, password, comprador_id) values (343, 'B525OY3YOP', 343);
insert into password_comprador (password_comprador_id, password, comprador_id) values (344, 'rYrRKBP9IeoC', 344);
insert into password_comprador (password_comprador_id, password, comprador_id) values (345, 'EPYwJBMgo', 345);
insert into password_comprador (password_comprador_id, password, comprador_id) values (346, 'WEofh9', 346);
insert into password_comprador (password_comprador_id, password, comprador_id) values (347, 'eSnfkrg', 347);
insert into password_comprador (password_comprador_id, password, comprador_id) values (348, 'B8i5SA', 348);
insert into password_comprador (password_comprador_id, password, comprador_id) values (349, 'QJEy8CIY7', 349);
insert into password_comprador (password_comprador_id, password, comprador_id) values (350, '13EWAqi', 350);
insert into password_comprador (password_comprador_id, password, comprador_id) values (351, '5igytfEjRw', 351);
insert into password_comprador (password_comprador_id, password, comprador_id) values (352, 'fgVFx0m0b', 352);
insert into password_comprador (password_comprador_id, password, comprador_id) values (353, '7DojWNbjShh', 353);
insert into password_comprador (password_comprador_id, password, comprador_id) values (354, 'oBq34hvx', 354);
insert into password_comprador (password_comprador_id, password, comprador_id) values (355, 'Mo33g8GSFFkx', 355);
insert into password_comprador (password_comprador_id, password, comprador_id) values (356, 'YsJcfIQY', 356);
insert into password_comprador (password_comprador_id, password, comprador_id) values (357, '1FcBW7', 357);
insert into password_comprador (password_comprador_id, password, comprador_id) values (358, 'brz68EZ23MsV', 358);
insert into password_comprador (password_comprador_id, password, comprador_id) values (359, 'ZBYHL5VzZ', 359);
insert into password_comprador (password_comprador_id, password, comprador_id) values (360, 'ugqKPqt', 360);
insert into password_comprador (password_comprador_id, password, comprador_id) values (361, 'z69BP5Ed', 361);
insert into password_comprador (password_comprador_id, password, comprador_id) values (362, 'h2hZCYZMrGt', 362);
insert into password_comprador (password_comprador_id, password, comprador_id) values (363, 'Eowxlo7Fa', 363);
insert into password_comprador (password_comprador_id, password, comprador_id) values (364, '5ZOZOfoC', 364);
insert into password_comprador (password_comprador_id, password, comprador_id) values (365, 'oDgwbDnXOHsG', 365);
insert into password_comprador (password_comprador_id, password, comprador_id) values (366, 'Jws4Sy', 366);
insert into password_comprador (password_comprador_id, password, comprador_id) values (367, '1cX1hsiCys', 367);
insert into password_comprador (password_comprador_id, password, comprador_id) values (368, 'uQM2Jd', 368);
insert into password_comprador (password_comprador_id, password, comprador_id) values (369, 'KUztKT', 369);
insert into password_comprador (password_comprador_id, password, comprador_id) values (370, '2ItdLPks', 370);
insert into password_comprador (password_comprador_id, password, comprador_id) values (371, 'jEFMgsT2', 371);
insert into password_comprador (password_comprador_id, password, comprador_id) values (372, 'FhwNEQH', 372);
insert into password_comprador (password_comprador_id, password, comprador_id) values (373, 'UlnA0fj4S', 373);
insert into password_comprador (password_comprador_id, password, comprador_id) values (374, 'uIdmvzVFzP', 374);
insert into password_comprador (password_comprador_id, password, comprador_id) values (375, 'KHrePr', 375);
insert into password_comprador (password_comprador_id, password, comprador_id) values (376, '7HqjkWBGNier', 376);
insert into password_comprador (password_comprador_id, password, comprador_id) values (377, '1CEaP3wwOoYl', 377);
insert into password_comprador (password_comprador_id, password, comprador_id) values (378, '7dro73vLEyLS', 378);
insert into password_comprador (password_comprador_id, password, comprador_id) values (379, 'g6IxPQq', 379);
insert into password_comprador (password_comprador_id, password, comprador_id) values (380, 'fPG29grFMU', 380);
insert into password_comprador (password_comprador_id, password, comprador_id) values (381, 'Jxw5mhP', 381);
insert into password_comprador (password_comprador_id, password, comprador_id) values (382, 'XznWesT', 382);
insert into password_comprador (password_comprador_id, password, comprador_id) values (383, 'rClApvZ2', 383);
insert into password_comprador (password_comprador_id, password, comprador_id) values (384, 'lMZ9gjZGN', 384);
insert into password_comprador (password_comprador_id, password, comprador_id) values (385, '1ykPGTvJw', 385);
insert into password_comprador (password_comprador_id, password, comprador_id) values (386, 'Rc4PYXAgma', 386);
insert into password_comprador (password_comprador_id, password, comprador_id) values (387, 'biKu67Bm6Kz', 387);
insert into password_comprador (password_comprador_id, password, comprador_id) values (388, 'jlqpnrfvmqc', 388);
insert into password_comprador (password_comprador_id, password, comprador_id) values (389, '7RvYELElXf', 389);
insert into password_comprador (password_comprador_id, password, comprador_id) values (390, '2trlvLrmd', 390);
insert into password_comprador (password_comprador_id, password, comprador_id) values (391, '7SwTpvb154GR', 391);
insert into password_comprador (password_comprador_id, password, comprador_id) values (392, '8zbRgBQMAg', 392);
insert into password_comprador (password_comprador_id, password, comprador_id) values (393, 'se4YQb', 393);
insert into password_comprador (password_comprador_id, password, comprador_id) values (394, 'xzbksDdCxGi', 394);
insert into password_comprador (password_comprador_id, password, comprador_id) values (395, 'qrwmrQJnz', 395);
insert into password_comprador (password_comprador_id, password, comprador_id) values (396, 'emY8BdZxQ', 396);
insert into password_comprador (password_comprador_id, password, comprador_id) values (397, 'iKDoUTFat', 397);
insert into password_comprador (password_comprador_id, password, comprador_id) values (398, 'Wj6MdHfny', 398);
insert into password_comprador (password_comprador_id, password, comprador_id) values (399, 'oOUGbbNF2RbU', 399);
insert into password_comprador (password_comprador_id, password, comprador_id) values (400, 'qNBLOUFH', 400);
insert into password_comprador (password_comprador_id, password, comprador_id) values (401, 'qlNCDG', 401);
insert into password_comprador (password_comprador_id, password, comprador_id) values (402, 'k2mmk1l1jRaN', 402);
insert into password_comprador (password_comprador_id, password, comprador_id) values (403, 'qa9HHK', 403);
insert into password_comprador (password_comprador_id, password, comprador_id) values (404, '9LIFhvPLmB3', 404);
insert into password_comprador (password_comprador_id, password, comprador_id) values (405, 'Mdt8fxqaZqh', 405);
insert into password_comprador (password_comprador_id, password, comprador_id) values (406, 'YBnslkpwbupN', 406);
insert into password_comprador (password_comprador_id, password, comprador_id) values (407, 'oEd4njVUFgdk', 407);
insert into password_comprador (password_comprador_id, password, comprador_id) values (408, 'jNnPomx0nKUD', 408);
insert into password_comprador (password_comprador_id, password, comprador_id) values (409, 'MnxtW8x5M', 409);
insert into password_comprador (password_comprador_id, password, comprador_id) values (410, 'MdSJ6Gustalt', 410);
insert into password_comprador (password_comprador_id, password, comprador_id) values (411, 'Toh3Gf9fd2', 411);
insert into password_comprador (password_comprador_id, password, comprador_id) values (412, 'DltIX5lzSy7Y', 412);
insert into password_comprador (password_comprador_id, password, comprador_id) values (413, 'Dy09A0l', 413);
insert into password_comprador (password_comprador_id, password, comprador_id) values (414, '6ufLiDqdb', 414);
insert into password_comprador (password_comprador_id, password, comprador_id) values (415, 'uSn2xC7', 415);
insert into password_comprador (password_comprador_id, password, comprador_id) values (416, 'jPINJjv2I', 416);
insert into password_comprador (password_comprador_id, password, comprador_id) values (417, 'a9Xr991', 417);
insert into password_comprador (password_comprador_id, password, comprador_id) values (418, 'Z21Pbj10zv4X', 418);
insert into password_comprador (password_comprador_id, password, comprador_id) values (419, '0VOkZAX7FnJp', 419);
insert into password_comprador (password_comprador_id, password, comprador_id) values (420, 'lpDZjIVC0I', 420);
insert into password_comprador (password_comprador_id, password, comprador_id) values (421, 'o0K1szjg', 421);
insert into password_comprador (password_comprador_id, password, comprador_id) values (422, 'NT0ehf5ikq', 422);
insert into password_comprador (password_comprador_id, password, comprador_id) values (423, '0GufU0PgcG', 423);
insert into password_comprador (password_comprador_id, password, comprador_id) values (424, 'QklL4qDGcY', 424);
insert into password_comprador (password_comprador_id, password, comprador_id) values (425, 'JHLokhU', 425);
insert into password_comprador (password_comprador_id, password, comprador_id) values (426, 'NVmVpcz', 426);
insert into password_comprador (password_comprador_id, password, comprador_id) values (427, 'cUvPHw1AbKt', 427);
insert into password_comprador (password_comprador_id, password, comprador_id) values (428, '6rpVjg', 428);
insert into password_comprador (password_comprador_id, password, comprador_id) values (429, 'sBtRGJ', 429);
insert into password_comprador (password_comprador_id, password, comprador_id) values (430, 'Kq7gTxqiK', 430);
insert into password_comprador (password_comprador_id, password, comprador_id) values (431, 'tPTwl78ugvr', 431);
insert into password_comprador (password_comprador_id, password, comprador_id) values (432, 'xyjl6nswd6', 432);
insert into password_comprador (password_comprador_id, password, comprador_id) values (433, 'qy27UCTWfL5Y', 433);
insert into password_comprador (password_comprador_id, password, comprador_id) values (434, 'HSXxx5WMLu', 434);
insert into password_comprador (password_comprador_id, password, comprador_id) values (435, 'hKkeqtZgK', 435);
insert into password_comprador (password_comprador_id, password, comprador_id) values (436, 'E2XNVUAmFh', 436);
insert into password_comprador (password_comprador_id, password, comprador_id) values (437, 'Zf0TtgAS', 437);
insert into password_comprador (password_comprador_id, password, comprador_id) values (438, 'ILRL7DjZ', 438);
insert into password_comprador (password_comprador_id, password, comprador_id) values (439, 'Ox1qujCl2C39', 439);
insert into password_comprador (password_comprador_id, password, comprador_id) values (440, 'cDrwGO7', 440);
insert into password_comprador (password_comprador_id, password, comprador_id) values (441, 'jNWKzn', 441);
insert into password_comprador (password_comprador_id, password, comprador_id) values (442, '0euQLXoU5jj', 442);
insert into password_comprador (password_comprador_id, password, comprador_id) values (443, 'x3k9lFjIsWB7', 443);
insert into password_comprador (password_comprador_id, password, comprador_id) values (444, 'JwUs2o', 444);
insert into password_comprador (password_comprador_id, password, comprador_id) values (445, '3wrvbQ', 445);
insert into password_comprador (password_comprador_id, password, comprador_id) values (446, 'kmfWgKZhoigl', 446);
insert into password_comprador (password_comprador_id, password, comprador_id) values (447, 'p2ylO86q', 447);
insert into password_comprador (password_comprador_id, password, comprador_id) values (448, 'bLERXJbN07JI', 448);
insert into password_comprador (password_comprador_id, password, comprador_id) values (449, 'wcfRjP9', 449);
insert into password_comprador (password_comprador_id, password, comprador_id) values (450, 'KqURDvQag46v', 450);
insert into password_comprador (password_comprador_id, password, comprador_id) values (451, 'eIoRJX1zp', 451);
insert into password_comprador (password_comprador_id, password, comprador_id) values (452, 'Zr1Lye', 452);
insert into password_comprador (password_comprador_id, password, comprador_id) values (453, 'NBWWfXX', 453);
insert into password_comprador (password_comprador_id, password, comprador_id) values (454, 'qfqSXcrrYb5', 454);
insert into password_comprador (password_comprador_id, password, comprador_id) values (455, 'YzTPdvw3QiF', 455);
insert into password_comprador (password_comprador_id, password, comprador_id) values (456, 'kCgTakcLA', 456);
insert into password_comprador (password_comprador_id, password, comprador_id) values (457, 'eLBKs6weR', 457);
insert into password_comprador (password_comprador_id, password, comprador_id) values (458, 'lTIx5Eb9qgna', 458);
insert into password_comprador (password_comprador_id, password, comprador_id) values (459, 'tkYEdq6tZf3B', 459);
insert into password_comprador (password_comprador_id, password, comprador_id) values (460, 'KsGVgxS', 460);
insert into password_comprador (password_comprador_id, password, comprador_id) values (461, 'xPUasLgnIyf', 461);
insert into password_comprador (password_comprador_id, password, comprador_id) values (462, '5f06NNF', 462);
insert into password_comprador (password_comprador_id, password, comprador_id) values (463, 'LVcYtRV6GXy1', 463);
insert into password_comprador (password_comprador_id, password, comprador_id) values (464, 'S2vzs6q1', 464);
insert into password_comprador (password_comprador_id, password, comprador_id) values (465, 'Mc7whYnsmlB', 465);
insert into password_comprador (password_comprador_id, password, comprador_id) values (466, '9TBWoMq52', 466);
insert into password_comprador (password_comprador_id, password, comprador_id) values (467, 'tsobUK', 467);
insert into password_comprador (password_comprador_id, password, comprador_id) values (468, 'qf1zL6X', 468);
insert into password_comprador (password_comprador_id, password, comprador_id) values (469, 'GIjY2jKvhY', 469);
insert into password_comprador (password_comprador_id, password, comprador_id) values (470, '7xLTHFF1pxM', 470);
insert into password_comprador (password_comprador_id, password, comprador_id) values (471, 'F6fpTMkmxQGN', 471);
insert into password_comprador (password_comprador_id, password, comprador_id) values (472, 'Z8DVG6BnxjsJ', 472);
insert into password_comprador (password_comprador_id, password, comprador_id) values (473, 'SCBUeYhOwsH', 473);
insert into password_comprador (password_comprador_id, password, comprador_id) values (474, '2zsNPNR', 474);
insert into password_comprador (password_comprador_id, password, comprador_id) values (475, 'h8eQ5hiTW4', 475);
insert into password_comprador (password_comprador_id, password, comprador_id) values (476, '2xSqwtu', 476);
insert into password_comprador (password_comprador_id, password, comprador_id) values (477, 'AiWm6d5IJ', 477);
insert into password_comprador (password_comprador_id, password, comprador_id) values (478, 'XpiRDJCSALG', 478);
insert into password_comprador (password_comprador_id, password, comprador_id) values (479, 'TJPlYxITQ', 479);
insert into password_comprador (password_comprador_id, password, comprador_id) values (480, 'x23gakqr2', 480);
insert into password_comprador (password_comprador_id, password, comprador_id) values (481, 'WPcTIc906R8B', 481);
insert into password_comprador (password_comprador_id, password, comprador_id) values (482, 'bWMevohp', 482);
insert into password_comprador (password_comprador_id, password, comprador_id) values (483, 'FoptAWCi65ib', 483);
insert into password_comprador (password_comprador_id, password, comprador_id) values (484, 'EFq1jE8ok6im', 484);
insert into password_comprador (password_comprador_id, password, comprador_id) values (485, 'bOWvZu', 485);
insert into password_comprador (password_comprador_id, password, comprador_id) values (486, '1Ct9w0tOC1AZ', 486);
insert into password_comprador (password_comprador_id, password, comprador_id) values (487, 'Yi0GSgR', 487);
insert into password_comprador (password_comprador_id, password, comprador_id) values (488, 'lnqY8vL', 488);
insert into password_comprador (password_comprador_id, password, comprador_id) values (489, 'yBw8PPRm', 489);
insert into password_comprador (password_comprador_id, password, comprador_id) values (490, 'EMCin3971dcV', 490);
insert into password_comprador (password_comprador_id, password, comprador_id) values (491, 'xExGCRGBc', 491);
insert into password_comprador (password_comprador_id, password, comprador_id) values (492, 'C5uRqF', 492);
insert into password_comprador (password_comprador_id, password, comprador_id) values (493, 'Y3qBoqeOjys', 493);
insert into password_comprador (password_comprador_id, password, comprador_id) values (494, '76bhhO', 494);
insert into password_comprador (password_comprador_id, password, comprador_id) values (495, 'JgJmo3GBqeo', 495);
insert into password_comprador (password_comprador_id, password, comprador_id) values (496, 'H0DdLIIE', 496);
insert into password_comprador (password_comprador_id, password, comprador_id) values (497, 'sZlngMObi72', 497);
insert into password_comprador (password_comprador_id, password, comprador_id) values (498, 'HlnQowmuHF1', 498);
insert into password_comprador (password_comprador_id, password, comprador_id) values (499, 'hJoHa8a9No', 499);
insert into password_comprador (password_comprador_id, password, comprador_id) values (500, 'RUwxO9mHLat', 500);
insert into password_comprador (password_comprador_id, password, comprador_id) values (501, 'gKsaqL6g3K', 501);
insert into password_comprador (password_comprador_id, password, comprador_id) values (502, 'UJi3F2XUAgbM', 502);
insert into password_comprador (password_comprador_id, password, comprador_id) values (503, 'Ru62npS', 503);
insert into password_comprador (password_comprador_id, password, comprador_id) values (504, 'vr4CREz4bg', 504);
insert into password_comprador (password_comprador_id, password, comprador_id) values (505, 'gy15XMj', 505);
insert into password_comprador (password_comprador_id, password, comprador_id) values (506, 'vEIppnk0x3Z', 506);
insert into password_comprador (password_comprador_id, password, comprador_id) values (507, 'mjsJuicQIZS', 507);
insert into password_comprador (password_comprador_id, password, comprador_id) values (508, '6E8Yqky', 508);
insert into password_comprador (password_comprador_id, password, comprador_id) values (509, 'eVVNX6f8', 509);
insert into password_comprador (password_comprador_id, password, comprador_id) values (510, 'L1dYVeIc', 510);
insert into password_comprador (password_comprador_id, password, comprador_id) values (511, 'uOcnuJ5JS', 511);
insert into password_comprador (password_comprador_id, password, comprador_id) values (512, '6kdqjzVr5', 512);
insert into password_comprador (password_comprador_id, password, comprador_id) values (513, 'JNl34T53C', 513);
insert into password_comprador (password_comprador_id, password, comprador_id) values (514, 'GoNLDl1rphw', 514);
insert into password_comprador (password_comprador_id, password, comprador_id) values (515, '9Y8Kx2dFK', 515);
insert into password_comprador (password_comprador_id, password, comprador_id) values (516, 'KdQKQ5nFq', 516);
insert into password_comprador (password_comprador_id, password, comprador_id) values (517, 'eGEc48p', 517);
insert into password_comprador (password_comprador_id, password, comprador_id) values (518, 'Z8BISwCEDf', 518);
insert into password_comprador (password_comprador_id, password, comprador_id) values (519, '8kfWOJnp73L', 519);
insert into password_comprador (password_comprador_id, password, comprador_id) values (520, 'nIbSIU6g2lsC', 520);
insert into password_comprador (password_comprador_id, password, comprador_id) values (521, 'x69G628WO', 521);
insert into password_comprador (password_comprador_id, password, comprador_id) values (522, '3Ts5zLzpb4', 522);
insert into password_comprador (password_comprador_id, password, comprador_id) values (523, 'mtG0hAT0', 523);
insert into password_comprador (password_comprador_id, password, comprador_id) values (524, 'aHsuuu7Rw', 524);
insert into password_comprador (password_comprador_id, password, comprador_id) values (525, 'iY1jzcaf', 525);
insert into password_comprador (password_comprador_id, password, comprador_id) values (526, 'qER98PO', 526);
insert into password_comprador (password_comprador_id, password, comprador_id) values (527, 'VpIQLVZ6XkV', 527);
insert into password_comprador (password_comprador_id, password, comprador_id) values (528, '6tLSzht', 528);
insert into password_comprador (password_comprador_id, password, comprador_id) values (529, '57SxOL5KqkM', 529);
insert into password_comprador (password_comprador_id, password, comprador_id) values (530, 'eOizpY', 530);
insert into password_comprador (password_comprador_id, password, comprador_id) values (531, 'OuEuOGwz', 531);
insert into password_comprador (password_comprador_id, password, comprador_id) values (532, 'LpTucTl6MW', 532);
insert into password_comprador (password_comprador_id, password, comprador_id) values (533, '8VKQxuNGcY8', 533);
insert into password_comprador (password_comprador_id, password, comprador_id) values (534, 'IZvqh44ev', 534);
insert into password_comprador (password_comprador_id, password, comprador_id) values (535, '3XN4425cEIm', 535);
insert into password_comprador (password_comprador_id, password, comprador_id) values (536, 'PFSeBpqjd', 536);
insert into password_comprador (password_comprador_id, password, comprador_id) values (537, 'QgOVlAbKjP', 537);
insert into password_comprador (password_comprador_id, password, comprador_id) values (538, 'mXhEH4YXc', 538);
insert into password_comprador (password_comprador_id, password, comprador_id) values (539, 'qnRFm0u', 539);
insert into password_comprador (password_comprador_id, password, comprador_id) values (540, '9luMFE', 540);
insert into password_comprador (password_comprador_id, password, comprador_id) values (541, 'mXcQauY', 541);
insert into password_comprador (password_comprador_id, password, comprador_id) values (542, 'nVrdpcg0', 542);
insert into password_comprador (password_comprador_id, password, comprador_id) values (543, '0pFUT0bOOA', 543);
insert into password_comprador (password_comprador_id, password, comprador_id) values (544, 'CjZDELnZl', 544);
insert into password_comprador (password_comprador_id, password, comprador_id) values (545, 'JopANfSq', 545);
insert into password_comprador (password_comprador_id, password, comprador_id) values (546, 'xopeP2q0O02', 546);
insert into password_comprador (password_comprador_id, password, comprador_id) values (547, 'Gx0TgIC', 547);
insert into password_comprador (password_comprador_id, password, comprador_id) values (548, '7zg43Dru', 548);
insert into password_comprador (password_comprador_id, password, comprador_id) values (549, 'bZCgldx1', 549);
insert into password_comprador (password_comprador_id, password, comprador_id) values (550, 'cBUPSY', 550);
insert into password_comprador (password_comprador_id, password, comprador_id) values (551, 'kx9vJQ4azs', 551);
insert into password_comprador (password_comprador_id, password, comprador_id) values (552, 'ScPc3Q', 552);
insert into password_comprador (password_comprador_id, password, comprador_id) values (553, 'qVLs3q', 553);
insert into password_comprador (password_comprador_id, password, comprador_id) values (554, 'OIQqfohmKd', 554);
insert into password_comprador (password_comprador_id, password, comprador_id) values (555, 'jrl0T6pgT', 555);
insert into password_comprador (password_comprador_id, password, comprador_id) values (556, 'y4q4nIlNWAT1', 556);
insert into password_comprador (password_comprador_id, password, comprador_id) values (557, 'gsSHLAV8Obu', 557);
insert into password_comprador (password_comprador_id, password, comprador_id) values (558, 'N15lw7dRVYO', 558);
insert into password_comprador (password_comprador_id, password, comprador_id) values (559, 'FNXggGh00', 559);
insert into password_comprador (password_comprador_id, password, comprador_id) values (560, 'cPDnqJD6wBkC', 560);
insert into password_comprador (password_comprador_id, password, comprador_id) values (561, 'fXgxKD63s', 561);
insert into password_comprador (password_comprador_id, password, comprador_id) values (562, 'L6wQ54bVQ', 562);
insert into password_comprador (password_comprador_id, password, comprador_id) values (563, 'tonYkrW', 563);
insert into password_comprador (password_comprador_id, password, comprador_id) values (564, 'S5wBCw', 564);
insert into password_comprador (password_comprador_id, password, comprador_id) values (565, 'JzxJwI2en49', 565);
insert into password_comprador (password_comprador_id, password, comprador_id) values (566, 's1iuoKRH', 566);
insert into password_comprador (password_comprador_id, password, comprador_id) values (567, '6zCivFX7t', 567);
insert into password_comprador (password_comprador_id, password, comprador_id) values (568, 'B7a1hVqx', 568);
insert into password_comprador (password_comprador_id, password, comprador_id) values (569, 'gCYkQoAYqez', 569);
insert into password_comprador (password_comprador_id, password, comprador_id) values (570, '2LarLSNVmpe0', 570);
insert into password_comprador (password_comprador_id, password, comprador_id) values (571, 'XWItaLO2', 571);
insert into password_comprador (password_comprador_id, password, comprador_id) values (572, '2MPuy0TQBw', 572);
insert into password_comprador (password_comprador_id, password, comprador_id) values (573, 'faxyVb', 573);
insert into password_comprador (password_comprador_id, password, comprador_id) values (574, 'L4hdLYkrgZ4', 574);
insert into password_comprador (password_comprador_id, password, comprador_id) values (575, 'Y8h57qJP', 575);
insert into password_comprador (password_comprador_id, password, comprador_id) values (576, '2g72dJok2wF', 576);
insert into password_comprador (password_comprador_id, password, comprador_id) values (577, '1RskFfsvPfv', 577);
insert into password_comprador (password_comprador_id, password, comprador_id) values (578, 'vDi1v6xnb3', 578);
insert into password_comprador (password_comprador_id, password, comprador_id) values (579, '9vQ7b1qnzY8', 579);
insert into password_comprador (password_comprador_id, password, comprador_id) values (580, '02BoNg', 580);
insert into password_comprador (password_comprador_id, password, comprador_id) values (581, 'a2cxrXx8', 581);
insert into password_comprador (password_comprador_id, password, comprador_id) values (582, 'XkMxhT', 582);
insert into password_comprador (password_comprador_id, password, comprador_id) values (583, 'n5RKjtUvouC', 583);
insert into password_comprador (password_comprador_id, password, comprador_id) values (584, 'uFPdpV7Bd7i', 584);
insert into password_comprador (password_comprador_id, password, comprador_id) values (585, 'ZLbhN3Gu', 585);
insert into password_comprador (password_comprador_id, password, comprador_id) values (586, 'FDVPgvcAk', 586);
insert into password_comprador (password_comprador_id, password, comprador_id) values (587, 'VeAt9f', 587);
insert into password_comprador (password_comprador_id, password, comprador_id) values (588, 'iY7rtLs', 588);
insert into password_comprador (password_comprador_id, password, comprador_id) values (589, '67wtgbPd0p', 589);
insert into password_comprador (password_comprador_id, password, comprador_id) values (590, '1Wuwb0', 590);
insert into password_comprador (password_comprador_id, password, comprador_id) values (591, 'wzf0oZBz', 591);
insert into password_comprador (password_comprador_id, password, comprador_id) values (592, '0ikHi9FOp', 592);
insert into password_comprador (password_comprador_id, password, comprador_id) values (593, 'YuBrJGsHu4', 593);
insert into password_comprador (password_comprador_id, password, comprador_id) values (594, 'jwsvpQsE', 594);
insert into password_comprador (password_comprador_id, password, comprador_id) values (595, 'qTmJVG56', 595);
insert into password_comprador (password_comprador_id, password, comprador_id) values (596, 'CcHwQ2Kpm', 596);
insert into password_comprador (password_comprador_id, password, comprador_id) values (597, '2hjtMP', 597);
insert into password_comprador (password_comprador_id, password, comprador_id) values (598, '47Vw4R', 598);
insert into password_comprador (password_comprador_id, password, comprador_id) values (599, 'zLJFI1RORVb', 599);
insert into password_comprador (password_comprador_id, password, comprador_id) values (600, 'SHZjUJoE', 600);
insert into password_comprador (password_comprador_id, password, comprador_id) values (601, 'OUPq7vjD', 601);
insert into password_comprador (password_comprador_id, password, comprador_id) values (602, 'yEXQ25b6r', 602);
insert into password_comprador (password_comprador_id, password, comprador_id) values (603, 'TkNoef4', 603);
insert into password_comprador (password_comprador_id, password, comprador_id) values (604, 'cqOTOiIPF9N7', 604);
insert into password_comprador (password_comprador_id, password, comprador_id) values (605, 'oZbEp5Qn', 605);
insert into password_comprador (password_comprador_id, password, comprador_id) values (606, 'uRclaXde', 606);
insert into password_comprador (password_comprador_id, password, comprador_id) values (607, '6Glkh5', 607);
insert into password_comprador (password_comprador_id, password, comprador_id) values (608, 'SzOckfIx2', 608);
insert into password_comprador (password_comprador_id, password, comprador_id) values (609, 'mvIBFo3BEER', 609);
insert into password_comprador (password_comprador_id, password, comprador_id) values (610, '1se0YQPr0bj', 610);
insert into password_comprador (password_comprador_id, password, comprador_id) values (611, 'YQpvRIoK', 611);
insert into password_comprador (password_comprador_id, password, comprador_id) values (612, '14wM6fvufnC', 612);
insert into password_comprador (password_comprador_id, password, comprador_id) values (613, 'pqTE1rE48J', 613);
insert into password_comprador (password_comprador_id, password, comprador_id) values (614, 'ZCmJhb0rn', 614);
insert into password_comprador (password_comprador_id, password, comprador_id) values (615, 'eV6b0FvK', 615);
insert into password_comprador (password_comprador_id, password, comprador_id) values (616, 'WvUlBnHfklVl', 616);
insert into password_comprador (password_comprador_id, password, comprador_id) values (617, 'LD9mXmP02', 617);
insert into password_comprador (password_comprador_id, password, comprador_id) values (618, 'GSQHU1Ff', 618);
insert into password_comprador (password_comprador_id, password, comprador_id) values (619, 'WHSTfbheJp', 619);
insert into password_comprador (password_comprador_id, password, comprador_id) values (620, 'kZBuisJSCip', 620);
insert into password_comprador (password_comprador_id, password, comprador_id) values (621, 'e6De8R', 621);
insert into password_comprador (password_comprador_id, password, comprador_id) values (622, 'XDsRikmzXl', 622);
insert into password_comprador (password_comprador_id, password, comprador_id) values (623, 'GBri6Df6k1t', 623);
insert into password_comprador (password_comprador_id, password, comprador_id) values (624, 'bernE0MpZhu', 624);
insert into password_comprador (password_comprador_id, password, comprador_id) values (625, 'fzPsPkU', 625);
insert into password_comprador (password_comprador_id, password, comprador_id) values (626, 'ZdEbMzaE6SUv', 626);
insert into password_comprador (password_comprador_id, password, comprador_id) values (627, '3jgkQnBXf', 627);
insert into password_comprador (password_comprador_id, password, comprador_id) values (628, '1f7Blzr1', 628);
insert into password_comprador (password_comprador_id, password, comprador_id) values (629, 'XZK4Hi', 629);
insert into password_comprador (password_comprador_id, password, comprador_id) values (630, '3RmspQtBGPzt', 630);
insert into password_comprador (password_comprador_id, password, comprador_id) values (631, 'DIgf6dSFrdXD', 631);
insert into password_comprador (password_comprador_id, password, comprador_id) values (632, '9dTXJTn26XAE', 632);
insert into password_comprador (password_comprador_id, password, comprador_id) values (633, 'ijy9Ewl', 633);
insert into password_comprador (password_comprador_id, password, comprador_id) values (634, 'pyT2zw3', 634);
insert into password_comprador (password_comprador_id, password, comprador_id) values (635, 'G3LtIE', 635);
insert into password_comprador (password_comprador_id, password, comprador_id) values (636, 'OYON4qyGv', 636);
insert into password_comprador (password_comprador_id, password, comprador_id) values (637, 'dsn2HBJrfD', 637);
insert into password_comprador (password_comprador_id, password, comprador_id) values (638, 'aFuFeCYjJM', 638);
insert into password_comprador (password_comprador_id, password, comprador_id) values (639, '3iqhjt1', 639);
insert into password_comprador (password_comprador_id, password, comprador_id) values (640, '9GRP7DsLzR0g', 640);
insert into password_comprador (password_comprador_id, password, comprador_id) values (641, 'ZBo6u6Ms', 641);
insert into password_comprador (password_comprador_id, password, comprador_id) values (642, 'tMyPFi8I', 642);
insert into password_comprador (password_comprador_id, password, comprador_id) values (643, 'RxjmMPOus', 643);
insert into password_comprador (password_comprador_id, password, comprador_id) values (644, 'B3ol1f', 644);
insert into password_comprador (password_comprador_id, password, comprador_id) values (645, 'OENyeK', 645);
insert into password_comprador (password_comprador_id, password, comprador_id) values (646, 'bnGDyIhc1gzW', 646);
insert into password_comprador (password_comprador_id, password, comprador_id) values (647, '7eoDXN', 647);
insert into password_comprador (password_comprador_id, password, comprador_id) values (648, 'GwVi0OYekpT', 648);
insert into password_comprador (password_comprador_id, password, comprador_id) values (649, '8hwe3XHZvydV', 649);
insert into password_comprador (password_comprador_id, password, comprador_id) values (650, 'UdS4aOKV', 650);
insert into password_comprador (password_comprador_id, password, comprador_id) values (651, 'Gx5xaphTouB8', 651);
insert into password_comprador (password_comprador_id, password, comprador_id) values (652, 'PR7qHFLVK', 652);
insert into password_comprador (password_comprador_id, password, comprador_id) values (653, 'jXZteu', 653);
insert into password_comprador (password_comprador_id, password, comprador_id) values (654, 'oe0aPOksKjBf', 654);
insert into password_comprador (password_comprador_id, password, comprador_id) values (655, 'SGOG1MZ0mMb', 655);
insert into password_comprador (password_comprador_id, password, comprador_id) values (656, 'GNiMsgzD', 656);
insert into password_comprador (password_comprador_id, password, comprador_id) values (657, 'ESWKgfN1pDY', 657);
insert into password_comprador (password_comprador_id, password, comprador_id) values (658, 'VU4SH2', 658);
insert into password_comprador (password_comprador_id, password, comprador_id) values (659, 'p7BehqXqOUg', 659);
insert into password_comprador (password_comprador_id, password, comprador_id) values (660, 'le2G8Kh1', 660);
insert into password_comprador (password_comprador_id, password, comprador_id) values (661, 'amgmSxgHgu', 661);
insert into password_comprador (password_comprador_id, password, comprador_id) values (662, '5ECXyXhI7', 662);
insert into password_comprador (password_comprador_id, password, comprador_id) values (663, 'YR2exFQN', 663);
insert into password_comprador (password_comprador_id, password, comprador_id) values (664, 'n5phinny6Y', 664);
insert into password_comprador (password_comprador_id, password, comprador_id) values (665, 'Etc33rNG4', 665);
insert into password_comprador (password_comprador_id, password, comprador_id) values (666, 'tuGoPG', 666);
insert into password_comprador (password_comprador_id, password, comprador_id) values (667, 'h81S7Ztial6p', 667);
insert into password_comprador (password_comprador_id, password, comprador_id) values (668, 'fGv3FXflDX', 668);
insert into password_comprador (password_comprador_id, password, comprador_id) values (669, 'YOjNjvNS2', 669);
insert into password_comprador (password_comprador_id, password, comprador_id) values (670, 'LC3p2gM', 670);
insert into password_comprador (password_comprador_id, password, comprador_id) values (671, '1slcmrxuG', 671);
insert into password_comprador (password_comprador_id, password, comprador_id) values (672, 'YEgotbZk8Yn', 672);
insert into password_comprador (password_comprador_id, password, comprador_id) values (673, 'CR1QqpL5c0Ck', 673);
insert into password_comprador (password_comprador_id, password, comprador_id) values (674, 'sHajS1Q5jhR', 674);
insert into password_comprador (password_comprador_id, password, comprador_id) values (675, '3kpfouZO', 675);
insert into password_comprador (password_comprador_id, password, comprador_id) values (676, 'ar49fG', 676);
insert into password_comprador (password_comprador_id, password, comprador_id) values (677, '7s89gxRF', 677);
insert into password_comprador (password_comprador_id, password, comprador_id) values (678, 'BXmnQwwIVxc', 678);
insert into password_comprador (password_comprador_id, password, comprador_id) values (679, 'vNCTz5f', 679);
insert into password_comprador (password_comprador_id, password, comprador_id) values (680, 'B6xCt5TTv', 680);
insert into password_comprador (password_comprador_id, password, comprador_id) values (681, '1LvSzo', 681);
insert into password_comprador (password_comprador_id, password, comprador_id) values (682, '8OmiKEpxc', 682);
insert into password_comprador (password_comprador_id, password, comprador_id) values (683, 'z3UvX6a', 683);
insert into password_comprador (password_comprador_id, password, comprador_id) values (684, 'aPXD32u', 684);
insert into password_comprador (password_comprador_id, password, comprador_id) values (685, 'oP3LdajPQE', 685);
insert into password_comprador (password_comprador_id, password, comprador_id) values (686, 'LOOkAfC', 686);
insert into password_comprador (password_comprador_id, password, comprador_id) values (687, 'DkgCmwMatFs', 687);
insert into password_comprador (password_comprador_id, password, comprador_id) values (688, 'dQfVZF', 688);
insert into password_comprador (password_comprador_id, password, comprador_id) values (689, 'OhNVizodh', 689);
insert into password_comprador (password_comprador_id, password, comprador_id) values (690, 'fdo81Mu0Tm', 690);
insert into password_comprador (password_comprador_id, password, comprador_id) values (691, 'ouPRaTa0', 691);
insert into password_comprador (password_comprador_id, password, comprador_id) values (692, 'qo0xQhzX', 692);
insert into password_comprador (password_comprador_id, password, comprador_id) values (693, 'xozHUkKLEHWE', 693);
insert into password_comprador (password_comprador_id, password, comprador_id) values (694, 'V4tcFnZ', 694);
insert into password_comprador (password_comprador_id, password, comprador_id) values (695, 'y7CzZe', 695);
insert into password_comprador (password_comprador_id, password, comprador_id) values (696, 'U7ZI9ql1vk', 696);
insert into password_comprador (password_comprador_id, password, comprador_id) values (697, 'q9oDUxbEX', 697);
insert into password_comprador (password_comprador_id, password, comprador_id) values (698, 'xNenaiff8', 698);
insert into password_comprador (password_comprador_id, password, comprador_id) values (699, 'EpXE4Rz6j8pr', 699);
insert into password_comprador (password_comprador_id, password, comprador_id) values (700, 'DNK285vp', 700);
insert into password_comprador (password_comprador_id, password, comprador_id) values (701, 'H5ztxXY1k8', 701);
insert into password_comprador (password_comprador_id, password, comprador_id) values (702, 'oyk7TBl', 702);
insert into password_comprador (password_comprador_id, password, comprador_id) values (703, '2k5We9P', 703);
insert into password_comprador (password_comprador_id, password, comprador_id) values (704, '9nH2M6EuJ0Ne', 704);
insert into password_comprador (password_comprador_id, password, comprador_id) values (705, 'nMdN4WtQV2', 705);
insert into password_comprador (password_comprador_id, password, comprador_id) values (706, 'iPgw4m', 706);
insert into password_comprador (password_comprador_id, password, comprador_id) values (707, 'H7QCNLXT', 707);
insert into password_comprador (password_comprador_id, password, comprador_id) values (708, 'TEMoiAHwH9m', 708);
insert into password_comprador (password_comprador_id, password, comprador_id) values (709, '7xJ9n9xey9Dg', 709);
insert into password_comprador (password_comprador_id, password, comprador_id) values (710, 'GWNugjCfn', 710);
insert into password_comprador (password_comprador_id, password, comprador_id) values (711, 'nuHxIlNDWbu', 711);
insert into password_comprador (password_comprador_id, password, comprador_id) values (712, 'ifzWiH7XxlTU', 712);
insert into password_comprador (password_comprador_id, password, comprador_id) values (713, 'zsRb0lg', 713);
insert into password_comprador (password_comprador_id, password, comprador_id) values (714, 'eiRXyXrDD', 714);
insert into password_comprador (password_comprador_id, password, comprador_id) values (715, 'nJM3cRwlX1Me', 715);
insert into password_comprador (password_comprador_id, password, comprador_id) values (716, 'BOezpDHhAr', 716);
insert into password_comprador (password_comprador_id, password, comprador_id) values (717, 'BXycZmsHwI', 717);
insert into password_comprador (password_comprador_id, password, comprador_id) values (718, 'vgQi9Wysg4Nh', 718);
insert into password_comprador (password_comprador_id, password, comprador_id) values (719, 'kJYyJ3d2vAS', 719);
insert into password_comprador (password_comprador_id, password, comprador_id) values (720, 'd5oiwU3z', 720);
insert into password_comprador (password_comprador_id, password, comprador_id) values (721, 'MkQoOfa', 721);
insert into password_comprador (password_comprador_id, password, comprador_id) values (722, '3qrEtfje', 722);
insert into password_comprador (password_comprador_id, password, comprador_id) values (723, 'VylbyMTi', 723);
insert into password_comprador (password_comprador_id, password, comprador_id) values (724, '7VsuD0jvo36', 724);
insert into password_comprador (password_comprador_id, password, comprador_id) values (725, '1W4NfRA', 725);
insert into password_comprador (password_comprador_id, password, comprador_id) values (726, 'Pb9pBOV', 726);
insert into password_comprador (password_comprador_id, password, comprador_id) values (727, 'we3pKJXWPT', 727);
insert into password_comprador (password_comprador_id, password, comprador_id) values (728, 'IlvRyDQVEHKP', 728);
insert into password_comprador (password_comprador_id, password, comprador_id) values (729, 'qnoE9rH', 729);
insert into password_comprador (password_comprador_id, password, comprador_id) values (730, 'KK6U0dG56Xl', 730);
insert into password_comprador (password_comprador_id, password, comprador_id) values (731, 'gOrmX6kOz', 731);
insert into password_comprador (password_comprador_id, password, comprador_id) values (732, 'Nqf1yzZuyYp', 732);
insert into password_comprador (password_comprador_id, password, comprador_id) values (733, 'oQIoVajuQE', 733);
insert into password_comprador (password_comprador_id, password, comprador_id) values (734, '3wdvWk3ui6h', 734);
insert into password_comprador (password_comprador_id, password, comprador_id) values (735, 'XzRRu7rJAP', 735);
insert into password_comprador (password_comprador_id, password, comprador_id) values (736, 'DTP4kHk0', 736);
insert into password_comprador (password_comprador_id, password, comprador_id) values (737, 'rCJlj5jr', 737);
insert into password_comprador (password_comprador_id, password, comprador_id) values (738, 'JrT8jVpmG', 738);
insert into password_comprador (password_comprador_id, password, comprador_id) values (739, 'lDoeY1bSe', 739);
insert into password_comprador (password_comprador_id, password, comprador_id) values (740, 'wLDpNQMcP', 740);
insert into password_comprador (password_comprador_id, password, comprador_id) values (741, '9mE3FRyhjPO', 741);
insert into password_comprador (password_comprador_id, password, comprador_id) values (742, 'Ou82z0493', 742);
insert into password_comprador (password_comprador_id, password, comprador_id) values (743, 'XGpOw75SwCB6', 743);
insert into password_comprador (password_comprador_id, password, comprador_id) values (744, 'IOwqCMV1', 744);
insert into password_comprador (password_comprador_id, password, comprador_id) values (745, '5bdntBk', 745);
insert into password_comprador (password_comprador_id, password, comprador_id) values (746, 'RMkOuNd9eV', 746);
insert into password_comprador (password_comprador_id, password, comprador_id) values (747, 'hwXzGK', 747);
insert into password_comprador (password_comprador_id, password, comprador_id) values (748, 'GKyNuutftA', 748);
insert into password_comprador (password_comprador_id, password, comprador_id) values (749, '5ctW6dFG', 749);
insert into password_comprador (password_comprador_id, password, comprador_id) values (750, 'j4ez2JH', 750);
insert into password_comprador (password_comprador_id, password, comprador_id) values (751, 'IZHK4sNRbUk', 751);
insert into password_comprador (password_comprador_id, password, comprador_id) values (752, 'bwigbF', 752);
insert into password_comprador (password_comprador_id, password, comprador_id) values (753, '6EupRW9W', 753);
insert into password_comprador (password_comprador_id, password, comprador_id) values (754, 'RukLV4S', 754);
insert into password_comprador (password_comprador_id, password, comprador_id) values (755, 'cCZkKPKdG', 755);
insert into password_comprador (password_comprador_id, password, comprador_id) values (756, 'GUdRDZx', 756);
insert into password_comprador (password_comprador_id, password, comprador_id) values (757, 'sjIGolyCj5r', 757);
insert into password_comprador (password_comprador_id, password, comprador_id) values (758, 'HyLtnbxH2', 758);
insert into password_comprador (password_comprador_id, password, comprador_id) values (759, 'eKillHv', 759);
insert into password_comprador (password_comprador_id, password, comprador_id) values (760, 'bZtTym', 760);
insert into password_comprador (password_comprador_id, password, comprador_id) values (761, 'BDG2ada1w', 761);
insert into password_comprador (password_comprador_id, password, comprador_id) values (762, 'jeLW8TYz', 762);
insert into password_comprador (password_comprador_id, password, comprador_id) values (763, 'JSaO6F8', 763);
insert into password_comprador (password_comprador_id, password, comprador_id) values (764, 'HggLgHH', 764);
insert into password_comprador (password_comprador_id, password, comprador_id) values (765, 'exA7b0', 765);
insert into password_comprador (password_comprador_id, password, comprador_id) values (766, 'lq3GzwiHk', 766);
insert into password_comprador (password_comprador_id, password, comprador_id) values (767, 'LzVS9tPDvZQr', 767);
insert into password_comprador (password_comprador_id, password, comprador_id) values (768, 'GQKgKf00RNO', 768);
insert into password_comprador (password_comprador_id, password, comprador_id) values (769, 'AAflATlCb', 769);
insert into password_comprador (password_comprador_id, password, comprador_id) values (770, 'C56EuLv', 770);
insert into password_comprador (password_comprador_id, password, comprador_id) values (771, 'kJmDNTRUxnx', 771);
insert into password_comprador (password_comprador_id, password, comprador_id) values (772, 'EJkhKsKe4', 772);
insert into password_comprador (password_comprador_id, password, comprador_id) values (773, 'R2ldhQw', 773);
insert into password_comprador (password_comprador_id, password, comprador_id) values (774, 'LLvtSawhVI', 774);
insert into password_comprador (password_comprador_id, password, comprador_id) values (775, 'tSTk28J3u7', 775);
insert into password_comprador (password_comprador_id, password, comprador_id) values (776, 'EDaCatdu', 776);
insert into password_comprador (password_comprador_id, password, comprador_id) values (777, 'p12wzLBy7', 777);
insert into password_comprador (password_comprador_id, password, comprador_id) values (778, 'f3FKD1lWPUZ', 778);
insert into password_comprador (password_comprador_id, password, comprador_id) values (779, 'fi89GpwHp', 779);
insert into password_comprador (password_comprador_id, password, comprador_id) values (780, 'Eo5aBmd8b', 780);
insert into password_comprador (password_comprador_id, password, comprador_id) values (781, 'RKRndKg6g', 781);
insert into password_comprador (password_comprador_id, password, comprador_id) values (782, 'JP1SJv1mmQ', 782);
insert into password_comprador (password_comprador_id, password, comprador_id) values (783, 'hk4f1gEvXL', 783);
insert into password_comprador (password_comprador_id, password, comprador_id) values (784, 'VlyCxjIuDGFY', 784);
insert into password_comprador (password_comprador_id, password, comprador_id) values (785, 'pjl2GMZo', 785);
insert into password_comprador (password_comprador_id, password, comprador_id) values (786, 'HcGPmVe5wrv', 786);
insert into password_comprador (password_comprador_id, password, comprador_id) values (787, 'ln9WCd', 787);
insert into password_comprador (password_comprador_id, password, comprador_id) values (788, 'WQuzFpg6', 788);
insert into password_comprador (password_comprador_id, password, comprador_id) values (789, 'cmN6grp', 789);
insert into password_comprador (password_comprador_id, password, comprador_id) values (790, '71NYg6CBE8T', 790);
insert into password_comprador (password_comprador_id, password, comprador_id) values (791, 'Jd0jcCnaJs', 791);
insert into password_comprador (password_comprador_id, password, comprador_id) values (792, 'RBJAWNP3', 792);
insert into password_comprador (password_comprador_id, password, comprador_id) values (793, 'ZkNYqet', 793);
insert into password_comprador (password_comprador_id, password, comprador_id) values (794, 'hZ0bRVfYoaf', 794);
insert into password_comprador (password_comprador_id, password, comprador_id) values (795, 'AWP4B2j3toYz', 795);
insert into password_comprador (password_comprador_id, password, comprador_id) values (796, 'NTqvCY', 796);
insert into password_comprador (password_comprador_id, password, comprador_id) values (797, 'RsJME6iM', 797);
insert into password_comprador (password_comprador_id, password, comprador_id) values (798, 'uJcbah67p', 798);
insert into password_comprador (password_comprador_id, password, comprador_id) values (799, 'GqIr5j3', 799);
insert into password_comprador (password_comprador_id, password, comprador_id) values (800, 'rETStBk7h8CV', 800);
insert into password_comprador (password_comprador_id, password, comprador_id) values (801, 'dQeqZCX0d', 801);
insert into password_comprador (password_comprador_id, password, comprador_id) values (802, 'mmeZ26bRb3Zi', 802);
insert into password_comprador (password_comprador_id, password, comprador_id) values (803, 'cuxaTcY', 803);
insert into password_comprador (password_comprador_id, password, comprador_id) values (804, 'h6CbSJRh2yg', 804);
insert into password_comprador (password_comprador_id, password, comprador_id) values (805, 'D3uuY0b7FP7n', 805);
insert into password_comprador (password_comprador_id, password, comprador_id) values (806, 'fQtLju', 806);
insert into password_comprador (password_comprador_id, password, comprador_id) values (807, 'mLHOC8pMvW', 807);
insert into password_comprador (password_comprador_id, password, comprador_id) values (808, 'nTxMa6AsWG', 808);
insert into password_comprador (password_comprador_id, password, comprador_id) values (809, 'yQ6Ixh', 809);
insert into password_comprador (password_comprador_id, password, comprador_id) values (810, 'LBHf0zJq7', 810);
insert into password_comprador (password_comprador_id, password, comprador_id) values (811, 'OdneW5uhx', 811);
insert into password_comprador (password_comprador_id, password, comprador_id) values (812, 'NorAtlQKG', 812);
insert into password_comprador (password_comprador_id, password, comprador_id) values (813, 'dC1G2PcA', 813);
insert into password_comprador (password_comprador_id, password, comprador_id) values (814, 'DYtVc6dkgW', 814);
insert into password_comprador (password_comprador_id, password, comprador_id) values (815, 'WK6og1JMGKG', 815);
insert into password_comprador (password_comprador_id, password, comprador_id) values (816, 'nYNLFhl4NlM', 816);
insert into password_comprador (password_comprador_id, password, comprador_id) values (817, 'PS6vJrYiX9H', 817);
insert into password_comprador (password_comprador_id, password, comprador_id) values (818, 'eIyuxY2', 818);
insert into password_comprador (password_comprador_id, password, comprador_id) values (819, 'jpfUB5nzz4', 819);
insert into password_comprador (password_comprador_id, password, comprador_id) values (820, 'gtJ2XD2', 820);
insert into password_comprador (password_comprador_id, password, comprador_id) values (821, 'BFWpaXGuXV2', 821);
insert into password_comprador (password_comprador_id, password, comprador_id) values (822, 'BLfuUxEs', 822);
insert into password_comprador (password_comprador_id, password, comprador_id) values (823, 'szecItaGIJG9', 823);
insert into password_comprador (password_comprador_id, password, comprador_id) values (824, 'vp6YBua', 824);
insert into password_comprador (password_comprador_id, password, comprador_id) values (825, '5eVDIDWhs3w', 825);
insert into password_comprador (password_comprador_id, password, comprador_id) values (826, 'xgYe3S', 826);
insert into password_comprador (password_comprador_id, password, comprador_id) values (827, 'SvdXesNt7', 827);
insert into password_comprador (password_comprador_id, password, comprador_id) values (828, '7lG52uzL6', 828);
insert into password_comprador (password_comprador_id, password, comprador_id) values (829, 'aGjNTQ', 829);
insert into password_comprador (password_comprador_id, password, comprador_id) values (830, 'v1ITBWF', 830);
insert into password_comprador (password_comprador_id, password, comprador_id) values (831, 'JiuOaf6olW0o', 831);
insert into password_comprador (password_comprador_id, password, comprador_id) values (832, '81U6qPumDy', 832);
insert into password_comprador (password_comprador_id, password, comprador_id) values (833, 'nhNPfEw', 833);
insert into password_comprador (password_comprador_id, password, comprador_id) values (834, 'F7AxTyTtiO0c', 834);
insert into password_comprador (password_comprador_id, password, comprador_id) values (835, 'ge4fS6mrH', 835);
insert into password_comprador (password_comprador_id, password, comprador_id) values (836, 'tWjq3vNb2', 836);
insert into password_comprador (password_comprador_id, password, comprador_id) values (837, 'g9p10xh', 837);
insert into password_comprador (password_comprador_id, password, comprador_id) values (838, 'IBcRVtso', 838);
insert into password_comprador (password_comprador_id, password, comprador_id) values (839, 'A1Y3NmGh5tHH', 839);
insert into password_comprador (password_comprador_id, password, comprador_id) values (840, 'x0b9YOtUDqgB', 840);
insert into password_comprador (password_comprador_id, password, comprador_id) values (841, 'yvnfTt2', 841);
insert into password_comprador (password_comprador_id, password, comprador_id) values (842, 'A2LbcdcQWJnv', 842);
insert into password_comprador (password_comprador_id, password, comprador_id) values (843, 'qBkEHvA051', 843);
insert into password_comprador (password_comprador_id, password, comprador_id) values (844, 'tQhZAAX8kR', 844);
insert into password_comprador (password_comprador_id, password, comprador_id) values (845, 'dtFPmPZwVHzY', 845);
insert into password_comprador (password_comprador_id, password, comprador_id) values (846, 'YFFPpm', 846);
insert into password_comprador (password_comprador_id, password, comprador_id) values (847, 'A2OOkDx8Rf', 847);
insert into password_comprador (password_comprador_id, password, comprador_id) values (848, 'hR6vTwnz7p', 848);
insert into password_comprador (password_comprador_id, password, comprador_id) values (849, '0CDdTt9TNg', 849);
insert into password_comprador (password_comprador_id, password, comprador_id) values (850, 'v008mNMV', 850);
insert into password_comprador (password_comprador_id, password, comprador_id) values (851, 'QQi1u697u', 851);
insert into password_comprador (password_comprador_id, password, comprador_id) values (852, 'VS1jmr', 852);
insert into password_comprador (password_comprador_id, password, comprador_id) values (853, 'DEXUGOcD', 853);
insert into password_comprador (password_comprador_id, password, comprador_id) values (854, 'AVAFmKbdlJG', 854);
insert into password_comprador (password_comprador_id, password, comprador_id) values (855, '4HV9Rk', 855);
insert into password_comprador (password_comprador_id, password, comprador_id) values (856, 'vFOBaar', 856);
insert into password_comprador (password_comprador_id, password, comprador_id) values (857, '8sbULvqH', 857);
insert into password_comprador (password_comprador_id, password, comprador_id) values (858, 'k7pRp4ow0', 858);
insert into password_comprador (password_comprador_id, password, comprador_id) values (859, 'xvgwBea', 859);
insert into password_comprador (password_comprador_id, password, comprador_id) values (860, 'TjUUJj', 860);
insert into password_comprador (password_comprador_id, password, comprador_id) values (861, 'EoKfyje8ObpK', 861);
insert into password_comprador (password_comprador_id, password, comprador_id) values (862, 'Afk8yv', 862);
insert into password_comprador (password_comprador_id, password, comprador_id) values (863, 'bGtfGiE', 863);
insert into password_comprador (password_comprador_id, password, comprador_id) values (864, 'npn4MbDmfkry', 864);
insert into password_comprador (password_comprador_id, password, comprador_id) values (865, 'Ab7hkRxi', 865);
insert into password_comprador (password_comprador_id, password, comprador_id) values (866, 'WiGxlladQvW', 866);
insert into password_comprador (password_comprador_id, password, comprador_id) values (867, 'S6ZYCbV', 867);
insert into password_comprador (password_comprador_id, password, comprador_id) values (868, '2n69ATs6WZ', 868);
insert into password_comprador (password_comprador_id, password, comprador_id) values (869, 'nDX767', 869);
insert into password_comprador (password_comprador_id, password, comprador_id) values (870, 'KJpZ4BkQpR', 870);
insert into password_comprador (password_comprador_id, password, comprador_id) values (871, 'UO7KdxLbHaj', 871);
insert into password_comprador (password_comprador_id, password, comprador_id) values (872, 'otSMWrrck64C', 872);
insert into password_comprador (password_comprador_id, password, comprador_id) values (873, 'x6XUzQXiCMsD', 873);
insert into password_comprador (password_comprador_id, password, comprador_id) values (874, 'm67MWIFGb', 874);
insert into password_comprador (password_comprador_id, password, comprador_id) values (875, '44iDS2Je1', 875);
insert into password_comprador (password_comprador_id, password, comprador_id) values (876, 'iJk45dI', 876);
insert into password_comprador (password_comprador_id, password, comprador_id) values (877, 'sQ0cxJCZ', 877);
insert into password_comprador (password_comprador_id, password, comprador_id) values (878, 'QBlWkj9V4', 878);
insert into password_comprador (password_comprador_id, password, comprador_id) values (879, '5H1U4vaI', 879);
insert into password_comprador (password_comprador_id, password, comprador_id) values (880, 'kAX5m9Nml', 880);
insert into password_comprador (password_comprador_id, password, comprador_id) values (881, 'yg2m7o', 881);
insert into password_comprador (password_comprador_id, password, comprador_id) values (882, 'oZCCPWfzr', 882);
insert into password_comprador (password_comprador_id, password, comprador_id) values (883, 'mOKL7g', 883);
insert into password_comprador (password_comprador_id, password, comprador_id) values (884, 'uz1qTVp', 884);
insert into password_comprador (password_comprador_id, password, comprador_id) values (885, 'Ja0EzBLCf', 885);
insert into password_comprador (password_comprador_id, password, comprador_id) values (886, '8mQyVI5F', 886);
insert into password_comprador (password_comprador_id, password, comprador_id) values (887, 'U7jMkCy0', 887);
insert into password_comprador (password_comprador_id, password, comprador_id) values (888, 'Hc9jq8dRx', 888);
insert into password_comprador (password_comprador_id, password, comprador_id) values (889, 'hltmgR', 889);
insert into password_comprador (password_comprador_id, password, comprador_id) values (890, 'sYLCws', 890);
insert into password_comprador (password_comprador_id, password, comprador_id) values (891, 't4qR4BK', 891);
insert into password_comprador (password_comprador_id, password, comprador_id) values (892, 'xC3o1Yazw5H', 892);
insert into password_comprador (password_comprador_id, password, comprador_id) values (893, '33jr1qspg', 893);
insert into password_comprador (password_comprador_id, password, comprador_id) values (894, '8oQns7Q', 894);
insert into password_comprador (password_comprador_id, password, comprador_id) values (895, 'uRvCuk1', 895);
insert into password_comprador (password_comprador_id, password, comprador_id) values (896, 'xGCkKkKs1MZU', 896);
insert into password_comprador (password_comprador_id, password, comprador_id) values (897, 'PKv6s9teO5', 897);
insert into password_comprador (password_comprador_id, password, comprador_id) values (898, 'N8iyPa', 898);
insert into password_comprador (password_comprador_id, password, comprador_id) values (899, 'RnavaEiKhU', 899);
insert into password_comprador (password_comprador_id, password, comprador_id) values (900, 'gDSI52KY', 900);
insert into password_comprador (password_comprador_id, password, comprador_id) values (901, 'xg3AGL', 901);
insert into password_comprador (password_comprador_id, password, comprador_id) values (902, '9HkEyYOZ', 902);
insert into password_comprador (password_comprador_id, password, comprador_id) values (903, '5bpptoSeUCIs', 903);
insert into password_comprador (password_comprador_id, password, comprador_id) values (904, 'dtdG5oFhiCsx', 904);
insert into password_comprador (password_comprador_id, password, comprador_id) values (905, 'BvYa7O', 905);
insert into password_comprador (password_comprador_id, password, comprador_id) values (906, '5inzZBNeD', 906);
insert into password_comprador (password_comprador_id, password, comprador_id) values (907, 'QEAu8OMzPG', 907);
insert into password_comprador (password_comprador_id, password, comprador_id) values (908, 'ixJeBV2b', 908);
insert into password_comprador (password_comprador_id, password, comprador_id) values (909, 'j4D9DOLiB7H', 909);
insert into password_comprador (password_comprador_id, password, comprador_id) values (910, 'jylmvhMs', 910);
insert into password_comprador (password_comprador_id, password, comprador_id) values (911, '8Blo2eI4K', 911);
insert into password_comprador (password_comprador_id, password, comprador_id) values (912, 'rTVuJBjnEr', 912);
insert into password_comprador (password_comprador_id, password, comprador_id) values (913, 'yq8w0q3xYU', 913);
insert into password_comprador (password_comprador_id, password, comprador_id) values (914, 'XF2iIpDcw', 914);
insert into password_comprador (password_comprador_id, password, comprador_id) values (915, 'RWQ7MRd7q4', 915);
insert into password_comprador (password_comprador_id, password, comprador_id) values (916, '1sQdfteMX3Dp', 916);
insert into password_comprador (password_comprador_id, password, comprador_id) values (917, 'POoaIfuBIfzy', 917);
insert into password_comprador (password_comprador_id, password, comprador_id) values (918, 'wFi95WWX0tYb', 918);
insert into password_comprador (password_comprador_id, password, comprador_id) values (919, 'I9fvOBDjcB', 919);
insert into password_comprador (password_comprador_id, password, comprador_id) values (920, 'sOfHd2', 920);
insert into password_comprador (password_comprador_id, password, comprador_id) values (921, 'wD08o4q', 921);
insert into password_comprador (password_comprador_id, password, comprador_id) values (922, 'glRJSaD', 922);
insert into password_comprador (password_comprador_id, password, comprador_id) values (923, 'bKvJatvxsP', 923);
insert into password_comprador (password_comprador_id, password, comprador_id) values (924, 'MnNoreVbJE', 924);
insert into password_comprador (password_comprador_id, password, comprador_id) values (925, '6xdxBKh1g9y', 925);
insert into password_comprador (password_comprador_id, password, comprador_id) values (926, 'cWmyRabv', 926);
insert into password_comprador (password_comprador_id, password, comprador_id) values (927, 'SQ1YJd22yemt', 927);
insert into password_comprador (password_comprador_id, password, comprador_id) values (928, 'lUKtl07yw890', 928);
insert into password_comprador (password_comprador_id, password, comprador_id) values (929, 'NHfo0hvwszcI', 929);
insert into password_comprador (password_comprador_id, password, comprador_id) values (930, 'xB0HJtC', 930);
insert into password_comprador (password_comprador_id, password, comprador_id) values (931, '5mRetPYA', 931);
insert into password_comprador (password_comprador_id, password, comprador_id) values (932, 'C75qN3', 932);
insert into password_comprador (password_comprador_id, password, comprador_id) values (933, 'AIKLA3', 933);
insert into password_comprador (password_comprador_id, password, comprador_id) values (934, '4ihtAT6FY9n', 934);
insert into password_comprador (password_comprador_id, password, comprador_id) values (935, 'UQiItM5jIe', 935);
insert into password_comprador (password_comprador_id, password, comprador_id) values (936, 'QtScXYwB2gpB', 936);
insert into password_comprador (password_comprador_id, password, comprador_id) values (937, 'h46emnB', 937);
insert into password_comprador (password_comprador_id, password, comprador_id) values (938, 'yYjGgItME', 938);
insert into password_comprador (password_comprador_id, password, comprador_id) values (939, 'A1AxFhyePy', 939);
insert into password_comprador (password_comprador_id, password, comprador_id) values (940, 'OaBGiw', 940);
insert into password_comprador (password_comprador_id, password, comprador_id) values (941, 'TDGyN9VtXEG', 941);
insert into password_comprador (password_comprador_id, password, comprador_id) values (942, 'GLIq2qHwS', 942);
insert into password_comprador (password_comprador_id, password, comprador_id) values (943, 'HNqT88Ii7v', 943);
insert into password_comprador (password_comprador_id, password, comprador_id) values (944, 'sJ1UILJ', 944);
insert into password_comprador (password_comprador_id, password, comprador_id) values (945, 'aF5f7hB0', 945);
insert into password_comprador (password_comprador_id, password, comprador_id) values (946, 'cx4XM4thqib', 946);
insert into password_comprador (password_comprador_id, password, comprador_id) values (947, 'm193y7HPz', 947);
insert into password_comprador (password_comprador_id, password, comprador_id) values (948, 'Jun1H6L8EAc', 948);
insert into password_comprador (password_comprador_id, password, comprador_id) values (949, 'QZLit07lTr', 949);
insert into password_comprador (password_comprador_id, password, comprador_id) values (950, 'hiO7wj', 950);
insert into password_comprador (password_comprador_id, password, comprador_id) values (951, 'juJUG3F', 951);
insert into password_comprador (password_comprador_id, password, comprador_id) values (952, 'XNWYLYjte5qx', 952);
insert into password_comprador (password_comprador_id, password, comprador_id) values (953, '099FmA', 953);
insert into password_comprador (password_comprador_id, password, comprador_id) values (954, '6vxJ1u', 954);
insert into password_comprador (password_comprador_id, password, comprador_id) values (955, '0ZsqY4qi', 955);
insert into password_comprador (password_comprador_id, password, comprador_id) values (956, 'k9CSQkV', 956);
insert into password_comprador (password_comprador_id, password, comprador_id) values (957, 'EzZ28z', 957);
insert into password_comprador (password_comprador_id, password, comprador_id) values (958, 'OPG63Eq', 958);
insert into password_comprador (password_comprador_id, password, comprador_id) values (959, 'lH2Uj7sDcY', 959);
insert into password_comprador (password_comprador_id, password, comprador_id) values (960, 'rqQv5c9b086H', 960);
insert into password_comprador (password_comprador_id, password, comprador_id) values (961, 'wymWJpNZ48', 961);
insert into password_comprador (password_comprador_id, password, comprador_id) values (962, 'wc0ECAfPosD', 962);
insert into password_comprador (password_comprador_id, password, comprador_id) values (963, 'fatl0jWeK0p', 963);
insert into password_comprador (password_comprador_id, password, comprador_id) values (964, 'a4UJNmNO', 964);
insert into password_comprador (password_comprador_id, password, comprador_id) values (965, 'WfStEdmwSkf', 965);
insert into password_comprador (password_comprador_id, password, comprador_id) values (966, 'PnBfns5bdw3', 966);
insert into password_comprador (password_comprador_id, password, comprador_id) values (967, 'qeGHA6dR', 967);
insert into password_comprador (password_comprador_id, password, comprador_id) values (968, 'Bep9tb', 968);
insert into password_comprador (password_comprador_id, password, comprador_id) values (969, 'JWZDIcoCIBb', 969);
insert into password_comprador (password_comprador_id, password, comprador_id) values (970, '14VgzAuteC4', 970);
insert into password_comprador (password_comprador_id, password, comprador_id) values (971, 'Drgt6k', 971);
insert into password_comprador (password_comprador_id, password, comprador_id) values (972, 'UrAcWktuAvYp', 972);
insert into password_comprador (password_comprador_id, password, comprador_id) values (973, 'CMHGat0u', 973);
insert into password_comprador (password_comprador_id, password, comprador_id) values (974, 'e24UiJim4HUe', 974);
insert into password_comprador (password_comprador_id, password, comprador_id) values (975, 'v7dYlc9y9yU', 975);
insert into password_comprador (password_comprador_id, password, comprador_id) values (976, 'I4Huc56', 976);
insert into password_comprador (password_comprador_id, password, comprador_id) values (977, '1CGqiejJYCA6', 977);
insert into password_comprador (password_comprador_id, password, comprador_id) values (978, 'TXvoIz1PEsS', 978);
insert into password_comprador (password_comprador_id, password, comprador_id) values (979, 'leRB4Dxx4', 979);
insert into password_comprador (password_comprador_id, password, comprador_id) values (980, 'VPOTKrnZuMim', 980);
insert into password_comprador (password_comprador_id, password, comprador_id) values (981, 'd7SY519EpS', 981);
insert into password_comprador (password_comprador_id, password, comprador_id) values (982, 'QTedLv3Fmp', 982);
insert into password_comprador (password_comprador_id, password, comprador_id) values (983, 'Uzrgmw', 983);
insert into password_comprador (password_comprador_id, password, comprador_id) values (984, '7PNOmTJi', 984);
insert into password_comprador (password_comprador_id, password, comprador_id) values (985, 'hfyPbx4Mu', 985);
insert into password_comprador (password_comprador_id, password, comprador_id) values (986, 'T49x39z', 986);
insert into password_comprador (password_comprador_id, password, comprador_id) values (987, '0zGfBZ95cy', 987);
insert into password_comprador (password_comprador_id, password, comprador_id) values (988, 'jATs9TBPoW', 988);
insert into password_comprador (password_comprador_id, password, comprador_id) values (989, 'XbReR3', 989);
insert into password_comprador (password_comprador_id, password, comprador_id) values (990, 'JJmeB2dYTI0Q', 990);
insert into password_comprador (password_comprador_id, password, comprador_id) values (991, 'jPxYURs', 991);
insert into password_comprador (password_comprador_id, password, comprador_id) values (992, 'gKeQaR2N', 992);
insert into password_comprador (password_comprador_id, password, comprador_id) values (993, 'Apt84MhWp7C2', 993);
insert into password_comprador (password_comprador_id, password, comprador_id) values (994, 'v22h4UYSp', 994);
insert into password_comprador (password_comprador_id, password, comprador_id) values (995, 'E7zkBCG', 995);
insert into password_comprador (password_comprador_id, password, comprador_id) values (996, 'Qw2zoTyK', 996);
insert into password_comprador (password_comprador_id, password, comprador_id) values (997, 'yA41o6Omv', 997);
insert into password_comprador (password_comprador_id, password, comprador_id) values (998, 'w2CpYmBfn', 998);
insert into password_comprador (password_comprador_id, password, comprador_id) values (999, 'uSr8JbRU', 999);
insert into password_comprador (password_comprador_id, password, comprador_id) values (1000, 'tnB55HK', 1000);
